8
1 500 1000 200 42 777 13 99
-1.258850
8.016356
3.429016
-0.611682
-0.611030
-0.945269
-0.610707
3.190762
-0.708272
1.038386
-0.839956
-0.387876
8.716864
4.389715
8.261018
-0.688819
1.293521
-0.738450
3.173228
0.631804
0.150335
1.665896
1.206423
-1.599527
-0.252719
1.543816
3.490423
2.261429
-0.612334
-0.612992
-0.237275
1.829707
-0.609724
-3.819979
-0.489060
0.616967
-0.171151
0.806961
0.464777
-0.549669
-0.145561
-0.454645
-0.395922
0.059545
-0.642784
-0.107511
0.692434
0.302427
-0.152561
0.453396
-0.513577
-0.037686
0.534082
2.479185
0.095034
0.014546
-1.361206
-0.281942
-0.432577
-1.254394
-0.410837
-0.888308
-0.237019
-0.610707
-0.088356
2.014117
0.032998
0.310988
-0.415614
2.191060
2.322814
0.856188
0.919017
1.138071
-1.047090
-0.358842
1.789679
1.506049
0.029310
0.968645
0.383873
-0.611682
-0.009172
2.043393
-2.049740
1.160413
-0.551339
1.287850
-0.251353
3.272020
1.381734
-0.612007
-0.612660
-0.611682
-2.245959
-0.612334
-1.190382
-0.236642
-0.609074
-0.612334
-0.236767
-0.612660
-0.610376
-0.482702
-0.611356
-0.611356
-0.611682
-0.611356
-0.547790
-0.611356
-0.237152
-0.236266
-0.612334
-0.611030
-0.611682
-0.236266
-0.610707
-0.610707
-0.611356
-0.610707
-0.613638
-0.611030
-0.610052
-0.237398
-0.611356
-0.236137
-0.610052
-0.252293
-2.131060
-0.609403
-0.609724
-0.611356
-0.610376
-0.236642
-0.236517
-0.945269
-0.611030
-0.611356
-0.610707
-0.612007
-0.236642
-0.610707
-0.612992
-0.610707
-0.610707
-0.612334
-0.610052
-0.610052
-0.609724
-0.236517
-0.944766
-0.612007
-0.611356
-0.611682
-0.611682
-0.612007
-0.612334
-0.612007
-0.610376
0.008173
-0.610052
-0.612007
-0.613315
-0.610707
-0.609724
-0.610707
-0.610376
-0.610707
-0.610376
-0.613960
-0.611356
-0.611030
-0.236642
-0.236390
-0.611682
-0.612334
-0.612660
-0.611356
-0.611030
-0.610376
-0.611356
-0.236266
-0.611356
-0.612007
-0.236642
-0.236642
-0.609403
-0.608751
-0.610707
-0.611682
-0.611682
-0.611682
-0.236266
-0.611682
-0.612992
-0.610052
-0.611030
-0.612007
-0.610707
2.262243
-0.611356
-0.612660
-0.611356
-0.611030
-0.612007
-0.611682
-0.611030
-0.610376
-0.236517
-0.611030
-0.611682
-0.237152
-0.611682
-0.611030
-0.610707
-0.611030
-0.611682
-0.611356
-0.609724
-0.611030
-0.611030
0.509820
-0.611356
-0.612007
-0.611682
-0.413086
-0.611356
-0.612660
-0.610052
-0.611682
-0.610376
-1.210596
-1.003066
-1.635812
-1.902608
-0.610052
-0.609724
-0.610052
-0.610707
-0.237019
-0.611030
-0.883390
-0.236894
-0.947287
-0.610707
-0.609403
-0.611030
-0.611030
-0.611030
-0.612660
-0.609724
-0.611356
-0.611682
-0.236642
-0.236894
-1.324403
-1.268674
0.118480
-1.189731
0.195869
1.179341
-0.872599
0.404003
0.930360
0.120947
9.033315
4.427764
-0.019815
0.839991
0.046566
0.876211
1.488328
-1.070091
-0.555188
1.483364
-0.261785
-2.109069
-0.713115
2.433148
2.102710
-0.279309
-0.451102
1.738705
1.328840
0.144507
2.402700
1.254173
0.331556
0.563051
3.015152
-0.325697
-1.006253
0.647036
0.745291
1.291907
-0.811552
0.823249
-0.249269
-0.787561
-1.705181
2.285468
-0.868871
0.871648
0.504584
2.959555
-0.417815
-0.442145
1.212832
0.659993
0.830077
-1.435340
1.830484
0.774608
2.297865
1.446925
1.737429
-1.279862
4.125285
-0.529126
1.895183
-0.778092
0.509102
0.303111
-0.880819
-0.592335
-0.427856
0.844624
0.932687
0.430201
1.973299
0.142520
0.595310
-1.017622
-0.760662
0.748582
1.700774
-0.586509
2.354170
2.322098
1.141985
-2.872528
1.925506
-0.698596
-0.629792
4.696644
-2.633093
3.371486
-0.149671
4.770448
1.073520
-0.984161
2.883341
0.507233
2.675613
5.502692
-0.025255
-1.117993
0.057420
1.012982
4.187419
-0.430174
4.077018
0.110889
0.932272
1.049517
-0.068470
-0.398423
-0.681950
-2.368592
1.931463
4.268035
0.027451
-0.155416
-0.612007
-1.455569
0.184306
1.999103
-0.611030
-0.237152
-0.610707
-0.612334
-0.611030
-3.196442
0.309024
0.629047
0.128829
0.724085
-0.442037
-1.757988
0.547998
-0.462382
-2.972543
-0.875326
3.708204
0.105527
3.425929
1.311261
2.063111
1.646873
0.253025
2.638710
-0.854666
-0.655829
0.989086
3.111258
0.108122
0.354928
0.860130
2.848061
-0.565455
-1.560020
-2.215347
-1.152551
2.548748
-0.633753
-0.212188
3.613418
0.351377
-0.610707
0.894645
2.715788
-1.727412
2.004177
-0.062254
1.119429
-0.239690
8.139786
-2.722859
-0.410439
0.888931
1.131115
0.181444
1.999418
1.323662
1.032795
-0.611356
1.154988
0.871833
8.907567
-0.839047
0.155798
4.056084
0.379071
5.495843
-1.733471
-1.772722
-0.610376
-0.585265
-0.892709
0.239016
-0.107937
-1.353301
1.988182
2.056031
1.890232
0.332742
3.358861
0.089384
1.550147
-1.803819
-1.017387
-0.387876
-1.202862
-0.363449
2.176722
-3.423042
-0.641380
-1.629562
-1.179420
0.277538
-1.420147
-0.029626
-0.555383
-0.409843
0.361036
0.754740
2.003556
-0.496210
-0.609724
2.194821
2.388448
0.205495
1.997683
0.627549
1.365125
1.800634
-0.921359
-1.738374
0.649797
0.989873
0.009906
3.679578
0.146476
-0.879115
4.213492
0.901989
0.393728
1.542963
0.865374
0.621000
1.694712
-0.963774
-1.179156
-0.116813
4.259788
0.613989
1.273900
2.596172
-2.382944
0.048703
-0.610052
-1.654852
-0.901760
-0.914740
1.857188
2.038291
0.017557
2.883517
-0.899659
-1.544659
1.799217
0.269037
1.174785
-0.439559
2.962376
2.101096
-0.685550
0.025255
0.179657
1.631527
-1.585282
2.436726
-0.330522
0.041462
2.173810
0.084991
-0.040706
-0.239488
-1.327664
2.498361
1.296621
2.222518
-0.610707
0.700606
1.209056
-0.633794
-0.765904
-0.327924
-0.493154
-0.807510
-0.218908
-0.318702
1.828818
-0.611356
-1.633852
-0.624217
-0.656702
-0.069951
1.339609
-0.385408
0.808136
7.675241
0.793432
-1.095370
-1.136560
3.440124
1.558779
-2.011903
1.043160
-1.340939
1.662555
-1.486745
2.558915
0.665819
-0.093248
0.886984
-0.220606
-0.989513
-2.921967
-0.402732
5.913678
-0.569462
2.644509
-0.981687
2.275166
-0.071064
1.191867
1.008543
0.308713
1.427665
1.870943
2.709920
1.204413
0.825963
-0.614879
-1.545625
0.508431
2.081490
-1.147056
2.839641
-0.335943
0.661052
-0.164138
0.793198
0.692609
-0.372352
0.253889
1.647220
-0.737252
-0.409935
-1.244573
2.782269
2.493310
0.359264
-1.380407
-1.007857
-0.481750
-0.367395
-0.371686
2.247778
-0.399641
3.131994
1.261148
2.342651
-0.236767
1.884066
-0.821580
-1.285931
-0.267469
0.823153
-0.541216
-0.609074
2.088099
1.386120
-1.669243
2.023122
-0.832015
-1.341628
-1.382848
0.745115
1.181884
1.268435
1.789905
0.831885
-0.623902
-0.266692
2.471370
-1.198406
0.882777
-1.572681
0.810852
-0.482489
1.688403
-2.463366
1.454658
3.252221
1.629245
0.002870
2.083112
-0.449012
1.302055
0.248996
-0.501602
0.264487
1.578156
-0.611030
0.749433
-0.275444
-1.106795
1.062069
0.637140
-0.045165
-2.199967
3.781728
0.239073
0.218460
-0.608529
1.770262
5.205298
1.117715
1.545532
-0.728067
0.528317
1.473795
0.478966
-0.824732
0.581435
-0.910694
-1.377618
-2.076977
0.437845
0.557578
-0.695786
1.818840
0.031572
0.711245
-0.690694
-0.541685
1.210951
-0.610707
-2.073411
3.262094
-1.583155
-0.715338
-2.907144
-0.705724
-0.611682
2.758848
-1.161478
-0.127146
-0.611356
1.468471
1.934914
0.637164
-0.611682
0.185924
1.383203
-0.379769
1.686759
1.519441
0.259476
0.548673
3.056783
0.674001
0.225101
-0.722786
0.192348
-0.234712
-0.945901
-1.949456
0.399982
-0.197145
-0.685235
-0.610707
0.009505
1.482405
-1.383528
0.701960
1.834949
0.904429
-1.693371
-1.977518
1.119217
4.027387
0.115568
3.136349
0.184317
2.829602
1.184786
-1.421990
-1.988988
1.309137
2.240223
1.733892
0.979785
-0.610376
-1.162279
0.484339
2.498777
1.454909
1.698873
-0.612902
-1.033184
-1.440398
-0.467028
-0.611356
-0.345861
2.052646
0.673252
-0.304430
1.438852
2.060557
2.323093
3.291973
1.462871
4.280415
-0.274262
3.182088
-0.567281
-1.665619
0.606795
-0.281050
1.313753
-0.611030
-0.615336
2.739628
-1.552486
0.238417
-0.458855
-1.614175
-3.515218
2.391906
0.828144
2.037914
-1.128678
-2.230985
-0.948468
1.778790
-2.271742
-1.850973
-1.214077
1.909523
-1.814880
0.649576
1.722176
-0.404545
-0.674583
-2.728247
-0.877078
-1.058897
0.595469
-0.119766
-0.892653
2.483024
2.633006
-1.510582
-0.352085
0.467056
-2.053772
-1.379096
1.797155
1.999102
-0.610052
-1.671147
-0.411063
1.267399
0.124408
-0.610376
-2.003776
-1.376924
-1.443148
-0.035802
-1.249292
0.688297
-0.084638
0.812921
2.765075
-0.488880
-1.176418
-0.363786
-2.993799
-0.711082
-0.332788
0.581433
1.225616
-0.284574
-2.313755
2.369682
-0.328878
2.440787
0.705180
-0.184568
3.601928
-0.475323
-1.399377
-0.557009
0.737581
-0.962772
-0.961020
-0.122545
0.197206
-1.160917
-1.212675
-0.707756
-1.445388
0.566333
-2.159394
0.680555
-0.839230
2.480401
-0.706836
-0.437606
-0.611030
-0.013343
-0.031431
2.020973
0.385116
-0.611356
3.677541
-0.610376
-0.795923
-0.611030
-0.868571
1.288605
-3.903618
-0.710639
0.178236
1.046212
0.438628
-2.289039
-0.747883
-0.383822
0.501599
0.390216
1.119595
-0.968549
-0.237152
1.307401
-1.990211
2.113600
0.924603
0.480916
-0.923578
-1.818257
2.339173
-0.961459
-0.116678
0.085087
0.936746
-0.720187
0.237575
-0.709149
-0.610376
-0.840340
3.622746
0.320352
-0.540687
-1.296011
-0.887413
-0.593059
-0.610707
-1.438904
-1.047998
-0.252201
-0.655055
0.849778
-1.338040
0.044471
-1.410507
-0.605469
-0.775906
0.224101
-0.185003
0.730289
1.487336
-1.176855
-2.440520
0.254421
-0.452497
-0.862511
-0.611682
-1.383972
0.590404
-0.612992
2.837324
-1.309201
-0.764102
-0.968492
-1.928786
1.846127
1.004364
0.329582
2.274446
-1.480243
1.394570
0.099614
-0.850001
-1.048229
-1.447822
-0.632866
-0.306152
-2.515211
-1.176604
2.821792
-1.390963
1.122630
-1.275432
-0.236642
-1.839677
-3.181244
-2.187408
0.236602
-1.151450
1.200020
4.320422
-0.652063
-0.610376
0.057332
-1.023861
-1.217245
-0.609743
-0.612334
-1.111205
-0.610376
2.126837
-0.350105
-1.118094
-2.861445
-2.511719
-1.946488
2.851869
-0.862643
0.399569
-0.088939
0.777577
-2.297628
0.972021
-0.242558
3.255820
1.974798
-0.610707
-0.477652
-1.546646
-0.948943
0.628194
-1.933293
2.195182
-0.368873
-1.553687
0.138525
-0.611356
2.328406
-0.501869
-1.433224
0.267778
0.855603
-3.043964
0.535319
-0.912326
1.146750
2.463795
-1.334916
-2.821450
-1.382783
2.501677
-0.369832
1.553648
2.838951
2.108894
-0.612007
1.445152
-0.013617
-1.200016
1.318484
1.581709
1.676189
-0.363761
0.855116
-0.042515
0.356941
-0.611682
0.371816
-0.585511
-0.210209
0.945582
0.164425
-0.927581
-1.125011
-0.897976
-1.289772
0.032387
-0.610707
0.981705
1.763737
0.927779
-1.187020
0.380018
0.809917
0.826411
-1.500713
-0.485204
-1.332244
-1.909882
1.581649
0.040705
0.611266
-0.237734
0.384977
1.142555
0.002608
-3.184489
0.628759
-3.158300
-0.692464
-2.397078
-0.465307
0.824644
1.147085
-1.570820
-0.611682
-0.319191
1.739757
-0.560816
-0.051993
-0.236390
-0.853631
-1.815765
0.447090
-3.000201
0.547472
1.558282
-0.049597
-2.927313
-4.045280
-0.236137
0.321915
-1.895981
0.150135
1.510470
-2.758412
1.130493
-0.912421
-0.716421
-0.699832
-1.559712
-0.404282
0.954996
1.990251
0.594182
-1.813732
0.459279
-0.936509
1.753338
4.820097
1.108254
-0.601060
2.374357
0.622040
-0.320659
-3.001418
0.484446
-0.686630
-2.080823
2.437489
-1.546390
0.214464
1.113581
-0.480624
0.744710
-0.398493
-0.822111
-0.610376
-0.033342
-0.260273
0.448066
-1.344427
4.655729
0.488710
-1.512063
0.420896
0.831145
1.739233
-0.811148
-0.610376
-0.611030
-0.043727
-0.414663
0.540113
-0.331928
-0.664352
-1.417749
-3.592016
-0.518868
0.128942
-0.421173
0.055173
-0.166044
-0.609724
2.581471
-2.293991
-0.941333
-0.612334
0.720045
-3.398809
0.774918
-2.746199
-2.289163
-0.528459
-2.517122
0.476310
-1.897608
-1.911213
-1.143495
-1.795263
1.379357
0.531417
0.258046
-1.553843
0.474549
1.382993
-0.411967
0.002779
0.221844
-0.152970
0.387787
-1.242080
-0.236266
-1.658702
0.153687
-0.128197
-0.856751
1.977985
2.103835
1.025980
0.072334
0.059382
-0.610974
-0.776693
-2.417952
-0.611356
-1.259267
-0.903908
-1.825838
-0.236894
-0.636014
-3.371579
-0.682885
-2.063598
1.249116
0.226060
0.064323
0.761832
-0.701834
-2.851588
-1.029874
0.423508
-1.217378
3.066409
0.070646
-0.810105
-1.542351
-0.031158
1.067294
-0.070418
-0.090432
5.099854
-0.206206
-0.835564
1.028957
1.801760
-0.611356
-0.045241
1.596933
0.251526
1.067825
0.882945
1.093860
-0.703658
-3.351265
0.399072
1.206005
-1.580087
0.817312
-0.880239
-1.008271
1.239828
-2.867977
0.378068
-0.328570
-1.156849
-1.187763
-0.434666
-0.552264
0.668099
-0.407683
-1.553073
-1.920471
-0.611356
-1.302932
-0.909494
-0.659024
2.495993
-0.523201
0.314995
0.087456
-0.939820
-0.610376
-0.183848
0.605836
0.329781
-0.288228
1.264843
0.267289
1.081364
-3.159961
1.416020
-0.611356
-2.329298
2.361239
-0.612007
-0.416870
2.300489
0.203428
0.302392
-2.572328
-1.596279
-2.068382
-0.611682
0.472717
0.875427
-0.485053
-0.608751
0.112843
1.337699
0.700239
1.432098
1.408071
-2.721569
-1.215265
-0.851334
-0.027736
2.159422
-0.211540
0.487101
-0.380641
0.301197
0.562578
-1.674766
-1.625681
-2.363169
-0.018221
0.689717
-0.463894
-0.802243
-0.938709
-0.920734
0.225359
1.303438
0.779834
0.168182
-2.075775
-1.257161
-0.421391
1.209997
-0.085211
0.915537
0.256392
0.262063
-1.035676
0.765481
0.783500
2.495144
-1.082536
-0.506934
-0.273406
0.207178
-2.003151
-1.554883
-2.292769
-1.493921
-1.055297
0.580166
-0.566796
-0.246816
0.468063
-2.069003
-0.353493
1.574969
-1.372587
-1.351966
-0.088932
-1.357750
-3.505617
0.763357
0.008100
-0.457672
1.558362
-0.863495
-1.173036
-0.195678
2.388366
-1.489480
-3.397983
1.283021
0.939916
-1.137422
1.055996
-0.738523
-0.204376
1.496533
-1.354725
-0.610376
0.963406
-0.875043
0.000286
-1.904897
0.597877
0.649844
-3.301174
-2.239750
0.852492
-0.236517
-1.395995
2.797542
-1.163028
0.449034
0.197090
-0.726444
-2.675716
-2.205561
-0.275187
-3.822556
-0.192780
2.193026
-4.477547
-3.708252
-0.021692
-2.340133
0.256390
1.536327
-0.554062
0.020122
-0.203779
-1.627636
-1.604374
-1.034407
-1.855321
0.031558
0.262222
0.590416
1.709193
-0.128980
0.776544
0.581930
2.699333
-1.631571
-0.051152
-0.000006
2.150504
-0.611356
4.316227
1.305798
-1.748841
-0.532108
1.129146
-2.813380
0.150745
-0.854621
-1.967003
2.252089
0.289508
-0.577441
-0.610707
-1.022131
-1.877947
5.737271
-0.411476
-0.613315
0.584086
-0.410166
-1.551389
0.007734
-0.611030
1.521901
-1.045249
0.378695
-3.812186
-0.201188
-1.552168
0.296487
0.037447
-1.291473
0.826227
-0.262807
-0.218628
-1.456833
0.258108
-0.578902
-0.835077
-0.917786
0.652401
-1.151715
-0.610707
0.969138
1.208252
-0.740018
-2.196470
-0.153967
-0.944752
-1.167229
-0.501328
-0.362384
-1.276281
0.948752
-3.751097
0.202439
2.892773
-0.468134
-0.883816
0.654922
-0.198561
1.932102
-1.877360
-1.737671
-2.321397
-0.611682
-0.960535
-0.611030
0.803729
-2.175323
-0.058954
1.577690
-1.471393
-0.592431
-1.945267
1.059571
-3.402164
-2.420180
0.160934
0.981009
-2.131107
-0.871475
-0.065723
-3.145743
-0.505861
1.596922
-1.712426
-2.602233
0.688129
-1.898115
-0.356226
-0.611356
1.369319
0.262275
-1.298076
0.046521
-1.267982
0.796552
-0.929549
-1.191436
-0.604960
-0.609074
0.719599
-0.327256
0.412383
2.391996
-0.129033
-0.639926
-1.266252
1.014417
0.663892
-0.791589
-2.667938
0.684386
-0.001101
-0.612007
-1.285758
0.203095
-2.453134
-0.046158
0.464475
1.013348
-1.749522
5.131618
-0.233618
-2.902314
1.979566
-2.395653
-1.713702
1.089446
-0.206527
-1.428560
-0.282099
-1.263355
0.836141
0.767374
-0.929105
-0.265989
0.026987
-0.604248
1.524245
1.494954
1.280305
-0.527516
1.162325
1.982520
-0.594367
0.008133
-1.387906
-0.501602
-2.279694
0.567876
-1.388990
-0.211736
-2.081652
-0.643794
-1.025010
0.197437
1.653043
0.366928
3.923201
1.627968
0.985337
-1.117903
-0.927964
0.119019
0.942072
-1.840912
1.410873
-0.902824
-1.306168
-0.865407
1.841784
-3.201574
-1.752979
-0.640405
-1.108196
2.733229
-0.393727
1.665065
-1.702946
-0.155287
0.024580
-0.613187
-0.461081
0.776771
-1.727176
-1.102391
-3.886845
-4.043339
-0.610376
3.133261
0.996934
-0.079212
-1.977338
-1.003314
0.192252
0.322166
1.577395
1.254622
-1.424960
-0.330918
-0.612992
1.160026
0.774321
0.077989
2.199848
0.700089
0.228398
-0.078666
-0.964732
-0.611356
-2.714111
-0.569406
-0.920148
-2.013680
0.763561
-1.709518
-1.964375
1.573534
-2.885014
-2.148986
-2.022861
-2.085808
-1.028021
-3.958126
-0.330794
0.299774
0.142828
-0.284584
1.399811
-1.600656
1.053939
-2.252714
-0.338190
0.253709
-0.251712
1.048920
-0.403646
0.093590
-0.372694
-0.331674
1.279755
-1.746005
1.399869
-1.236822
-0.390370
-0.610707
-0.717012
-1.504032
-0.164869
-0.700531
-0.288211
-0.429436
-0.693161
-3.027910
-1.200514
-2.300970
-0.837609
-1.890605
2.198423
1.233790
-2.653759
1.128228
-0.236894
-0.942827
3.041426
-1.659944
-2.437807
0.765998
1.545781
1.109001
-0.115601
0.364706
0.996278
-2.695178
-0.713629
-0.324614
-0.167472
1.562373
-0.923519
3.663614
0.136898
0.096072
1.918429
-0.569406
2.194930
-1.368496
1.409678
-1.644025
-0.348551
3.165146
1.823167
0.655669
-0.035030
-0.814538
-1.085680
-0.710739
2.086668
-1.015993
-2.774647
-1.059417
-1.136500
0.463509
0.825042
-0.612334
-0.604575
-2.352099
-0.609403
-0.288324
-0.611682
-1.117504
0.983108
-0.657280
1.074046
2.188324
-0.408692
3.003730
-3.403827
0.830698
-1.952841
1.423865
-0.420457
-0.777450
-0.567632
1.010060
1.639488
0.254969
-1.491615
1.671567
-0.430747
1.374146
0.904253
1.288431
-1.695716
3.261931
-1.574455
3.164223
-0.869813
-2.196059
-0.323345
-2.111020
-1.972126
-2.408401
1.151614
0.119263
-0.834453
-0.835425
-0.555288
0.668758
-0.567581
-1.151902
0.411712
0.836662
-1.557106
-1.184936
-1.731198
-1.329685
0.799350
-1.496867
-0.121799
1.852845
-0.648143
-0.801458
-1.269578
0.960859
-1.657010
1.597013
-1.896071
2.399381
-0.236390
-0.236517
0.760065
-1.018708
0.708565
-0.070049
-1.592932
-0.752433
-0.770759
1.073423
-0.529980
1.660476
-0.650003
-1.283704
0.017994
-1.809941
-0.283244
-0.610707
-0.754323
1.224212
-0.575874
-0.610707
0.510442
1.774273
-2.197957
2.159463
0.346273
-0.006087
-0.646626
-0.612334
-1.374884
0.005916
-0.783434
-0.610376
0.383227
1.227630
1.358988
-2.289368
0.562637
-1.327963
-1.455834
-1.663491
-0.720413
0.866947
-0.406339
-1.024027
1.523876
1.245415
1.564091
-0.593873
-1.445629
-1.955826
-1.387627
0.697304
-0.963148
0.615814
1.637093
-1.254394
-1.378277
-1.724371
0.857012
0.802997
-1.049485
-1.763399
-0.236642
-1.340332
0.169048
-0.611682
1.586797
-0.175188
0.459322
0.898733
-1.727329
1.460652
-0.873286
-0.678952
0.993083
-0.049191
-1.150973
-2.146913
-1.014778
-0.612007
0.296249
-0.610707
0.019491
-1.639788
-0.409261
-2.138167
1.829601
-1.976082
-0.440041
-0.568434
-1.722013
0.941262
-1.492301
1.521798
-0.386815
0.174203
-0.612007
1.317502
-0.751925
3.088069
-0.585142
-2.122082
-0.611356
-1.750607
-0.411508
-2.073864
0.735385
-1.339400
1.859237
-2.029375
0.163007
0.853283
-1.544312
-0.224006
0.396721
1.034041
-0.162374
-0.409612
-1.582176
-1.733897
-0.783291
-1.525648
-1.248587
-1.094967
-0.451756
-0.975254
-0.610052
-0.612660
0.290628
2.114664
-0.205981
0.446602
-0.118432
-0.610376
-0.970866
-0.184901
-2.993634
-0.283316
-2.460226
1.157879
-1.556131
-0.614232
-2.040890
-0.739014
-1.441274
-1.552121
1.829439
-1.867640
0.056810
-2.555664
1.400192
0.238146
-1.199513
-0.898268
-0.017391
2.907450
1.484843
0.418709
-0.289342
0.899102
-0.113072
-2.198301
-1.002889
-2.393292
-1.596905
-0.241364
1.142203
-0.707526
-0.135300
-0.036371
-0.757343
-0.446220
-0.355984
-1.930376
-0.289817
-0.515356
-0.769017
-2.711601
-0.918367
1.193403
-0.610376
0.056175
0.431009
-1.408836
-2.099539
-0.611356
-0.490643
1.544916
1.321102
-2.801743
-0.642893
1.364625
-0.291275
1.184152
-0.410386
-0.668951
0.209165
-0.611682
-0.914597
-0.100053
-1.830059
-0.400810
-1.771849
1.605995
-0.226252
0.588152
-1.716362
-2.559045
-1.035386
1.446051
-0.168059
-0.406339
1.223126
-1.180586
-2.942048
0.453660
-0.612007
-0.610052
-0.329804
2.615041
-0.189591
-0.990098
-1.789167
-0.864277
-1.679870
-0.168694
-0.611356
-0.619858
-0.703389
-0.705535
-0.493004
-2.536988
0.328661
-1.367249
-0.237019
0.111373
-1.923111
-0.514854
-0.266207
-1.435675
0.075077
0.524902
-2.306032
-0.609074
-1.570896
2.414012
-0.713280
1.912984
-0.411508
-0.386524
3.589696
-0.687112
-1.020750
-1.730093
0.564378
-0.045920
-1.334435
-1.283403
0.103766
-0.118317
-1.225127
-2.717282
-0.611682
-2.079993
-0.414604
-1.840926
-1.560529
0.183948
-0.114578
-3.484270
-0.837386
-0.265754
0.498274
2.130513
-0.177336
-0.560901
0.514020
0.081895
-0.609724
0.101238
-4.773196
-1.912324
1.436131
1.503446
-0.236894
0.449243
-1.889545
-0.294244
0.468902
-4.663424
-0.779865
-0.611682
0.255551
-2.073446
-0.236517
-2.713756
-1.671549
-0.609403
-2.058699
-1.568397
0.008099
-1.209898
0.001586
-0.717580
-2.131004
-3.578050
0.251128
-2.095297
-1.720187
-1.197841
-1.546265
0.124705
-0.113121
-0.076742
0.899349
-2.763757
2.080170
-0.277583
-1.431585
-2.602780
-0.444868
-1.916568
1.153120
0.108969
-0.236011
-1.553400
-2.303043
-0.449117
-1.322369
-0.692627
1.264389
-1.750948
-0.610707
-2.227199
-0.490717
0.515727
0.365338
0.764278
0.710895
-0.281334
-0.714875
-2.310945
-1.566459
2.462010
-0.182208
0.490421
-0.008987
-0.987494
-0.612007
-0.237275
-1.990272
0.877542
0.913022
0.971186
1.314581
-1.244634
0.002870
2.086514
-0.974143
0.258351
0.602934
-2.007459
1.199200
-1.239097
-0.828058
-1.628871
-0.236517
-0.034235
-0.222782
-0.236137
-3.105483
-0.609074
-3.832034
-2.156475
-0.550169
0.109652
-3.491050
-0.322256
-0.611356
-1.208143
-1.452347
-0.219546
-1.211228
0.084122
-3.542555
0.626138
0.015650
0.729510
-0.479104
-2.067810
-0.612660
-0.502410
1.249849
-0.407236
1.645658
-1.280079
2.208088
-0.890299
3.659097
-2.155897
-0.690248
-0.654053
-0.612334
-0.612334
-0.045589
-1.348827
-1.186376
1.464570
0.346083
0.046654
-0.612427
-1.730282
-0.434301
0.124438
-0.945641
0.292670
-0.414840
-2.429188
0.637789
0.105516
0.036377
-1.666534
-1.590926
-0.497108
-1.436931
-0.406420
-0.811556
-1.942310
-2.359819
-1.057112
-1.306851
-0.696973
-0.610707
-0.611356
-1.917818
-0.236642
1.062768
0.830273
0.608485
3.640763
1.811655
-1.745575
-0.739279
-0.203257
-1.398984
-2.863398
0.700193
0.344268
-1.895698
-0.367166
-1.464960
1.750081
-0.539910
1.466459
0.450961
-0.538890
-2.238579
-1.842184
-1.272664
0.929528
-0.704702
-0.611356
-1.567482
0.797100
-0.409486
0.813656
-0.887574
-1.322102
-0.786299
-2.892287
0.257373
0.937021
0.248074
1.361593
-0.777287
-0.610707
0.149532
-1.575692
0.687924
0.171243
0.302504
-1.372896
0.541857
0.246728
1.146686
-0.870425
-1.140443
-2.320721
1.177437
-2.062736
0.565884
-0.314899
-0.236517
-1.489128
-0.445940
-0.612615
-0.174719
0.741488
-0.393954
-0.449359
0.901827
-0.760713
-1.966338
-0.612007
0.560846
-1.015298
0.643242
-0.611030
-0.611356
-0.863714
-0.236137
-0.519770
-0.729355
-0.611682
-0.797102
1.111289
-0.171564
-1.263487
1.312132
-0.493804
-1.245333
-1.047192
0.406086
1.479259
-0.609724
-1.155569
-1.468060
-1.723050
-1.159844
-1.701256
-2.955322
0.545673
-0.610376
-2.566725
-0.611030
2.566743
-3.792343
-0.699137
-0.612334
-1.678590
-0.609403
0.637979
-0.992642
-0.881382
1.811647
1.189316
-0.466747
-1.260783
1.244111
-0.820067
-2.305761
0.783505
-1.467017
-0.945720
-1.289982
-1.875834
-0.147719
-0.424444
0.410671
-0.214926
0.136395
-0.007243
-3.420332
0.192996
-0.955610
0.799213
0.252743
-1.634918
-1.052817
-0.762876
-0.610376
2.908774
-0.766731
3.499542
-2.082000
0.527162
-0.663614
0.842370
-0.496414
1.781778
-0.312870
-0.367373
-0.422877
-0.582938
-0.885851
-1.218623
1.091235
0.246672
-2.579063
-1.918266
0.104905
0.853784
0.204678
-1.764341
-2.204371
-1.527798
0.255405
0.079498
-2.177629
-1.716139
0.526633
0.799453
-1.358014
-1.292993
0.257932
-3.593959
-0.611030
2.279402
-1.313776
-1.989741
-0.502670
-0.270709
-1.667216
-2.065979
0.572063
-0.410616
-1.188034
-1.595821
-0.898755
-2.128449
-1.023703
-0.923457
0.933339
-0.522434
-0.610707
0.816014
-0.303581
2.763787
-0.611682
1.212886
1.274544
-2.226821
-2.012845
-0.912817
-2.204897
-1.838910
-3.402851
-1.194167
-1.544895
1.912638
-3.225201
-0.612660
-0.412366
-0.612007
-1.820971
-0.737355
0.312135
-0.026607
-2.408002
0.138880
-3.423506
-2.113521
-0.605910
0.077303
-1.535695
-1.351741
-1.162870
-0.236767
-0.609403
0.212996
-0.408141
0.030194
0.259839
-0.144096
-3.490578
0.734185
-0.882901
-0.388378
-0.586792
2.622858
-0.808969
0.633927
1.224994
-1.247607
-0.611030
-0.236642
-0.390187
-0.474303
-2.596741
-3.149272
-0.165100
-0.866886
-1.713551
-0.890110
0.292159
-3.272376
0.814953
-0.609074
-1.413407
-0.795904
-0.759729
0.478253
-2.172987
-1.016684
-1.389087
-0.612007
-0.413989
-2.966313
0.537402
0.764944
0.213724
-0.037794
-0.611356
-0.419612
0.239135
-0.612007
-1.774757
-2.329831
-2.451212
-0.609403
-3.470931
-2.601629
-0.135074
-0.237019
-0.536648
0.731523
-1.323453
-0.612660
0.528964
-3.648877
-1.343918
-0.386751
-0.266513
0.230076
-1.036198
-1.102949
-2.703171
-0.791185
0.424813
-0.611682
-0.040409
0.184751
-2.160003
-0.919164
-0.231670
-1.865881
-0.114878
0.515485
0.036665
-1.504195
-0.254536
-0.236642
-1.035064
-1.617652
-0.611030
-2.088061
0.310821
2.508091
-0.611356
0.016514
-2.843313
-0.540442
1.036438
-0.740303
-0.084221
-0.467512
-1.559538
-0.261636
-1.623759
-0.289508
-1.039718
-1.162200
-1.607451
1.088524
-0.285971
-0.692054
-0.621995
-2.374241
-0.106963
-0.230856
-0.363161
-0.702180
-1.931864
-0.898587
-2.293386
-0.741086
-1.106717
-1.615053
-0.042846
-2.441559
-1.124948
1.435736
0.896977
-0.342501
0.297200
0.075457
-0.613315
-1.778220
-1.537048
-0.281518
-2.932734
0.868367
0.224276
-3.715755
1.972838
0.166324
-0.496729
-0.942973
-0.163219
-0.440900
-2.616863
-2.764186
-1.710225
0.227550
0.808037
-0.303247
-0.412640
-1.228706
-0.236266
0.738501
-0.406109
-3.032760
-1.296024
-3.065162
-0.538047
-0.610052
-1.029115
-1.809617
-0.988561
-0.557204
0.047515
-0.273798
-2.256906
1.910426
-1.092797
-0.549621
-0.431302
-1.268582
-2.428669
-1.089478
-2.154296
-2.166108
-0.158818
-2.159706
-0.612007
-1.342615
-0.855100
-0.236894
1.736797
0.900860
-1.409288
-0.610052
-1.386365
-0.236390
2.395239
-3.150200
-1.873139
-0.050407
-0.612007
-0.435953
-0.019564
-1.247934
0.171588
-1.150787
-3.363127
-0.345859
-2.081201
-0.587550
0.147299
0.442125
-0.040543
-0.106556
0.565066
-0.610707
1.153568
-0.915273
-0.755489
-1.222279
-0.809553
-0.404309
-1.588989
3.326096
-0.319686
-1.124448
-2.691617
-1.511577
-0.647460
-0.389538
-1.608690
-0.611030
-1.802873
-2.773040
-1.075746
0.511292
-0.504330
-0.907870
-2.924478
0.128500
-1.169743
1.892480
-1.743941
-0.248624
-0.339087
-0.390578
-0.612007
0.315917
-0.674129
-1.393597
0.772283
0.256673
-0.418312
0.060476
-1.571821
-2.369147
0.876688
-0.682585
-2.790627
-1.407501
0.047244
-1.823726
-1.999349
-3.041088
0.759542
-0.341468
-2.782694
1.057050
0.649928
-0.885166
-1.378958
-0.610707
-2.772817
0.034214
-1.814165
-0.610052
-2.145763
2.152010
-2.546662
-1.995430
0.872166
1.152285
-0.613315
0.257802
0.291185
0.214447
-1.371011
-0.925514
1.465477
1.942877
-2.010919
-0.264722
-1.173000
-0.687347
0.864353
-0.854533
-1.682984
0.787018
-1.483719
-2.006324
-2.312860
1.310119
-0.665882
-0.457400
-1.704156
0.133324
0.546128
-0.641605
0.527696
-1.460162
0.464046
-2.475833
-2.151438
-1.288681
-0.266671
-2.040768
0.934457
-2.423398
-1.993120
0.203425
-1.522892
-0.168307
-0.686851
-1.886639
-1.669758
-0.611356
-0.175331
0.978791
-1.202752
-0.382915
-1.112814
-1.149672
0.901151
-1.414774
1.651482
-0.614522
-1.244154
-0.612992
-0.610052
-2.083070
0.531620
0.058039
0.055648
-0.571646
-0.441627
-0.887102
-2.132723
-0.841342
-1.722591
0.127300
0.439233
-1.211901
-1.859618
-3.108461
-0.387198
-1.688154
-0.894117
-1.766391
-0.505837
-2.238003
-1.452211
-2.043703
-3.658417
-1.677824
-1.496928
-1.665852
-2.523040
-0.911293
0.787093
0.344911
0.153599
-1.076938
-2.377736
-1.636156
3.254626
-1.139442
-0.896603
-0.912258
-0.534701
-0.608751
-1.545294
-3.067364
-0.225044
0.040197
0.174706
-1.702667
-0.713634
-1.030283
-2.746222
1.813020
0.100081
0.976084
-0.610707
-2.290458
0.873347
-1.175676
-0.197683
-1.071608
-1.594865
-0.275511
-2.037139
-2.178178
0.392780
-0.855583
-0.917738
-0.210347
-0.633864
-0.611030
0.021748
-0.611030
-0.611030
-0.195804
-1.915235
1.631916
-0.461631
-0.774681
-1.353472
-1.295988
-1.447856
-3.294848
-1.096203
-1.570112
-0.470002
0.711719
-0.611356
-0.502137
-3.874419
-0.074860
-2.020568
-1.647284
-2.107947
-1.682535
-2.257693
-1.375410
-1.895285
1.061431
-0.225506
0.555369
-0.160766
-0.064417
-2.756815
-0.966397
-0.610052
-0.612007
-0.876202
-2.129590
0.785489
-0.163410
0.521474
-2.385202
-0.680561
-3.002132
1.425664
0.172173
-0.609724
-1.733657
-0.610376
-0.818905
-2.782672
-1.275643
-0.093183
-1.012507
2.277686
-0.609403
-0.975366
0.495372
-2.994651
-0.755108
-2.111968
0.432227
0.302141
-0.611682
-0.610376
0.607452
-0.611356
-1.073035
-0.038787
-0.217740
-0.358615
-0.613638
-2.404020
-1.307122
-0.141844
-0.158267
1.144887
0.412093
0.414344
-0.724311
-0.612334
-0.137246
-2.312749
-2.057432
-0.962666
-1.911406
-0.168791
-1.137042
-2.030878
-2.290389
-1.818192
0.526491
-1.058798
-1.283926
0.115382
-0.610376
-0.613315
1.182803
-3.453645
-3.421863
-0.610707
-0.675703
-2.617396
-0.817565
1.133889
-0.097834
-1.059842
-0.641720
-1.712924
-2.037499
-1.774741
0.666602
-2.134962
1.666930
0.689457
-0.237398
-3.177918
-2.248932
-1.563660
1.560820
-1.477391
-1.034827
1.163800
-2.609069
-1.564522
-0.631029
-1.587369
-0.611682
0.243381
-0.700143
-1.457789
-4.537892
-0.612992
-0.612007
2.277739
2.804785
-0.141759
-0.972082
-1.474743
1.845760
0.052264
-0.612660
-0.111532
-0.611682
-1.337274
0.089468
1.308360
-0.227138
-0.235466
-1.734659
-0.958876
-1.683916
-1.232398
-1.530562
0.995715
1.371284
-1.306810
-0.139222
0.170841
-1.019773
-0.612007
0.514137
-2.254594
-0.324387
-0.927601
0.585597
-1.337950
-1.104052
0.173149
-0.340141
-0.024002
-0.809720
-1.210596
0.666995
-0.611526
-1.907762
-1.010775
0.234781
-0.815758
0.604506
-0.364256
-1.425177
-0.612660
-0.717961
-0.487908
1.079738
0.381413
-1.132199
-0.403299
-1.511270
0.283502
0.257802
-0.612007
1.047707
-2.176907
-0.611030
-0.272619
-1.542770
-2.232930
-0.129927
3.275232
0.654196
-1.831429
-1.335899
-0.611682
-1.457146
-1.633430
-2.310459
1.020600
0.759280
-1.284197
-2.518998
-2.598785
0.590777
-0.341895
-1.269171
-1.915280
-1.160652
-0.459927
-1.111833
-2.044952
-0.769691
-0.178471
-1.126692
-1.381006
-0.365160
-2.189833
-2.792651
-2.056000
0.597503
-2.678638
-0.882384
0.270390
1.200001
-1.419285
-0.828367
0.362425
-0.609724
-1.908673
-2.217952
-0.591454
-0.134531
0.082666
-2.364059
3.480265
-1.602153
0.517507
0.580318
-2.430132
-1.573404
-1.398617
1.048056
-0.291927
-2.749611
-2.067385
0.115109
0.774237
-3.042849
-2.172282
-0.609403
-0.739838
-0.465253
-2.988431
0.124350
-2.275810
-0.187597
-0.480554
-0.847899
-1.102285
-1.176149
-0.904309
-0.611682
-0.045387
-1.627095
-1.819459
-1.506439
-2.246773
1.311675
-0.408585
-0.176332
-1.744707
-2.536978
-4.716535
-0.610707
-0.366716
-1.727175
-1.758196
-0.862993
-0.611356
-1.296898
-1.666939
-1.011537
-1.594406
-0.236767
-0.610052
-0.168284
-0.124966
-0.237275
-1.109318
-0.611682
-1.947458
-0.611030
-1.092725
-0.387593
0.237307
-0.041605
-2.362535
0.360554
-1.349135
-0.421646
-1.274400
-1.172074
0.188982
-1.185188
2.053473
-0.059395
0.674800
-0.523659
0.679939
-0.611030
0.439674
-2.395399
-2.116285
-1.556429
-0.833730
-0.796013
-2.482294
-2.165951
-0.319081
-3.491757
-0.408362
-0.169146
-0.741344
-2.262914
1.046918
-0.289988
-0.350037
-1.662352
-2.454262
-0.547109
-2.219147
0.664958
-0.611682
-2.697827
-0.500252
0.221868
0.025601
-0.446103
-2.775692
-0.248278
0.338951
-1.606388
0.096625
1.342329
0.737679
-1.768890
-0.385589
-2.997777
-2.460349
0.222153
-0.983971
-0.628104
0.462381
-0.683318
-1.791554
-0.843666
-2.389096
-0.895178
1.326184
-1.804961
-0.675720
-0.861052
0.313917
-1.292665
0.726484
-2.286359
-1.378632
-0.611030
-0.806911
-1.142563
-1.614703
-0.651985
-0.248564
-2.027133
-0.611356
-1.322370
-1.155199
-1.328565
-1.738755
-0.236642
-0.398308
-1.594773
-1.383864
-0.610707
-1.468872
0.326037
-0.094398
-1.168702
-1.981517
-2.590173
1.151553
0.477094
-0.609403
0.094284
-0.612334
-0.612007
0.060788
-0.965766
-0.560244
0.574998
-1.844806
-1.392490
-1.679093
0.907652
0.082447
-0.612007
-0.610052
-1.288696
-0.546577
-0.457235
-0.782050
-1.337793
-1.233776
-2.158487
-2.540263
3.082235
-0.897800
-0.367409
-0.612334
-0.399733
-0.236517
-2.696898
-0.464334
-0.612992
-2.243415
1.538189
-2.300801
-2.024767
-0.522615
-1.102143
-0.611682
-1.163133
0.409205
-2.220461
-1.864788
-1.578870
-2.216559
-0.161989
-1.775509
-1.080601
-0.609724
-2.537067
-2.334979
-3.411222
1.446242
0.293852
-0.930654
-2.374414
0.434633
-1.497429
-0.289342
-3.101168
-1.174712
-0.479492
-0.053834
-1.380245
-0.925492
-0.611356
1.033316
-0.612334
-3.149214
-0.480338
-0.614568
-1.787016
-2.258837
-1.690504
-0.031920
-2.991515
-2.133193
-0.158765
-1.513476
-1.215945
-0.503542
-1.620387
-0.612992
0.153156
-0.609403
-2.269815
-1.782397
0.606000
-0.382366
-2.043517
-0.454283
-0.611682
-0.610052
-1.919814
-1.511916
-2.613592
-0.591673
-0.985411
1.706825
-0.832357
0.039249
-1.184718
-2.081158
-1.013176
1.765091
-2.246168
-0.610052
-0.610052
-0.685444
-1.767614
-0.956153
-0.288435
-3.181081
-0.611356
-0.351764
-1.210903
2.121849
-1.424811
-0.516924
0.258884
-1.267337
-0.609403
-2.767779
-1.382738
-1.246214
0.354106
1.159288
0.825053
-0.918357
-0.612660
0.071611
-0.760166
-0.928129
-2.950231
-3.092389
-0.876377
-1.035935
-0.609403
-0.687390
1.220758
-1.150887
-0.695821
-2.694053
-2.034243
-1.524888
-0.592407
1.516986
-2.111608
-0.236894
-1.719255
-0.237398
-1.119283
0.008166
-1.569983
-1.254148
-1.695065
0.632072
-0.849065
-0.612007
0.087951
-0.780744
-2.985692
-2.499083
0.592219
-1.346905
-2.557835
-0.934354
-0.606791
3.108571
-1.634897
-2.948778
0.382298
-2.507944
-1.326866
0.051132
-0.738193
-0.455394
-0.760164
-0.578605
-2.109781
-2.783214
-1.804722
-0.026764
0.362666
-0.549098
0.670900
-0.237019
-2.053214
-2.504563
-2.307820
-1.135595
-0.845817
-3.487002
-1.779834
-0.415106
-1.155607
-2.010030
-0.692012
-0.045186
-0.609724
-3.455303
-1.931447
-1.953555
-1.444618
-0.423581
-1.848711
0.634623
-0.980813
-0.827257
-1.298308
-0.965635
-0.236326
-0.498642
-0.258859
-0.127597
-1.931624
-4.110957
-1.951375
-1.585630
-2.232344
-1.097655
-1.193133
-2.201992
-1.141770
-1.738662
-0.296893
-1.254444
-1.846223
-0.687713
0.752249
-0.610376
-0.612007
-0.902826
-1.624207
-0.118214
-1.392354
1.739372
-0.605910
-1.022720
-0.610707
0.419629
-0.751244
-0.236517
0.253162
-0.670791
-2.315579
0.822400
-3.112326
-0.612007
-0.390029
-0.770253
-0.902454
-0.740776
-1.548441
5.364092
0.501765
-3.659316
-1.158157
0.306523
-0.612992
-1.403971
-1.043970
-0.895096
-0.609074
-1.156987
-0.611030
-0.971903
-0.612334
-0.610376
-0.611356
-0.007107
-0.674886
-1.515535
-0.609403
-0.236266
-1.673936
-0.610052
-0.321417
-1.846299
-1.549952
-0.825260
-0.629147
-3.235205
-0.041516
-0.143355
-1.316407
-0.374585
-0.899469
0.648917
-0.236894
-0.143482
0.323380
-0.610376
-0.260614
-0.236517
-1.270143
-1.313735
-0.612334
-0.045890
-0.916967
0.316502
-0.937730
0.985615
1.154541
-0.286294
-1.042434
-2.383264
-0.251146
-3.642995
-1.639996
-1.720488
1.016364
-2.711876
-1.310278
-2.136428
-0.237522
1.123104
-0.611030
-0.559338
-0.145424
-0.496814
-1.465476
-0.729197
-2.118439
-0.580664
-0.612334
0.216952
-0.291118
-1.368858
-0.611030
1.241441
-2.295784
0.761811
-1.391050
-0.122603
-0.610052
0.271568
-0.938631
-3.245014
-0.432184
2.927927
0.155060
-0.610707
0.101819
-1.797804
-0.611356
-1.705258
-0.016307
-1.701566
-1.380985
-0.611030
-0.378106
-1.431527
-2.020940
-1.117018
-1.815794
-1.143096
-0.838152
-0.612007
-0.610707
-1.276105
-1.184703
-0.747047
-1.509191
0.235737
-1.342621
-0.611682
-0.992414
-2.428730
0.639982
0.317490
-0.459718
0.325929
-0.459926
1.619904
-0.184717
-0.524741
-2.899357
-1.393351
-0.833135
-1.706802
-0.030509
0.383901
-1.098657
-0.610707
0.241094
-1.783979
-0.936398
-0.672164
0.563862
-1.191501
-0.061032
-0.902231
-0.611682
-0.001519
-3.567997
-2.797600
-0.523543
-0.609724
0.091749
-0.651810
0.089545
-0.945269
-0.846515
0.184512
0.956587
0.011965
-2.076560
-1.922645
-0.995941
-0.611030
-0.611030
-0.611356
-0.829272
0.664820
-2.425109
-1.039560
-0.481893
-0.611356
-0.293056
-4.252647
-2.301048
-1.825894
-0.830629
-0.111974
-1.969097
-1.251478
-1.910256
-1.299359
-1.736368
-0.697242
-1.748960
0.524230
-2.413455
-0.237019
-1.202986
0.467109
-2.043845
-2.487685
-2.626344
2.625362
-1.398767
-0.151113
-0.535643
-1.622862
-0.753769
-0.612334
-1.131143
-0.421415
-0.120665
-1.939566
-1.251294
0.265818
0.551039
-1.090452
-0.610707
-2.278954
-0.312165
-0.958393
-1.964576
0.116861
-1.205858
0.381334
-0.745360
-2.486077
-3.099419
0.821615
-0.001801
-1.323951
-0.529841
-0.442874
-0.610376
-0.611030
-0.874578
1.450998
-2.643702
-1.605119
-1.380234
0.092143
-1.161171
-1.348308
-1.038979
-0.771846
-1.617302
0.330690
0.756379
0.464738
-0.890028
-2.124855
-1.772218
-0.139940
-0.939469
-0.237398
-0.873779
-0.397459
-0.666920
-2.603792
0.066154
-0.704018
-0.758499
0.847033
-0.689984
0.471586
-0.738837
0.508627
-2.717556
-0.817575
-0.168791
-1.511176
-0.783473
-0.612992
0.153099
-1.497532
-1.137215
-1.224903
-1.068887
-0.611030
0.748769
-1.103312
-0.461599
0.202325
-0.611356
-1.235669
0.751925
-0.433522
-0.611030
-0.481889
-0.612007
-0.612007
-1.325559
-1.650554
-1.580631
-0.973893
-0.721516
-0.726245
-0.610376
-0.611711
-1.662250
-0.925175
-0.744868
-0.405661
-1.089926
-2.406631
-2.090480
-0.725833
-1.372674
-0.610052
-1.839540
-0.808088
-0.051273
-1.724693
2.984980
-0.611356
-1.649001
-0.461592
-0.610376
-1.074981
-1.477645
-1.017400
-0.576843
-0.609074
-0.005400
1.097373
-0.249206
-0.610707
-1.068556
-1.354005
0.582938
0.110572
-0.743099
1.374212
-0.436285
-2.012980
-0.611356
0.792291
-1.860732
-2.218352
0.739489
-0.338704
-0.075550
-1.437631
-0.027870
0.116644
-2.606621
-0.612007
-0.506805
-2.021451
-1.730862
-1.351992
-1.601532
-0.487590
-1.430179
-2.162845
-1.201927
-0.464805
-1.473566
-2.097073
-0.611356
-0.371606
-0.512252
-1.088672
-1.696884
-1.045698
-0.057800
-0.567419
-0.425717
-1.406159
0.115382
-0.781302
-0.535858
-0.150145
-0.610052
-0.094189
0.279050
-1.074362
-0.236894
1.020208
-0.884500
0.152464
-2.108123
-0.763400
0.069661
-0.827270
-1.327253
-1.354157
-1.361394
-1.328828
-0.053381
-1.245653
-1.588935
-1.910881
-0.785834
0.306721
-1.386058
-0.610376
-0.610376
-0.439433
-1.748088
-1.008368
-0.988830
-0.092229
-0.860632
-1.062461
-0.941811
1.052058
-0.611030
-0.851433
-1.723446
0.362775
-0.612007
-0.610707
-0.610707
-1.969566
-1.545168
-2.242641
-0.611682
-0.245183
-2.553676
-0.610707
-0.346505
-0.456845
-0.610707
-2.113835
-2.460263
-0.972294
-1.329343
-0.917841
-1.049718
-0.181071
-1.666360
-1.051169
-2.221203
-1.347684
-1.016476
-0.892447
-1.830214
-1.946629
-0.833377
-0.688136
1.511489
-0.612334
-0.110384
0.524500
0.433918
0.126013
-0.611356
-0.886816
-2.511827
0.067642
-0.622255
-0.611682
-2.410842
-1.512907
-1.566611
-0.236767
-0.609074
-2.012661
-0.760468
-1.706235
-0.679109
-0.740660
-1.570232
-0.611030
-1.143832
-2.338473
-1.476496
-2.018237
-0.613638
0.203822
-0.288384
-1.326602
-1.906350
0.109855
-0.612334
-0.007209
0.844512
-1.344138
0.687052
-1.147785
-2.270915
-1.669400
0.041460
-2.271804
-1.560994
1.853610
-2.803662
-1.135288
-1.432580
-3.988145
-0.611682
-1.464423
-2.002116
0.067474
-3.811243
-0.609074
-1.616680
-1.606492
-1.684254
-1.301632
0.775043
-1.795089
-1.927379
-1.054527
-0.835018
-1.028845
-0.207848
-0.354454
-0.229884
0.597879
0.108558
-1.616997
0.257516
-1.744211
-0.609724
-0.282130
0.044716
-0.346191
-1.105303
-1.204137
-0.810015
-0.610376
-0.768643
-1.222801
-3.269859
0.233552
-1.007044
-0.593140
1.108322
-1.212144
-1.043879
-2.649591
-0.104120
-1.316934
-0.610707
1.067884
-0.299323
-1.137399
-2.874127
-1.817538
-1.148544
-0.611682
0.246286
-0.518075
-3.594904
-1.297659
-2.061270
-0.611356
-1.657298
-1.600172
-0.611356
-1.003590
-0.611356
-0.095078
-2.693965
0.100467
-0.612660
-1.991514
-0.499719
-2.929678
-2.761800
-1.090943
0.235281
-0.613315
-3.003211
-3.464518
-1.442379
-1.614301
-1.514278
0.517144
-0.485125
-0.334930
-0.648298
0.343257
-0.041893
1.385972
-1.040493
-1.105048
-0.612334
-1.009366
-0.783340
0.163312
-1.007896
1.367316
-0.927185
-0.634542
0.228590
-0.611356
-1.303388
-0.236390
-1.308091
-0.438616
-0.612007
-0.610376
-0.612992
-2.414579
-0.611356
-1.719190
0.496123
-1.678442
-2.212503
-1.158221
-1.521326
-2.687662
-0.422135
-0.611682
-1.509826
-0.962189
0.235140
-1.305869
0.076361
-1.398409
-1.641377
-1.643555
-0.236266
-1.258180
2.932316
-0.610707
-1.761148
-0.402784
-2.151948
-0.850455
-0.611356
-1.548167
-0.172659
0.476387
1.110308
-1.230680
0.693741
-1.392855
0.184656
-1.667125
-0.539503
-0.023490
0.659914
-0.611030
-2.523222
-1.020288
-2.790676
-1.067403
-1.064640
0.257299
-0.504820
1.586649
1.360068
0.644287
-0.722980
-1.083264
-0.223703
-1.387716
-0.366520
-0.360267
0.046475
0.191016
-0.109368
-0.015110
-0.903405
0.762926
-1.108387
0.164514
-1.065508
-0.515310
-1.802567
-0.767372
-1.136340
0.397549
-0.393501
-1.623886
-0.236894
-0.611356
-1.824010
-1.640363
-0.906785
0.151589
-0.010638
-3.822562
-1.532909
-0.610052
-0.861117
-0.969630
-1.034928
-0.612007
-0.611682
-0.277991
-1.919626
-1.381776
-2.492134
0.462170
-0.073003
-0.880741
-0.611682
-2.197591
-1.122468
1.193338
-2.279216
-1.456631
-0.506113
-2.361525
-0.045056
1.236220
-0.382429
-0.429761
-0.610052
-0.611682
0.304543
-0.339018
-1.043126
-2.566696
0.380029
-2.768895
-0.826083
-0.576074
-1.996046
-0.609724
-0.611682
-1.606379
-1.362487
0.139460
2.367029
-0.573320
-1.821480
-2.476879
-1.389422
0.937575
-0.001928
-0.268888
-1.216341
-1.336262
-2.439297
-0.928310
1.502266
0.119455
-1.223022
-1.090656
-0.520655
-0.844457
-0.342760
-2.125793
-0.284119
-1.416757
-1.019534
-2.314212
0.844309
-0.402732
-1.013595
-0.428707
-2.058167
-1.414707
-1.852293
-1.053721
-3.449208
-2.494141
-1.264825
0.691786
2.510348
-0.324950
0.970509
-0.617595
-0.552665
-0.611030
-2.361282
-2.007190
0.677301
-2.049578
-0.638952
-0.902069
0.207006
-0.610052
-1.298319
-0.841659
-2.642498
-0.611682
-2.192305
-0.688629
-3.312398
-2.041074
-1.540722
-0.982484
-2.034993
-1.198835
-0.101568
-0.611682
-1.164204
-1.939199
0.199827
0.140903
-0.765465
-0.440495
-0.269256
-1.434300
-0.611356
-1.614865
-1.277816
-1.125378
-1.014205
-0.344038
-0.491280
-1.493248
-0.554927
1.300230
-2.546021
-1.006723
-0.228718
1.572676
-1.921852
-2.384475
-0.305945
0.740943
-1.973408
-1.008870
-1.212283
1.221359
-0.458940
-0.278718
-2.232058
-0.126459
0.008138
-0.181414
-0.235003
-0.610052
-0.269466
-0.292726
-1.222784
-2.168693
-0.836922
-2.038803
-0.728206
-0.188942
-1.703071
0.361251
-1.793861
-0.236390
-0.676526
-1.806865
-0.611356
-1.802654
-2.503973
-0.982256
-1.192954
-1.068419
-1.170758
-0.610052
0.008595
0.190427
-1.847149
-0.237152
-0.610052
-1.203416
-0.965799
0.318201
-0.612007
-0.237019
-0.752228
-2.297127
-0.611030
-1.264795
-2.735548
-0.266162
-0.612035
-1.113575
-0.131894
-1.754193
-0.236517
-2.679918
-0.609074
-0.634018
-0.704194
-2.609254
0.008290
-0.612334
-2.309091
-0.572925
-1.753051
0.678500
-0.610376
0.449750
0.011952
-3.539779
-0.894801
0.186210
1.731074
-1.670320
-0.610052
0.661207
-2.369998
-1.271471
-0.589774
-0.377094
-1.709120
-0.612334
-0.719542
-0.610707
-1.948424
-2.304620
-1.835000
-0.393691
0.900167
-0.610052
-2.034880
-1.470000
-0.611682
0.431021
-2.173763
0.359220
-1.949297
-0.503838
0.740653
-0.236642
-1.273186
-0.612007
-2.379414
0.406422
-0.916763
-0.365015
-2.091671
-0.610376
-1.333994
-0.997253
-2.330957
-1.496965
-1.874884
-2.360937
-1.632992
-0.649446
-0.381587
-0.679694
-0.607932
-0.757106
-0.899471
-2.025609
-1.098373
-1.135132
-1.886189
-0.208662
1.410303
-2.855458
-0.290451
-2.618947
-0.610052
-0.612660
0.167511
-2.039896
0.407449
-1.528841
-1.032521
1.115864
0.008086
-0.610707
-0.611030
-0.609724
-2.526377
-0.970150
-2.213268
-1.074198
-1.208584
-1.396624
-0.441989
0.704331
-2.303573
-0.611356
-0.580202
-0.565302
-0.603019
-2.227408
-0.965931
-2.147102
-0.917224
0.823011
0.007772
-2.672244
0.662673
-1.092615
-1.621533
-1.482999
-1.094705
-0.037571
-1.695644
-0.190354
-0.411653
-0.407463
-0.004924
-0.504673
-0.610707
-1.407294
-2.174668
-1.173264
-0.409530
-0.976047
-2.665562
-0.611356
-1.044460
-0.610376
-1.382416
-1.263797
-2.789988
-0.609403
-2.657467
-1.474411
-0.230954
-0.611356
-0.420574
-1.452304
-0.270023
-0.610052
-1.075753
-1.805698
-1.679723
-0.441803
-2.431693
-0.246572
-1.904853
-0.611682
-0.030650
-0.689322
-1.763420
-1.919170
-2.337595
-1.291369
-1.820772
-0.911266
-2.815836
0.627062
-0.612007
0.751445
-0.497835
-0.943886
-0.693260
0.318460
-0.664622
-1.061015
-2.421362
1.278503
-0.971358
-0.350150
-0.721934
-0.576861
-0.982871
-0.611030
-0.610707
-2.639241
-0.007063
-1.113904
-1.282452
-0.644944
-0.892863
-0.614941
0.283573
-0.092249
-0.387877
-1.027686
-0.520353
-2.547912
-1.484613
-2.089264
-2.884399
-0.257640
-2.186037
-1.115422
-0.481136
2.245448
-0.611682
0.720294
-1.227152
-0.825018
-1.713315
-1.209926
-0.952019
-0.845681
-0.613314
-1.045291
-1.085272
-3.639119
-0.362823
1.289781
-0.611030
1.562328
0.119925
0.021009
-0.610707
1.314591
-0.117157
-1.954451
-1.193859
-2.812428
-1.476095
-1.799982
-0.611682
-0.609074
0.656896
-0.287827
-1.410877
0.435645
-2.223618
-1.307187
-1.572456
-0.320642
-1.069235
-0.610052
1.241724
-0.149913
-0.567581
-2.662554
-0.609724
-0.841698
-0.236137
-0.822802
-1.882015
-0.576838
-2.452520
-0.015330
-0.681995
-0.611682
-2.070150
-2.632371
-0.611030
-0.372928
-4.045573
-0.612007
1.058942
-1.639334
-2.325977
-1.047457
-0.410616
-0.760297
-0.690537
-0.612334
-0.869199
-0.935125
-4.666380
-0.610707
-1.845064
0.591388
0.414340
-1.765620
-0.611682
-1.731791
-0.421567
-0.388041
-2.320773
-0.476697
-2.296569
-2.059274
-0.242599
-1.027719
-1.832747
-1.789344
3.866724
-1.279459
-0.997472
1.582127
1.078758
-0.611356
-1.161164
-0.883728
0.146438
-0.776679
-1.215532
-0.611356
-0.610707
-2.053828
-1.413168
-0.610376
-0.613315
0.751204
1.008167
-0.612660
-1.899189
-1.043939
1.318645
-1.529217
-0.610707
-0.922716
-0.610707
2.423850
-0.260227
-2.595649
-2.062894
-0.610707
0.931267
-1.346237
1.140618
-1.967403
-2.032418
0.014978
-0.834777
-0.768625
-0.611030
-1.790919
-2.123031
-0.849370
-1.642956
-0.602244
-0.015385
-1.714176
-2.040263
-1.297764
-2.488905
-1.478243
-2.021173
-4.022851
-2.419166
-0.889235
-1.619604
-0.994788
-0.880940
-1.855899
-1.481439
-1.103468
-0.873162
-0.727914
-1.289591
-0.611682
-1.651664
-1.143998
-1.016886
-0.610707
-0.612007
0.184707
-0.646318
-0.610707
-2.680533
-0.131595
-0.609067
-0.610376
-2.285489
-2.288668
-0.841116
-2.282941
-0.327097
0.034380
-0.188465
-0.913618
-0.613638
-1.687536
-0.257432
-0.478214
-2.673614
-1.819264
-0.343858
-1.518862
-1.471326
-1.563581
3.148754
-1.325800
-0.610376
-0.611030
-0.871369
-0.612334
-1.971369
-1.650493
-0.611030
-2.386353
-2.107635
-1.213274
-0.413390
-3.177359
-1.643430
-0.371845
-0.690737
-1.798967
-1.710218
-0.901696
0.862608
0.037752
-1.935854
-1.145814
-0.195831
-1.463307
-0.152296
1.016305
-0.236517
1.928966
0.100867
-0.460530
-0.835852
-0.211763
-2.302808
-1.931547
-1.176692
-1.095071
-0.610625
-0.612007
-2.637781
-0.583902
-3.094781
-2.533391
-0.957150
0.400284
-0.732192
-0.353610
-1.079063
-1.522830
-0.832497
-1.449969
1.447932
0.132314
-2.108914
-1.333002
-0.725350
-0.611356
-0.655242
-0.611682
-1.431782
-1.289225
-1.609558
-2.766301
-1.174307
-1.645743
-1.031214
-0.578317
2.303940
1.033113
0.115319
-0.936698
-0.027769
-1.356039
-2.429874
-2.270339
-3.694379
-1.283469
-1.027718
-2.419172
-1.268151
-0.610376
-0.611682
-1.041676
-0.002073
-1.235002
-0.230095
-2.015930
-0.236642
-1.227599
-0.624498
-2.531333
-0.349955
-0.610376
-0.542434
-2.750048
0.040291
-0.610376
-1.883126
-1.389088
-1.783161
0.230230
-0.781988
-0.610707
-1.283986
-0.761120
1.902451
-3.913762
-3.055383
-2.544210
-2.705946
-1.003652
-1.045171
0.083820
-0.036736
-1.627471
0.062275
-2.287995
-1.366156
-2.195826
-0.611682
-0.203368
-1.629861
-0.284525
-0.612334
-0.520126
-1.064624
-0.424198
-0.612992
0.237585
-0.838291
-0.992655
-0.764864
-0.645428
-0.121657
0.514454
-2.272940
-0.612660
-1.636207
-1.749753
1.113839
-1.203927
-0.610376
-2.613528
0.557094
-0.609074
3.044006
2.057172
-0.529648
0.199001
-2.327461
-0.689619
-2.714599
-0.314845
-0.033022
-0.074887
-0.118689
-1.372079
-0.236767
-0.900751
0.006839
-0.612992
-2.261621
-1.097052
-1.519327
-0.879573
-2.918074
-1.904226
-2.338048
-0.145646
-0.728382
-1.424233
-0.746406
-1.146645
-1.796361
-0.611356
0.679735
0.028316
-3.415153
1.885516
-0.611030
-1.055115
-1.212369
-0.964719
-1.228099
-3.345982
-2.536904
0.275351
-2.409443
-1.091314
-1.702461
1.963963
-2.383522
-2.337233
-0.612334
-1.024183
-0.599367
1.521274
-1.116586
-1.459466
-2.108089
0.490571
-0.432039
-2.413253
-1.286243
-0.885822
-2.222199
-3.041002
-1.275517
-1.860736
-2.069695
-0.970817
-1.489329
-0.580325
-0.612660
-0.808606
-0.497417
-1.957983
-2.067304
-0.858720
-1.668568
-0.158467
-2.290996
-1.805520
-1.970913
-1.022217
-0.134290
-1.986649
-0.618760
-0.151436
1.849201
-1.960879
2.862358
1.106434
-1.304626
-4.474176
-2.451234
-1.729385
-0.236390
-2.028693
1.416488
-0.277931
0.095451
-1.779812
-0.252430
-0.009567
-1.303059
-1.527085
-1.208084
-0.837134
0.225970
-0.611682
-0.120671
-0.407010
0.246721
-1.103822
-1.686246
-0.085706
-0.375630
-0.298908
0.411329
-2.225276
-0.201369
-1.766961
-0.951904
-0.553578
-0.237522
-0.544508
-1.163382
-0.610376
-0.107757
-0.495872
-1.153864
-2.526839
-2.212822
-1.784931
-3.123967
-2.590916
-0.982287
-1.372563
2.496290
-0.003757
-1.066672
-1.863187
0.155234
-3.267065
-1.567604
-0.659276
-0.612007
-0.610376
0.300194
-0.401086
-1.301308
-1.141121
-1.798752
-0.865532
-1.679868
-2.487402
-0.517348
-0.989047
-0.114349
2.201663
-0.611030
-0.611030
1.088870
-0.328917
-1.118767
-1.486161
-1.382876
-0.718224
-0.611682
-0.904625
-0.612660
-0.532540
-1.711319
0.248202
-1.174011
-0.237019
1.343165
-2.175577
-0.542686
-2.375691
-1.710568
0.289725
-0.153948
-0.612660
-0.912982
-0.611356
3.272240
-2.201142
-1.244013
-1.409912
-1.813765
0.048506
-0.719041
-1.245121
-1.821838
1.183599
-0.946781
1.654569
-1.753969
-0.059422
-1.651238
-1.683273
-1.071247
-0.408579
-0.423296
-1.273556
-0.610707
-1.233646
-2.393194
-2.923747
-0.761414
-1.072091
-0.735012
-2.589094
-2.454025
-2.444141
-0.621175
-0.236642
-2.883414
-1.582018
-1.255988
-0.284830
-0.858973
1.855630
-0.882388
-1.291464
-1.994714
-0.129178
-1.365215
-2.384923
-2.378907
-0.501059
-1.483258
-1.446115
-0.056967
-2.041368
0.325813
-1.720656
-1.125780
-2.182054
-1.069212
-1.444954
-0.182311
-1.910184
-1.559402
-0.572356
-0.612660
-1.594062
-0.207874
1.057174
-1.652254
-0.452180
-0.688294
-1.210332
-1.219542
-0.103086
-1.440140
-0.966147
-0.473834
-0.681351
-1.016439
0.154621
-1.039285
-0.108137
-0.431973
-0.915278
-3.092827
0.497376
-1.187970
-0.610376
0.073949
-0.903515
-2.344534
-0.776510
-1.443536
-0.409321
-0.649267
-1.978426
-2.363145
-1.206722
-0.236894
-0.713124
-2.640985
-2.027666
-1.596738
-0.235633
-1.411861
-1.294585
-2.865412
-0.625126
-1.913903
-1.692070
-0.935710
-0.613315
-3.337438
3.501427
-0.397886
0.671686
-0.330147
-1.816474
0.266006
-0.609724
-0.792300
-1.186977
-2.052670
-1.411682
-1.509555
-2.882425
0.414248
-0.610052
-0.915644
-1.222335
-1.051377
-0.142508
-2.074949
-1.915908
-3.582344
-1.181635
-0.500252
2.820726
-0.222290
-3.020093
-0.143997
-0.352522
-1.250130
-0.611682
-1.055406
0.924021
-3.113492
-0.612334
-0.987797
-0.610376
-1.536502
-0.610707
-1.406748
-1.309638
0.022794
-1.355610
-1.396681
-1.549909
-2.184282
-0.611030
0.255405
4.104868
-1.435037
-0.610707
-1.060167
-2.173915
-1.556131
-0.964773
-1.035174
-0.531457
-0.236517
1.690803
-0.611356
-0.711725
-2.097826
-1.962621
-1.177722
-2.129824
-1.344015
-2.457444
-1.832190
-0.237019
-3.290837
-0.194361
-0.671121
-2.388349
0.511819
-1.818057
-0.612334
-0.751626
-0.975428
-0.407463
-1.250180
1.322052
-0.237152
-0.668566
-3.147658
-1.717444
-2.082962
-2.604713
-0.761563
-0.570187
-2.126079
-1.434312
-2.168678
0.064928
-0.610707
-0.302371
-2.335613
-0.725114
0.076209
-0.721856
-0.526439
-0.236642
-1.736155
-0.107893
-2.846658
0.404580
-0.612007
-1.153778
-3.112759
-1.269327
-0.444374
-0.612660
-0.612007
-0.016152
-0.611356
1.424523
-1.342521
-2.870656
-0.611030
-0.884930
1.292622
-1.051760
-1.451186
-2.921932
-0.791591
-0.158473
-0.434938
-0.611682
-0.289963
-0.611030
0.666511
-0.236642
-0.709948
-0.609724
-0.858330
-1.259890
-0.553589
-1.104012
-0.234909
-0.236137
-0.610052
-1.195422
-0.922448
0.119064
-1.957172
-0.628502
-1.198140
-0.779264
1.214219
-0.204987
0.433263
-1.735108
-0.008662
1.003310
-1.574505
-1.341501
-1.172256
-0.032237
-2.150000
-1.706701
-0.952734
-1.544376
-0.242221
-1.072648
-1.747572
-0.765156
-3.203918
-1.487521
-0.612007
1.298955
-0.898725
-1.011459
-0.962714
-2.853134
-3.087444
1.281679
-1.029304
1.285417
-0.829591
0.629781
-1.489835
0.050880
-3.212629
-1.887586
-1.174734
-1.103115
0.025614
-0.712662
0.240686
-2.518311
-0.611030
1.475301
-0.612007
0.296307
-0.236390
1.113663
-0.280925
-1.231394
1.014639
-0.722851
-1.536388
-0.369695
-1.608940
-0.328083
-2.797930
-1.786532
-0.290011
-0.044754
-0.611356
-0.412580
-1.464802
-0.344200
-1.006347
0.231015
-0.690606
0.057247
-1.959224
-2.162967
-2.790606
-2.877558
-0.621232
0.247523
-0.608427
-1.237803
-0.611356
-1.242368
-1.013174
-1.030377
-1.454570
-1.654565
-1.542591
0.353649
0.276268
-0.050781
0.134067
-0.612334
-1.577803
-1.603243
-0.476459
0.032481
-0.390333
-1.111092
-2.059431
-1.559994
-1.304553
-0.045435
-1.069468
-0.610376
-0.237275
-0.313235
-2.253390
0.093414
-2.000916
-0.611356
-0.881358
-2.249251
-0.016187
-1.193594
-0.026547
-0.884047
-3.339987
-0.619941
-0.363520
-2.546571
-0.937323
-1.013520
-0.594779
4.115886
-1.208767
-2.041228
0.197044
0.507343
-1.187878
2.798369
-3.950810
-0.080749
-0.236266
-0.610707
-1.892258
-1.750161
-0.236517
-0.608751
0.214509
0.007073
-2.521585
-0.347206
-1.772234
-0.611356
-2.544861
-1.888312
-1.448739
-1.597966
0.109854
-1.115590
-1.303155
-1.397041
-1.625395
-0.236767
0.635378
-0.290150
1.793141
-0.610707
-1.074740
-0.746925
1.271160
-0.612660
-0.602327
-1.740503
-2.763430
-2.048145
-0.276236
-0.659792
-0.925655
0.128048
-0.235164
-2.352905
-1.940021
3.458453
-1.233547
-2.686279
-0.236137
-2.392813
-1.249791
-1.201934
-0.205084
-0.919147
0.224086
-1.747355
-1.324697
-2.698170
-3.581825
-0.866656
-0.249815
-0.611682
-0.237019
-0.206792
0.472641
-1.059450
-0.663226
-0.397996
-1.481773
-0.612992
-0.236767
-0.390349
-1.761329
-1.336566
-1.936361
-1.516472
-1.196066
-0.611682
-0.612660
-1.610529
-1.439053
-1.776884
0.045220
-0.100901
-0.828549
-1.044404
0.208955
1.545916
-0.839557
-1.979466
-0.414443
0.288687
-0.915777
1.219984
0.688793
-1.242653
-2.073625
-1.953467
-1.657578
-1.748333
-1.695473
-1.423863
-2.621854
-0.825627
-0.463271
-0.703651
-1.399652
-0.653642
-1.361128
0.315897
-0.621429
-1.660127
-2.156557
-0.778012
-0.193622
2.122271
-0.168062
-0.963859
0.125396
-0.550785
-2.023889
0.063314
-1.160834
-2.076970
-0.609767
-1.959921
-0.659484
-2.542192
-1.451155
-1.542305
-0.781766
-0.437964
-0.611030
-0.066377
-2.095935
-1.175841
-0.610376
-0.416016
-0.612660
0.409433
-1.310336
-0.386080
1.183005
-1.631111
-0.132583
-0.798066
-0.609403
0.000008
-0.683682
-1.882899
-0.757940
0.055814
-0.333949
1.395216
-2.122566
-1.985427
-1.221411
-0.325958
-1.998488
-0.612007
-0.012023
0.111614
0.185055
-1.192507
-1.773623
-0.610707
-0.598712
-1.100386
0.291457
-0.564895
-2.641222
-2.144904
-1.843762
-2.103183
-0.147667
-0.236894
-1.717227
-0.521169
-0.612992
-1.884474
-0.061399
-1.563311
-2.173266
-1.323044
0.424337
-0.212863
2.437562
0.717685
-2.879282
-0.055070
-2.078578
-2.149154
-0.611356
-1.010187
-1.633777
-2.069621
-0.600081
-1.956482
-0.561550
-1.155236
-1.336656
-0.671434
-0.611356
-2.344093
-1.630861
-0.296142
-1.770861
-1.374898
-2.371204
-1.302810
-1.730240
-1.240922
0.008152
-1.470292
-2.415121
-0.126095
2.202743
-0.285095
-1.469652
-0.719094
-1.669227
-1.377650
-0.476255
-0.611356
-0.861050
-2.694357
-1.460093
-1.323941
-0.836888
-1.652988
0.815680
-1.769092
-0.926894
-2.125720
-0.946868
-1.266698
-0.612007
-1.547727
-0.246811
-0.132103
-0.960595
-1.124469
-1.085265
-1.392983
1.418144
-1.041292
0.445667
-1.042419
-2.841893
-1.163307
-0.236642
-0.713884
0.514465
-2.323059
-0.236894
-0.442676
-0.237152
-1.980103
-1.135466
-0.105098
-0.126013
-0.863391
-1.192068
-1.154226
-0.610376
-0.485834
-0.790722
0.296424
-0.591527
-0.464792
-2.507121
-1.586240
-0.285515
-1.393036
-1.364585
-0.714342
-2.297238
-1.106156
-2.585451
-0.534079
-0.149446
-2.254744
-0.871793
-0.611030
-2.590426
-0.918852
-1.304480
-1.670393
-3.008480
-2.468747
-2.105436
-0.610707
-0.864966
1.275902
-0.367441
-0.612660
-0.611356
-0.289421
-1.301855
-0.610052
-0.906828
0.154478
-0.727949
-0.402389
0.526007
0.768890
-2.291737
-1.470505
-0.126834
-0.805832
-2.080321
-0.611682
0.827830
-0.456529
-0.377072
-1.184753
-0.506396
-1.177727
-2.844762
0.832209
-0.798097
-1.752482
-2.735649
-2.372463
-0.527330
-0.591732
-0.250573
2.525477
-1.715573
-1.096916
-1.342287
-0.610052
0.299920
-3.124255
0.413859
-2.253808
-2.003243
-0.947356
-1.493139
-0.296554
-1.370461
-1.275313
-0.600616
-2.335854
0.726305
-0.302209
-0.041814
0.086605
-0.611076
-1.819947
-0.370775
1.054415
-1.823736
0.888183
-1.100432
-0.823403
-0.952811
-0.102785
-1.501011
-1.571316
-1.967425
-1.070355
-1.036790
-2.848669
-2.049790
-1.748974
-0.608427
-0.612334
-0.406698
-1.452813
0.358986
-2.590505
-1.245466
-2.265261
-0.612007
-0.706478
-1.244137
-1.516059
-0.699851
-0.753105
-0.279549
-1.232161
-0.010399
-1.569300
-0.351968
-0.610052
2.840959
1.504218
-2.556142
-2.253942
-1.072778
-2.225322
0.114825
-1.107516
1.140007
-1.593081
-0.611356
-0.610707
-1.681805
-1.484943
-3.416288
-1.466535
-1.825921
-2.381898
-0.612660
-1.304023
0.659664
-1.841187
1.261909
-0.410166
-0.612334
-1.049213
-2.136778
-0.608751
-0.612481
-1.265178
-2.029087
-2.441585
-1.244008
-0.636365
0.058839
-1.201216
-0.416027
-0.113063
-0.612007
-0.670326
-0.480854
-0.609403
0.675885
-1.326666
-2.673219
-1.742404
-1.662914
-0.723365
-0.610707
-1.641025
-2.618130
0.605962
0.255267
-1.837635
-0.830458
-0.912180
-3.337817
0.321827
-0.967949
-1.608832
-1.972132
-0.938786
-1.312905
0.370352
-2.035847
0.257516
0.254985
-0.611356
-0.611030
-0.611030
-1.959256
0.167429
0.362922
0.185840
-1.538946
-0.611682
-2.698888
0.106483
1.024195
-0.610052
-0.796742
-0.850449
1.601245
-1.179423
-1.979797
-2.501032
-2.168471
-2.302564
-1.381357
-2.775157
-0.762609
-1.642158
-0.009881
-0.232347
0.208006
-1.462160
-1.910139
-1.971611
-0.236266
0.177714
-0.085880
-1.772493
-0.236011
0.315645
-0.091935
-1.496520
-0.799185
-0.177230
-1.237748
-0.998540
-0.865233
2.015429
-0.610376
-0.945774
-0.611682
-0.593342
-0.806717
0.030802
0.313138
-0.221866
-2.082219
-0.540214
-0.707198
-0.611030
0.547430
-0.462063
-0.867220
-1.869855
-0.304982
-0.374205
-0.611682
-0.645828
-1.436763
-1.738964
-1.582133
-0.612660
-2.050784
-1.278154
-0.236894
-0.610707
-0.419657
-1.569975
-0.438198
-1.569576
-2.421247
-1.165154
0.432825
-2.133130
-0.850413
2.418539
-4.038236
-0.609403
-1.678267
-1.768210
-1.029820
-0.949747
-0.532671
-0.611356
-1.511763
-2.030215
-1.684202
-0.649051
-0.569258
-0.611030
0.176202
0.104095
-0.612660
0.514490
-0.543985
-1.900033
-1.202410
-1.167475
0.146804
-2.409490
-0.230257
-1.629503
-1.027328
0.714938
-1.889868
-0.841885
0.550203
-0.804290
-0.004796
0.296631
-0.611682
0.098589
-1.823782
-0.176809
-1.137127
-0.881791
-3.115008
-0.286196
-0.914088
-2.319376
-0.688890
-0.834736
-0.611086
-0.107785
-0.001953
0.112588
-0.363393
-1.364012
-1.292122
-0.890739
-0.236642
-0.292770
1.221406
-1.738843
-0.446875
-1.485443
-0.612007
-2.987989
-0.608427
0.012688
-0.972331
-1.392490
-0.373914
-0.640343
-2.637190
-0.336142
-0.837855
-0.894702
-1.502291
-2.830736
-0.459500
-0.084644
-0.123116
-1.376690
-1.611427
-1.951064
0.310838
-1.213511
-0.364122
0.295657
0.253725
-1.108172
-1.331473
1.416779
-0.991919
-0.408811
-1.234078
-2.063369
-0.937604
-0.399097
-1.650175
-0.475443
0.219619
-0.646524
-1.821364
-1.434409
-1.322314
-0.662977
-2.148780
-0.061993
0.007724
-0.611356
-0.300335
-1.422560
-0.695550
-1.715903
-0.551600
0.102390
-2.502947
-1.560646
-0.178129
-0.981726
-1.213573
0.469089
-1.685409
-0.690363
0.451376
-1.417892
0.440121
-0.205900
-0.612007
-0.701417
-0.969456
-0.224857
-1.069423
-1.117324
-1.119022
-0.611682
-0.062218
-0.352082
-1.963543
-3.369166
-2.522581
-0.346139
-0.045387
-0.733722
1.119241
0.065672
-0.610052
-0.981214
0.187578
-0.437623
-2.040979
0.720601
-1.987538
-0.841945
-0.140859
-0.841716
-0.568186
1.754226
0.149533
-1.182956
-1.866562
1.071731
-2.273050
-0.570934
-0.842880
-0.829681
-1.445911
0.395623
-0.881536
-0.209755
0.322549
-0.611030
-0.534627
-2.341818
-2.484609
0.628176
-2.018645
-0.502410
-2.127045
-1.438894
-1.203895
-0.236642
-1.033506
-1.205499
-1.509951
-1.633958
-0.942783
-1.092581
-1.941295
-1.264958
-0.950317
-0.934274
-1.278782
-3.082538
-1.180014
-1.079363
-1.841174
-0.813902
-0.176514
-1.063901
0.349473
-0.609403
-2.267533
-0.045414
-1.684753
-0.446392
0.571807
-2.048229
-1.939072
-1.039649
-1.266045
-1.609653
-0.045365
-0.975478
-0.989941
-0.766502
-0.611356
-1.437491
-0.410170
-0.610376
-0.691885
-1.355404
-0.990201
-1.747344
-0.601399
-0.106702
-1.223544
-0.097848
-2.050673
-2.402204
-1.252019
-0.599948
-1.304731
-1.614362
-0.748306
-0.558612
-0.481968
-2.357614
-1.610891
-0.981439
-0.612334
-1.152932
-1.330457
-3.267402
-1.301668
-0.612007
0.739923
0.149333
-1.948083
-2.512881
-1.472966
-1.225412
0.075362
-1.101824
-0.881848
-0.152175
-1.333653
-1.994772
-2.638814
0.429079
-0.562014
-0.754636
-1.369666
-1.756066
-0.949152
-0.291471
-1.624459
-1.608143
-1.013980
0.813144
-0.611356
-0.611682
-0.799595
-0.003820
-1.842111
-2.212633
-1.547200
-1.628923
-0.360394
-2.108039
1.004891
-0.266360
-0.540671
0.665899
-3.602738
-0.611682
0.290154
-0.869731
0.129909
-1.295979
-1.273813
-0.381691
-0.400840
-0.238609
-1.424066
-0.400898
-1.210096
-0.047892
-1.462496
-1.802174
-1.759220
1.869161
-1.480860
-2.061583
-0.736638
-1.329254
-0.442729
1.008238
-0.732181
-0.501328
-1.662490
-0.088380
-1.379081
-1.463098
-1.154611
-1.992145
0.082296
-0.820348
-0.611356
0.115008
-0.653903
-1.006474
-0.610707
-1.089188
-2.262531
-0.626867
-0.611356
-0.802589
0.769957
-0.718435
-0.355325
-0.612992
-0.612007
0.408838
-1.518781
-0.612334
-0.612334
-0.035219
-0.537592
-2.940855
-0.746427
-0.877683
-2.448784
-1.330611
-1.214668
0.014595
-1.303604
-1.115328
0.332276
-0.881838
0.345228
0.340891
-0.568197
-0.611030
-0.540957
-1.045489
-0.611356
-0.460578
1.339965
-0.470337
-1.623770
-0.229486
-0.600940
-0.972513
-2.028039
-0.611356
-0.241631
-0.235510
-1.233874
-0.990058
-1.478587
1.012821
0.093086
-1.051396
-0.278343
-1.318805
-1.154804
-3.431142
-0.612992
-0.906397
1.159564
0.743771
-0.903735
-0.610376
-0.611682
0.025791
-0.610376
-0.217503
-0.490577
-0.568296
-2.726495
0.176547
0.012589
-2.024151
0.548900
-1.375786
-1.831259
-1.442302
-1.205916
-0.611356
-0.591940
-0.633991
-0.610707
-0.169757
-1.031107
-2.960468
-2.618551
-0.611356
-1.727737
-0.611356
1.181412
-1.192430
0.638420
-1.123464
-1.219026
-0.427684
-1.294982
-0.340576
-0.495762
-1.658546
-0.997872
-1.400019
-0.407045
-1.840353
-0.923164
0.369272
-1.072621
-0.163281
0.172239
-1.259930
-1.357487
1.835285
-1.359197
1.052112
-0.850188
-0.529532
-0.611030
-0.892907
1.404815
-2.279792
-0.612334
-0.881036
-0.952766
-0.568501
0.021271
0.520351
-1.749271
0.554777
-1.238309
-0.144989
1.067214
-0.610376
-0.498912
-0.871158
-0.410616
-1.228120
-2.210672
1.035253
-0.071289
-0.803645
-0.011674
-1.637314
-1.124323
-2.081009
-1.505952
-1.380504
-0.908262
-0.846835
1.236309
-0.830735
0.166096
-1.493318
-1.670316
-0.861982
-0.255926
0.617449
-0.236517
0.034704
-1.393815
-1.927454
-1.080984
-1.297051
-0.609724
-0.772762
-0.525071
-1.762224
-1.764418
-0.061121
-1.595345
-1.462849
-0.809625
-1.380514
-0.610376
-0.444346
-0.396429
-0.612007
1.099883
-1.039617
-0.610052
1.011625
-0.610707
-0.180703
0.066275
-1.343397
-0.612660
-0.611356
0.152135
-1.179474
-0.394880
-0.610707
-0.609074
0.063879
-0.612007
-1.728631
-0.506980
-0.114947
-1.153982
0.752841
-0.691886
-1.100407
-0.342932
-1.819559
-0.604787
-1.691351
0.099428
-1.784975
-0.760452
-1.319491
-0.733093
-2.811441
0.005347
2.122062
-1.282413
-0.094600
-0.726697
1.690515
-1.318747
-2.064383
0.052964
0.053703
-1.801343
-1.612031
0.473383
-2.664155
-0.090990
-0.708685
-0.646719
-0.610052
-0.589705
0.507722
-0.380136
0.448141
-2.654455
-1.200893
-0.596528
-1.355805
-0.236011
-0.374019
0.553254
1.368322
-1.982799
0.552823
-0.608427
-0.364149
0.358193
-0.610376
0.916140
0.071422
-1.296064
-0.963020
-2.304305
-1.226268
-0.691855
-1.772296
-1.343983
-0.342594
-0.800680
0.267704
-0.762791
-0.560035
0.680089
-1.195651
-1.611953
-2.488962
-0.449480
-0.613638
0.317319
-2.194312
-2.202051
-2.208507
-0.887061
-1.200047
-0.610376
-2.218657
0.476080
-1.500134
-2.259964
1.944368
1.271939
0.370918
-1.671641
-0.646295
-1.375723
-0.508779
-0.122239
0.906498
-0.252506
-1.395407
0.781892
-1.416291
-1.103411
0.769639
-0.914508
0.160645
-0.611682
-0.610707
0.962908
-2.302475
-0.611356
1.202514
-0.896282
-1.869432
-1.168741
-0.281293
0.201410
-0.000517
-0.911951
-0.113821
-1.210763
-0.184865
-1.578210
-2.070017
-0.386051
-1.583348
-0.365099
0.719655
-0.611030
-1.026294
0.560001
0.057523
-0.610376
-1.438732
-1.555947
-1.031376
-1.396323
-1.583303
0.603824
0.153733
-0.863440
-1.881380
-0.926439
-1.026483
-0.241613
-2.059307
2.603970
-1.535501
-2.277887
-0.811628
-1.998667
0.204619
-0.377159
-0.333137
0.207215
-0.611030
-0.120640
-1.860381
-0.803239
-2.132985
-0.290181
-1.223864
-0.757669
0.284303
-1.074246
1.025155
0.361036
-0.419028
-1.338468
-0.641950
-0.435289
-0.850605
2.702342
0.928980
-1.655265
-0.873066
0.836663
-1.347196
-0.430311
-2.462327
-0.724534
0.455158
-0.565515
-0.138918
-2.548366
0.025714
-0.041287
-0.610707
-1.387985
-0.611682
-1.076490
-2.314077
-0.611030
-0.931529
-2.502477
-0.455000
-1.152012
-2.027894
-0.234213
1.779621
-0.548978
0.319616
-0.299349
0.557945
-0.425739
-1.323933
-1.894989
-0.693532
0.976125
-1.811800
-0.440343
-0.611682
-0.908886
-0.609724
-2.307078
-0.530872
-0.432867
0.230715
0.085005
-0.610707
-0.611356
-1.899129
-1.854841
-1.151653
-0.684790
-0.611682
-1.389211
1.222285
-0.567674
-1.334595
-2.210876
0.174634
1.015531
-0.236642
-1.112004
-1.928022
0.473019
-0.350599
-2.008302
-0.265946
0.552481
-1.673087
-2.128812
-0.163890
0.066060
-0.067356
-0.612660
0.067592
-0.424546
-0.577675
-1.194012
-1.471038
-3.140675
-1.022772
-1.420457
1.621332
-0.611030
-0.566368
-0.844599
-1.372783
-0.610052
-1.049808
-0.409991
-0.496150
-0.771299
-0.598023
0.267868
-1.260308
-1.181751
-0.929558
0.743210
-0.100777
-0.611030
0.214104
0.091389
-0.690599
0.248518
0.228934
-1.270510
-0.173349
-1.840400
-2.482375
-0.717472
-3.198620
-0.610052
-2.688099
-0.015749
-1.147179
-0.917117
0.386868
0.491037
-0.906427
-0.410386
-0.611356
-1.237665
-1.085250
0.232535
-0.865660
-0.954536
-1.719095
-0.609074
-0.610376
2.274215
-0.692901
-0.704934
-1.739581
-1.710125
2.168354
0.426783
3.018397
-0.937349
-1.300797
-1.615058
-0.594128
0.190330
-0.148308
-0.402796
-1.543394
-1.167651
-1.000826
-1.119296
1.086297
2.585088
-0.612007
-0.671870
-0.193359
0.437427
0.414462
-0.222941
-0.305936
-1.352404
-1.996943
-0.937983
-0.611356
-0.885879
-0.083891
-2.493703
-1.613909
-1.510607
0.316672
1.272903
-1.453332
-0.866300
-0.172082
0.007476
-1.228430
-0.627006
-0.287117
0.317490
0.130220
-0.750241
-0.159079
-0.125970
-1.946692
-0.246039
0.747275
-0.409040
0.344992
-1.209312
-0.220988
0.444651
-1.246096
-1.413270
-0.060495
-1.142741
-1.566764
-0.609074
-0.236390
-1.520375
-0.988252
0.101917
-0.281530
-1.358765
-1.771043
0.040667
-1.244389
-1.724253
-0.875402
-1.195192
-1.421247
-0.236390
-1.559880
-0.662018
0.667925
0.124086
-1.336633
-1.394973
0.198452
-0.304603
-0.575357
-1.366151
-1.040737
-1.768644
-0.609074
0.941246
-0.826409
-1.717144
-1.205978
-0.871242
0.173044
-1.240501
0.140027
-0.835444
-0.790423
-0.610376
-0.817155
0.435762
-0.300896
-0.610992
-0.688182
-1.354874
0.595869
-0.366273
-0.986031
-0.078247
0.837582
-0.609724
-0.611030
-1.470983
0.647223
-0.413677
-2.201748
-0.029131
-1.355830
-2.007215
0.615984
-0.453594
1.071181
-0.609724
0.042359
-1.052260
1.144833
-0.817689
-0.050755
0.054120
1.561666
-0.082665
-0.514669
-2.291768
-1.911577
-1.658638
-1.583274
0.395385
-2.457980
-0.958877
-0.570649
-0.231748
0.463161
0.139858
-0.653850
-0.059661
-0.445078
-1.800418
0.716813
-1.303299
-1.813108
0.555285
-0.610707
0.456765
-0.325716
-0.612660
0.952984
-0.374929
-0.611682
-0.428484
3.573056
-1.655126
-0.918242
-1.463599
-0.091949
-1.558528
0.089317
-0.966216
-0.744650
-1.680025
-0.709591
-0.334905
-0.479530
-1.124285
-0.441059
-2.166787
0.255814
-1.453565
-0.409486
-1.208469
-0.611030
-2.000350
0.795940
-0.611682
0.208715
-1.589812
-0.610376
-0.236137
0.364505
0.642095
-0.612334
0.759588
-0.610376
-0.541877
-0.389455
-1.155422
-0.611030
-1.618650
0.232600
-2.784480
-0.648591
-1.504247
-0.116683
-0.092173
-2.010853
-0.226593
-0.539847
-0.610707
-1.224632
-1.667455
-2.093130
-0.534440
-0.971055
-0.958687
-1.618806
1.057671
-0.628564
-1.556017
-0.152279
-0.610376
0.255902
0.341984
-0.612660
-0.607577
-0.610376
0.260278
-2.428585
-0.611356
-0.753686
-0.638453
-0.236767
-1.032006
-1.716441
-1.074157
1.743445
-1.583161
-0.321481
-1.344367
-0.398405
-1.683077
-0.380649
0.540655
-0.873522
-2.507293
-1.663046
-1.875005
-0.156856
-0.298546
2.094561
-1.549929
-0.993976
-1.597110
0.599933
0.071772
-0.611030
-0.995988
1.037845
-0.612660
0.234358
0.447832
-1.902892
-0.405539
2.392070
-0.891748
-1.335635
-0.843701
0.585032
-0.918522
-0.611356
-2.204879
1.957223
-0.236642
-2.281766
-1.908927
-1.217887
-0.141216
-0.708351
-1.837371
-0.880531
-0.946354
-1.895971
0.686085
-0.686734
1.113630
0.451843
-0.413864
0.070169
-0.356410
-2.202401
-0.015633
-0.235763
-1.595992
0.158194
2.003189
-0.610707
-0.901370
-0.286396
-1.944790
-0.722845
0.179013
-0.744057
0.589324
-0.457381
-0.640290
-0.796997
0.172891
-0.214911
-2.414327
-1.719303
-1.295662
-1.309841
0.386841
-0.996017
-0.235386
-0.174648
-1.237349
-2.020804
1.188197
-1.861485
-0.070314
-0.982492
-2.402254
0.338587
-1.407871
-1.367365
-0.505914
-1.605517
-1.007229
-0.741615
-0.612007
0.036142
-0.341486
-2.476822
-0.610052
-0.612007
0.678508
-0.289606
-1.923163
-0.494168
-1.166258
-0.953727
-0.476192
0.432942
0.212565
-0.907088
-0.611030
-0.611030
-1.289580
0.158087
-0.168879
0.105053
-1.815914
-0.009357
-0.610052
-0.791424
-0.859426
-0.883234
-1.922187
1.053165
0.009449
-2.053637
-1.656517
-0.612007
-0.283643
0.707665
-0.004086
-1.327116
-1.140864
-0.615920
-1.021372
-1.547281
-1.077476
-0.624213
-0.886992
0.900780
-0.352508
-0.305446
-1.350858
-0.642511
-2.342157
-0.610052
0.326767
-0.612660
-0.610707
-0.073949
-0.608751
-2.330945
0.923747
0.765912
-1.841030
0.226687
-0.611682
-0.514839
-0.872080
-2.013760
0.205542
-0.387744
-1.192866
-0.648568
-0.988057
-1.475413
-0.144636
-1.601322
-1.110749
-0.226872
0.018957
1.312465
-0.858856
-0.513645
0.504070
-0.537968
-0.199341
-1.359345
1.019728
-0.014893
-0.530236
-0.610376
-1.718371
-0.804454
-0.611356
0.338605
-1.450352
-0.944997
-0.752237
-0.603514
-0.610707
1.237031
-1.622903
1.968653
-0.712802
-0.055635
-0.049708
-0.193610
-0.609403
-0.569364
-0.213480
0.257373
0.475108
0.217494
-1.821053
-1.599798
-0.535848
-0.934084
-0.613315
0.007217
-1.320262
0.267297
-0.825911
-0.120853
-1.977176
-0.924288
-0.677879
0.305013
1.975829
-0.245214
-1.088423
-1.359834
0.201875
0.195006
0.002849
1.353021
0.733042
-1.134848
-0.612660
0.256952
-0.990209
-0.612660
2.210518
-1.889825
-0.611030
-0.610707
0.246845
0.182641
-1.060335
-0.874122
-0.610376
-2.045357
-0.612007
0.282894
-1.002955
0.064143
0.220538
0.565291
0.109944
-0.951953
-0.433340
-1.845838
-0.398755
-0.786589
-0.314133
-0.087077
-1.188792
-0.537317
-1.605090
-0.882513
-1.915451
-0.549105
0.078906
0.639859
-0.909929
-0.419486
-0.364789
2.558367
0.350534
-0.288859
-1.574576
-0.350411
-0.610707
-0.237019
-0.611356
-0.610707
0.087455
-0.610707
1.065804
1.162097
-0.216861
-1.354105
2.132391
-0.610707
-0.472908
-0.142147
-0.610707
-2.230209
-0.828156
-0.960769
-0.777063
-0.361300
-0.332193
-0.487026
-0.609724
-0.644761
1.599944
0.263435
0.217186
-0.760729
1.309068
-2.063377
0.103532
-1.579134
-1.020982
-2.320921
-0.329378
-1.377755
0.225854
0.701645
-1.431074
0.505447
-0.137468
-1.219736
0.241376
-1.147085
-0.366941
0.247831
-2.176214
-1.707268
-1.722228
-0.874089
-0.610376
-2.192244
-0.468738
-1.046395
-0.611030
0.258496
-0.166384
-0.610707
-2.403023
-0.671617
-0.133479
-0.236390
0.031464
-0.663950
-0.947905
0.177192
-0.656866
0.283822
-0.236767
-0.771603
-1.829354
-0.707817
-0.410199
0.327578
-1.016059
-1.725120
-2.504759
-2.708083
-1.331969
-1.796471
-1.267505
-0.493563
-0.311998
-1.303825
-0.322302
-0.925282
0.103150
0.020297
-1.907507
-1.665206
-0.610707
-1.108749
1.596399
0.384594
-0.335638
-0.634335
-3.063384
-0.496162
-0.611682
-0.407683
0.817396
-0.612992
-0.612334
-0.096142
-0.830709
-0.611682
-0.772916
-0.237152
-0.612007
-1.522000
-1.314735
-0.410166
0.935228
-0.236642
-1.205595
-0.489474
-0.327465
-0.237152
0.263323
-2.286936
0.385120
0.425875
-0.083252
-0.024852
-0.612334
-0.246177
-2.288610
-1.503419
-0.872600
0.215090
-0.245598
-0.167216
0.604089
-0.743683
0.677423
-0.610707
-1.439735
-1.159233
0.829887
-0.931857
0.627580
-1.145658
-0.610707
-0.066192
-0.301636
-0.959215
-0.237275
-2.780762
-0.179235
1.365687
-1.536775
-1.281919
0.256604
-1.079818
-0.145880
-0.264785
-0.086794
-1.125720
-0.612007
-0.236767
-0.012917
-0.611356
0.257344
-0.099438
1.008499
-0.569406
-1.789083
-1.244791
-2.173148
-1.236120
0.237386
1.694840
-0.169238
-0.612660
-0.755018
-1.387600
0.782310
-0.323708
0.676340
-1.260331
-2.818788
-0.350619
0.317400
-0.533425
-0.545743
-1.220649
-0.355553
-1.108696
-0.400149
0.202697
-0.810628
-0.609724
-0.784062
-0.639959
-2.031670
-1.100551
0.115199
-0.492370
-0.013499
1.136708
0.661343
0.483669
-0.610707
1.153855
-2.265204
1.250131
-1.221296
0.555654
0.107847
2.157687
-1.156703
-0.152797
0.529305
0.583399
-0.568160
-0.386013
-0.610052
-0.610376
-0.288173
-0.237152
-0.236767
0.248672
-0.612007
-1.488107
-0.411975
-1.220296
1.393702
-0.236137
0.649467
-1.350443
-0.612007
-0.297915
-0.272878
-1.045249
-0.236767
0.865847
-0.311498
-1.125055
-0.496013
1.626685
-0.236517
-1.504326
0.305088
0.465973
-0.132136
-1.685535
-2.065531
0.721089
-0.005234
1.434142
-0.340802
0.975843
-0.914925
-0.963316
-1.873783
0.025542
-1.886760
-0.527244
-0.428128
2.501094
0.507379
-2.958362
-1.851540
0.404207
0.593023
0.498147
-1.344676
-1.708108
-1.599610
-0.456478
-0.882981
-1.203214
-0.416404
-1.346871
-1.304528
0.791776
-0.587021
-0.724287
-0.058988
-1.612403
0.763880
0.070791
-0.191044
-0.857938
1.029981
0.100363
-0.830473
-0.608427
-0.236894
-0.668620
-0.610376
-1.018663
-0.610376
-0.168512
-1.838442
-0.786188
-0.345347
-1.036989
0.147762
0.787951
2.149590
-0.639808
-0.964953
0.210067
0.439035
-0.122427
0.487400
-1.467288
-0.610376
-1.423415
-1.660714
-2.454877
-0.541535
-1.406558
0.359336
2.397467
-1.026427
-0.236390
-0.151362
-0.280796
-1.029528
-1.738176
0.838409
-0.907637
-0.536512
0.313158
0.290189
-0.610376
1.008150
0.155567
-1.007602
-0.408845
-1.821286
0.867000
-0.389228
-0.611356
0.709286
-0.612660
-0.410166
-0.710043
-0.546498
1.148340
0.445596
-1.023427
-0.611030
0.348564
-0.128804
1.421061
-0.660217
-1.148672
-0.611030
0.047101
-1.439733
-1.475443
-1.105372
-2.626359
0.228308
-0.611356
-1.431397
-0.536093
-1.186122
-1.523386
-1.300277
-0.739038
-1.155150
-0.427787
-0.815471
-0.412409
1.111970
-1.223300
-1.066791
-1.334457
1.757877
-2.086277
-0.608100
1.983859
-0.898248
1.297680
-0.373037
-0.433294
0.401387
-1.167045
-0.590195
-1.015031
0.793345
-0.009323
-0.612007
-0.220995
-1.026357
-1.060362
2.623355
1.225340
-0.612007
0.135066
0.298538
-0.177741
-2.384056
-0.523211
-0.236767
-0.611030
-0.040410
-0.611030
-1.713846
-0.410837
-0.953885
-0.236894
0.256534
-0.237019
-0.178613
-0.546615
-1.569415
-0.610707
-1.097101
1.612123
-0.027979
0.003685
0.057608
-1.187331
-0.568328
-2.829994
-1.320038
-0.201248
0.240624
-1.362421
-0.791189
-0.610707
-0.611224
-1.773266
0.729807
2.387958
-0.942700
0.250206
0.173487
0.307727
-0.333099
-1.389436
0.388577
-1.799133
-0.610376
-0.914440
1.127893
-0.609760
-1.159782
0.295562
-0.718873
0.525730
-2.663201
-0.244550
-0.939994
0.861557
-0.931374
-0.432330
-0.280525
-0.755798
-0.611356
-0.236642
-0.525490
1.021806
1.637486
-0.154816
-0.454645
0.101132
1.227435
0.074258
-0.287892
-0.045338
-0.133160
-0.610376
0.455516
-0.553553
-0.610707
0.692097
0.336514
0.186976
-0.226766
-0.438712
0.384840
-1.287009
-0.419838
-0.612007
0.284913
1.631150
1.850211
-0.650192
-0.216569
-0.465722
-0.612007
-1.392329
-1.985261
-2.033945
-1.667114
-0.970302
0.426086
-1.123572
-1.479233
1.046122
-0.399274
-1.955740
0.604495
-0.413086
-0.173334
0.875278
-0.612007
-1.120438
-0.575875
-1.198077
-1.613568
-2.435578
0.288663
0.951162
0.296658
-1.013965
-1.595068
-1.637851
-0.461281
1.468204
-1.159774
0.111912
-0.946781
0.233475
1.790655
-0.526341
-1.319985
0.285875
-0.611356
-0.236266
-0.045165
-1.247613
-1.561106
-0.609403
-0.276250
-1.610190
-0.236642
-0.464027
-1.888067
-0.981779
0.319784
1.778146
-0.611682
-0.610707
-0.710249
-1.862408
-1.496910
0.844167
0.707605
-1.487720
-1.809788
1.220936
-0.411290
1.832734
-0.819038
-0.041597
0.104014
-0.644405
-0.608230
0.565381
-0.631984
2.308964
-0.730168
1.116385
0.782507
0.642657
-0.264258
-1.230667
-0.674758
-0.494466
-0.446545
0.417641
-0.910094
-0.830918
-0.614013
0.195075
-0.145631
-2.321533
1.223600
-0.125202
-1.461245
-1.833149
-0.034075
0.841483
-1.830262
-0.784300
0.067187
-0.131070
-0.012945
-1.366823
0.667289
-1.194373
-0.611682
0.231723
-3.699207
-0.611356
-0.611682
-1.217967
-0.983960
1.385916
-0.610376
-2.480552
-0.404772
0.295166
-0.837124
-1.587960
0.399012
0.864565
-0.611356
-0.700416
-0.610707
-0.000901
-1.825128
-0.825623
-1.705270
-0.865862
0.603283
0.770158
0.866095
-0.897505
0.094701
-0.629918
-0.958520
-1.724016
-2.280448
-1.222849
1.092401
1.824993
-0.631186
-1.818452
-0.478429
0.684848
-0.273880
0.331053
-0.411856
0.802463
0.877312
-0.906605
-0.966251
1.826745
-0.083751
-0.237275
-1.370168
0.499273
-1.433536
-0.191198
0.462614
-0.571271
-0.110862
-2.212517
-1.179111
-0.061945
2.367687
-1.809078
-1.614738
-1.317484
-0.613638
0.303377
-1.054165
-0.329134
-0.489026
-0.651131
-0.107234
-1.391422
0.545177
-0.609403
-0.611682
-0.068584
0.075327
-0.076484
-1.748473
-0.545488
-0.593909
-0.106785
-0.692859
0.007341
-0.813909
-1.396209
-0.799465
-1.287816
-0.512473
2.438884
-0.610376
-0.679045
-0.610052
1.130940
0.638646
-0.610376
-0.267106
-2.026745
0.156172
-0.608427
-0.405388
-1.008564
-0.611030
-0.041560
-2.257634
-2.477285
-1.215431
1.810373
-0.890260
-0.051061
-0.784837
-1.784236
-1.153595
-0.609724
-0.539241
-0.128451
-0.861451
2.556641
2.013259
-1.109589
-0.532907
-0.612660
1.873579
1.500780
0.867066
0.298083
0.568886
-0.837530
-0.297544
0.556440
0.957411
-0.846281
-0.147138
-0.923905
0.073261
-0.029219
0.958140
-2.658471
-0.725694
-1.156611
0.837479
-0.809595
-0.718300
-0.258020
1.733046
-0.786575
2.293470
0.243473
-0.776358
-0.088304
-1.477308
-0.161951
0.745873
-0.318322
-0.163948
-1.960745
-3.712346
-1.096981
-0.797895
-1.570180
-0.558443
-0.994990
0.411776
0.005103
0.056918
0.480805
-0.611030
-0.611030
1.389094
1.257902
-1.059177
-1.024318
-0.611682
-0.355083
0.672751
-0.570252
0.345134
-0.853717
-0.879558
-1.969226
-1.003122
-0.612334
0.543734
-0.609403
-1.826930
-1.796749
-1.971487
0.053720
-0.610376
-0.167496
2.064740
-0.610707
-0.612334
-0.570991
-0.236642
-1.166655
0.159295
-1.450905
-0.900940
-0.103493
1.249333
-0.390625
-0.610707
-0.236011
0.599041
-0.612334
-0.531195
0.254708
-0.502137
-1.108746
-1.268074
-1.727301
-0.809175
-0.579635
-0.807398
-0.896071
-0.290636
-0.568027
-0.447956
-0.348661
-0.852421
1.666627
-0.228362
-0.955854
-0.034601
-1.438343
-2.274505
-1.016571
-1.081449
-0.531599
-1.506496
-1.591464
-1.857331
0.558914
-1.255601
-0.609724
-0.783236
-2.006812
-0.612007
-1.190791
-1.076989
1.777952
-0.419991
-0.219014
-1.375147
0.521619
-0.559493
-0.625489
-1.432177
-0.602904
-0.610052
1.809129
-0.813391
0.596158
0.420353
-0.818633
-0.348936
-0.611356
-0.478196
-1.316374
-1.062914
-0.190097
-0.564467
0.120464
-0.024953
0.066706
-1.123798
0.073013
-0.611682
-0.392832
-0.610707
-0.191745
0.477316
-0.647376
-1.010727
-1.331423
-0.610707
-0.610707
-1.468054
-1.509474
-0.611682
-1.717444
-1.422681
-0.609074
-0.627613
-0.051379
-1.187612
-0.611030
-0.611030
-0.209966
-1.091077
-1.616122
1.412019
-0.634079
-0.864812
-1.529316
-2.861637
-0.529835
1.110658
0.394524
-0.362313
0.502212
-1.262097
1.691936
0.002548
-0.591498
0.416343
-0.470810
-0.134914
0.157041
2.082058
-0.494871
-0.610707
-0.610707
-0.770154
0.089532
-0.576735
-1.675637
-0.367914
-0.296610
-1.429478
0.652171
-0.049826
0.128682
0.880297
-1.006953
-1.394789
-0.290954
-2.082370
-2.223260
-0.257435
-0.873365
-1.564336
0.304395
-0.105872
-0.355766
-0.645886
0.405531
-1.489547
-1.996232
-2.120639
-1.878371
-0.454417
-0.292206
-1.434596
0.488945
-1.480462
-0.612334
0.680163
1.356659
-0.401200
-0.589257
-0.611030
-0.396020
-0.407463
-0.342970
-0.747354
-0.359832
-1.075860
-1.898128
-0.337668
-0.236390
1.645387
-0.610707
-0.610376
-1.868123
-0.111660
0.792833
0.381449
0.141098
-0.236767
-0.271111
-1.676091
-1.283214
-0.610052
-0.937134
-0.236767
-0.476112
1.255763
2.332486
-0.472920
0.766380
-1.237866
-0.857490
0.099349
-0.629464
0.964907
-0.917528
-0.818204
0.132603
0.416962
-0.661584
-0.173116
1.081838
-0.351473
-1.946473
-0.412635
0.291661
1.565933
-0.612992
-0.830156
-1.376430
2.085808
-0.289828
-3.022570
-0.658291
-0.178925
-0.178230
-0.407683
-1.505341
-0.752087
-0.610376
-0.404785
-0.274467
1.369253
0.244562
0.803611
0.562172
-0.109977
1.933032
1.300246
-0.724099
-1.506474
-1.681247
-0.462540
-1.175386
0.178844
-1.433451
-1.715020
-2.140873
-0.903030
-1.403692
-0.673228
0.778024
0.540466
0.342355
-1.780191
-1.747055
-0.610376
-1.095843
-0.610376
-1.090159
-1.448016
-0.045637
-0.119753
-0.596419
-1.447958
-1.107814
-2.453964
-0.612992
-0.258939
-1.716310
-1.126984
0.665793
-0.597184
1.510717
1.786770
-0.069608
0.768237
-1.003617
0.258636
-0.905987
1.112809
-1.598361
-1.313270
0.673214
0.554351
-2.456676
-0.394258
-0.756214
-1.519734
1.199949
-0.604437
0.854198
1.901497
-1.077476
-0.007435
-1.461767
-0.472247
-0.440036
-0.159008
-0.822651
1.973810
-0.278374
-0.513477
1.477136
-1.088320
-0.996111
-1.639849
0.300119
-0.212472
0.695629
-0.610052
1.713260
-0.577538
-0.746284
1.104647
-0.777847
2.617549
-1.585128
-0.610707
-2.960838
-0.658747
-0.429250
-1.019167
-0.748517
-1.207720
0.685761
1.152675
-0.099841
-0.713577
-0.564154
-0.652129
-0.613888
1.022936
-1.036893
2.064525
-0.608427
-0.610707
1.505454
-0.610707
-0.844754
1.973285
2.539109
-0.839061
-0.610707
-1.808306
0.968756
-0.551526
-0.612007
-0.565013
0.541531
-0.610052
1.047959
-0.409716
-0.610707
0.360829
-1.344862
2.591150
-0.427029
0.328821
-0.214808
-0.833855
0.190168
-2.128829
1.569100
2.789216
-1.074993
2.389508
-1.408215
0.693032
-1.091030
-1.702906
-1.294134
0.401845
-1.040092
0.028830
-1.355979
-0.127074
0.524325
1.020765
-1.368952
-1.426968
-0.435468
-0.611356
1.108636
0.347927
-0.682413
-0.158484
-0.453458
-0.745085
-0.773936
-0.685257
-0.537995
-1.811802
1.118366
-0.999324
-0.611682
-1.071908
2.264294
-0.610707
2.463984
0.017977
0.032124
1.502974
0.665637
-1.395536
-0.204791
0.374727
1.388551
0.458317
-0.555820
-0.686299
-0.669092
-2.156107
-0.266376
0.848585
-2.497166
-0.529498
-0.611356
-1.909395
-1.528888
-1.433803
-1.324309
-2.286991
0.399309
1.743767
-0.610052
1.655161
-0.434153
-1.192773
-0.780935
0.411405
0.513843
-0.612992
0.257095
-0.236642
-0.236517
-0.611030
-0.611356
-0.612334
-0.609724
-0.611682
-0.808718
0.421035
0.382499
-0.236517
0.398573
-0.150324
-0.061839
-0.611030
-0.871831
1.069636
-0.761722
0.106835
-0.270372
-0.022753
-0.349491
-0.060215
-0.138828
-0.389499
-0.236517
-0.610376
-1.024144
-0.001855
-1.519290
0.731084
-0.464345
-0.236390
-1.258231
-0.841190
-0.611030
0.567268
-0.611356
-0.982444
-1.787331
-0.124155
-1.662707
-0.143910
-0.610052
0.469815
-2.108421
-0.111015
1.794040
-0.236266
-0.278783
0.252558
-0.611356
-1.088383
-0.638592
-1.851968
-0.679068
-1.703181
1.512015
-0.461374
1.123288
0.326777
-1.620164
-2.779521
-0.272114
0.041156
-1.149755
-2.192613
-0.526260
-2.241494
-2.109444
-1.443403
-0.854493
0.085893
-0.781327
-0.611030
0.511262
-2.004770
2.893281
-0.808733
0.727604
0.948531
-0.257396
-0.609403
-1.419583
-0.706118
0.634863
-0.987028
-0.236266
-0.929717
-0.353234
0.928019
-1.151228
0.979305
2.430405
0.769542
-0.684108
-0.376648
0.267641
-0.259671
0.133710
-0.406109
-0.612007
0.579699
-0.118756
-0.610707
0.437456
-0.605582
-0.312208
0.469393
-0.612007
-0.610707
-0.611030
0.219273
-1.303425
1.404758
-2.019892
-1.250839
-0.123537
-0.355461
-0.612660
0.242523
-0.611356
-0.810041
1.739462
-0.319084
0.307072
-1.021490
-0.832605
-0.610707
0.494466
1.752915
-1.794742
-0.610707
-0.611356
-0.491602
0.337731
-0.329926
-0.610707
-0.611356
0.462665
-0.122937
-0.236137
-0.611356
0.142500
-0.892008
-2.002621
0.659185
-1.351831
0.435752
-0.774636
-0.041677
0.101658
-2.691928
-1.294339
0.232073
-0.866799
0.987794
-0.642187
-0.624397
-0.040406
-0.569977
1.121482
-0.880782
-1.718606
0.718951
-0.063390
1.189510
0.193849
1.139336
-0.006224
-0.168879
-1.402732
-1.077052
0.808717
1.320126
-0.611030
-0.174073
0.832206
-1.229318
-1.176907
1.049537
-1.275007
-1.062342
-1.403125
1.310165
2.215997
-0.612007
-1.859587
-0.493017
0.741385
0.618039
-2.401439
-0.014732
-0.688648
-2.108297
-1.022483
0.786469
-0.612334
1.528977
-0.620161
-0.889686
-0.611682
0.714875
0.008143
-0.612334
-0.022535
-0.168429
0.047563
0.794827
1.303507
-1.210785
-0.576748
0.760695
-1.888807
0.253025
0.421513
-0.833258
0.425144
-0.610052
0.140179
0.390024
-0.393279
2.169398
-0.924354
-1.317677
-2.578792
-0.612334
-0.096050
-0.610707
1.061486
-1.290763
2.973758
-1.667005
-0.578381
-0.937677
-2.260914
-0.853474
-0.992087
-0.863202
0.059421
0.564332
0.499548
-0.319095
0.642849
1.199901
-0.097987
-0.612007
1.996154
-0.294521
-0.612007
-0.141755
-0.852678
-0.611682
-1.165584
-0.656960
-0.865117
0.500652
1.471705
0.225166
-1.359234
0.213485
-2.196294
-2.019545
1.075898
0.617227
1.467490
-0.418518
-0.347431
-0.613315
0.156435
-2.156681
-0.610707
-0.683901
-0.556582
-0.986934
0.174215
-0.385174
-1.167616
-0.588963
-1.654501
0.187559
-0.458480
0.316463
-0.610707
0.038029
0.008141
-0.997285
-0.611682
-0.610455
-0.837383
0.370412
-1.108796
-0.453614
-0.049250
-0.960917
-0.166490
-0.612007
-1.639242
1.524780
-0.884445
0.749997
0.122310
-0.480554
-0.341417
0.054693
0.450696
-2.819262
1.044644
-1.810928
-0.781494
0.716554
-1.216325
-0.640512
-0.404114
-1.496413
-0.611682
-1.701072
-0.162321
-0.470681
-0.234249
0.716199
0.090391
0.873027
-1.147845
-0.621853
-0.723330
0.421223
-0.631672
-1.300044
1.477702
3.566127
-1.548633
-0.614416
0.284880
-0.214604
0.460640
-0.610376
-0.357707
-0.610376
-1.263821
-0.611682
-0.610707
0.463172
-1.066517
-2.499901
-0.067302
0.827273
0.476411
-1.355094
-2.112052
-0.610052
-0.787100
-2.629585
0.293264
0.447832
-0.610052
-0.611030
-0.610052
-2.854820
-0.612007
-2.327847
-0.292556
1.107650
-0.014308
0.359330
-2.079417
-2.074548
-0.612007
0.727612
1.353504
-0.127456
0.289915
-0.609403
-1.159314
-1.178661
0.547478
-0.887055
-2.666508
-0.676138
1.242294
-1.059493
2.954900
-2.990680
-1.980976
-0.036497
-0.611682
-0.892213
-1.168426
-0.611356
-0.613458
0.214675
-0.329548
-1.011114
-0.661544
-0.733222
1.503650
0.288843
-2.391968
-0.920042
0.960215
-0.610707
-1.299453
-0.260851
0.753565
-0.737721
-1.075715
0.369637
-3.807194
0.076960
-0.029728
-1.701017
-1.090822
0.343539
-0.513736
-0.282525
0.505988
-1.548691
-1.247262
-0.943728
-0.981304
-0.185132
-0.612660
-0.434719
0.614454
0.115510
-0.004416
-2.292702
0.341644
0.414126
-0.454078
0.252364
-0.465988
-0.038985
-1.484767
-0.538331
0.296385
0.361052
-0.601256
-0.610707
0.793931
1.657320
0.575700
1.849733
-0.156483
-0.178804
-0.163064
1.446411
-0.486000
0.994757
1.755783
-0.523217
1.693954
-0.970128
2.256682
1.924317
-0.486344
-1.397082
-0.611682
-0.394130
-3.370692
-0.611356
0.316786
0.452187
-2.052426
-0.611682
-0.412862
-1.148762
-2.234262
0.003426
-0.608094
-0.361830
-0.610052
0.042327
0.213948
-0.158241
-0.611682
0.293162
-2.045304
-0.394556
-0.230930
-0.611030
-0.145911
0.878844
-0.236390
-0.903744
-1.298602
-1.800327
0.257653
-1.238191
-0.613315
-0.467823
0.080740
0.607295
-0.566977
0.239838
0.411183
-1.178145
-0.589253
0.015169
-1.601492
0.215909
-0.248302
-1.775106
-0.611030
-0.398457
-0.236767
0.957208
1.214029
1.760500
-0.012342
-0.363245
-0.363363
0.510736
-1.127912
-0.611030
-2.247392
0.942707
-2.420333
-1.305001
0.587594
-0.127405
-0.006948
-0.045209
-1.094229
-0.651525
0.291763
-0.611682
-0.531414
0.907695
0.172163
-2.227398
0.338597
-0.948671
1.468737
1.232143
-0.837608
0.255830
-0.631617
-0.463230
0.014264
1.933543
-0.900790
-0.428991
3.178901
-3.001767
0.187765
-1.436573
-0.499923
1.614524
-2.162673
0.803995
0.989212
-1.144372
-0.970662
1.725203
0.743479
1.105871
-0.874307
-0.808054
0.130567
-0.603997
0.484796
0.169561
-1.081839
-2.306387
0.112030
0.060878
1.048075
-1.829224
1.241891
1.689328
0.200601
-0.833835
0.897937
-1.174078
-0.179444
-3.482786
-0.767877
-2.117313
0.075272
0.800415
0.481066
-1.074521
-0.599842
0.969804
-1.319857
-0.647506
-0.608751
-0.610052
0.541339
-1.948976
-1.035094
-0.611682
3.347915
-1.375839
-2.337875
-1.151703
-2.207798
-0.132913
-1.243546
1.099137
-0.611356
0.036192
-0.242061
-0.611030
2.214233
-0.610052
-2.138681
-0.105180
-0.803323
-3.238654
-0.611356
-0.279681
-1.066388
0.017414
-0.610376
0.138760
-1.834637
1.303566
0.413011
0.859763
-1.274569
0.408995
2.002661
0.076874
-0.375443
0.022866
-3.481317
-1.092218
2.083781
0.645998
-0.934909
-1.680336
-1.064006
-1.773595
1.958017
-0.611356
-1.604109
1.250341
0.175483
2.280307
1.674852
-2.159369
-0.679535
-2.053357
-0.647831
-1.486496
-1.465295
-1.779171
-0.516163
-1.137003
-1.167388
-0.205289
-0.306851
0.052315
-0.611356
-0.028788
-0.148428
-0.492044
-0.587853
0.244601
1.020595
-1.219299
0.215487
-3.678298
-2.699829
-1.578357
-0.450425
-1.727959
-1.526958
-0.531071
0.636764
0.116366
-2.028875
0.315367
-2.247825
-0.593318
1.960113
1.217387
0.068912
0.515526
-0.266513
-0.068522
-0.282582
-0.935886
1.783615
-1.000117
0.660715
-0.533384
-1.581191
-0.127047
1.427189
1.181905
0.453920
0.565554
-0.316301
-0.412409
-0.778464
0.655071
-0.237152
0.327685
0.354311
-0.136710
-1.744312
0.484067
-0.043674
-0.346690
-0.612007
1.513967
-2.365699
1.174988
-0.348434
1.051190
-0.884377
-0.421090
1.771074
-0.249280
-0.611030
-0.741763
-0.368643
0.184579
0.379723
0.994818
1.135324
-0.339946
0.264901
-0.490495
-1.414931
0.054393
-0.280863
0.142387
-1.620638
-2.056494
-0.725656
-1.259920
-1.295196
0.365329
1.796853
-0.611682
-0.408585
0.844426
-0.611682
-0.611682
-1.961128
1.876438
-0.310096
0.302985
-0.391707
-0.569110
0.479621
-0.610707
-0.609724
0.364935
0.914585
0.160763
-0.611682
-0.612334
-2.437710
-0.612334
-0.391258
-0.540304
3.207008
0.225208
1.281143
-1.709762
-2.472486
-0.707881
-0.611030
-0.613315
-3.143366
0.545612
2.680820
-1.187046
-0.201319
-1.450481
-0.560166
-0.406339
-0.951193
0.313053
-0.894689
0.271861
-0.410166
0.110117
-0.611356
2.696065
1.220497
-1.391726
-0.522752
-0.423338
0.303916
-1.542231
-0.115381
-0.612660
-0.960219
1.166716
-0.416199
0.073440
0.949428
0.987499
-1.642571
-0.374020
0.678348
-1.585991
-1.005032
-0.458501
-0.176926
-2.853630
-1.977768
-1.339661
-0.787294
1.765997
0.408897
0.352486
1.446944
-0.736504
-0.495159
-0.761864
0.537114
-1.558797
-0.611356
-2.368332
-0.611356
-0.865065
-0.132555
-1.564047
-1.231406
-1.367069
0.595778
-0.931745
-1.704194
-0.236011
-0.512157
-0.669230
1.149560
-0.593584
0.905831
2.227022
-0.655709
-3.443862
2.394929
-0.234275
0.199709
-1.143704
-1.313276
0.648379
-1.519826
1.059243
-2.209716
0.398517
0.478963
-1.506489
-1.374410
-1.738531
-0.581158
-0.721729
-0.169272
-1.189715
-0.995719
0.584004
-1.108551
-2.360358
-2.411090
-1.171731
-0.236517
0.004353
-0.724993
-1.388760
-0.611356
0.592164
2.556115
1.590557
-1.847031
-0.198015
-1.751446
0.586211
1.919932
-1.347835
-0.528017
-1.525196
-0.610052
-1.043083
-2.037324
1.355124
-0.500794
-0.135437
-2.284432
0.225405
0.256534
-0.651152
-0.612007
-0.235127
-0.612660
-0.609724
-2.299697
-0.790737
-0.723219
-0.608751
-0.611030
-0.137238
-1.076125
0.953788
1.191847
-0.611682
1.690082
0.583889
-0.236137
-0.451371
-2.457217
-2.818266
-1.249141
-0.913178
-0.611682
-0.482746
-1.355717
-0.611356
-1.621066
-0.385400
1.100822
-2.155483
-2.435895
-0.608751
-0.611356
-0.418940
-1.089849
0.247266
0.094727
-0.167341
-1.234514
-0.489362
1.491200
1.899614
1.267868
-0.817811
1.636897
0.239194
-0.332608
0.353244
-1.019816
1.470498
0.105083
-0.260925
-0.612007
0.045321
-0.611356
0.281814
0.107780
-0.611682
-0.474865
-0.959282
-0.611356
-1.132499
3.318520
-1.496698
-1.159125
-1.228314
0.485830
1.826990
-0.008221
-0.394824
-0.646270
0.838121
-0.468620
-1.572577
-0.496099
0.009550
-0.236642
-0.236894
-2.547580
1.859424
-1.109972
-1.975972
-0.613315
0.607924
-0.336124
-1.871499
-0.822645
-0.220931
0.872785
-1.525212
-0.424140
-0.324174
-0.523250
-0.104136
1.372893
0.692597
1.623760
-1.472126
0.199168
-1.043494
0.045245
-1.091928
-1.552403
-0.044908
-0.048198
1.611056
-2.354387
0.382877
-0.609724
-1.524904
-0.067797
-1.171038
1.066604
-1.298976
2.202901
1.353123
-0.287214
0.218205
1.161048
0.484335
-0.564213
-1.127184
0.518287
-0.166899
-1.822302
-0.588926
-1.248060
-1.143800
0.270853
0.379227
-2.765514
-1.123969
1.967000
-1.654349
-0.070103
-0.231020
-2.086250
-1.170788
0.698778
0.386091
-0.610531
2.088086
-0.611030
0.723187
-1.203623
-0.132702
-0.891025
-0.611356
0.626918
0.262375
-1.268073
-0.845499
-0.185078
0.438655
-1.185181
1.406294
-0.236137
-0.610707
-0.605229
-0.610376
-0.612007
-2.155326
-1.530642
-1.708353
0.656466
-0.611682
-0.428765
-0.275463
-1.061127
-0.611030
0.868019
-0.611356
-1.522398
0.705795
-1.512068
0.273895
-2.580770
-0.775826
2.655036
2.600180
0.022269
-0.559120
0.218512
0.241234
-1.204309
-0.611682
1.162435
-0.118013
-0.611030
2.625185
-0.601366
0.116554
-0.236266
-1.723271
-0.699897
0.136699
-0.838773
0.589787
-1.934672
0.158834
0.064857
1.960850
0.282272
1.485724
-0.705512
0.007079
-1.323979
-1.037328
0.059940
-0.817877
-2.211884
0.209829
-0.815538
-0.359955
-0.609724
1.215037
-0.838163
0.510171
0.386004
1.059704
-0.357865
-1.978298
1.070717
-0.612007
-0.452255
-0.612660
-1.210626
-0.772185
-0.925393
1.173237
0.551237
-1.252842
-0.516140
-0.658077
0.527088
-0.611356
-1.664325
0.568612
-1.486946
-0.174360
-0.782782
0.143918
-0.609724
1.844432
-0.460622
-0.042430
-0.972087
0.489753
1.380149
1.460825
-0.892334
-1.173794
-0.365218
-0.256340
-0.651012
-1.474674
-0.611030
1.425706
-1.489710
-0.684077
-0.345432
0.094964
0.657959
2.233129
-0.070703
-0.050566
-0.611682
-0.677415
1.087773
-0.309867
-3.060500
1.273416
-0.705911
0.983645
-1.923896
0.961706
-0.352094
-0.435368
-0.252033
0.885700
-2.447120
-0.557765
-0.909673
-1.398617
-1.733218
0.807236
-0.738379
-0.339951
-0.847560
-0.739065
-0.192921
2.079710
0.566513
-0.267278
-0.219890
-0.189388
-1.178024
-0.839982
0.241876
-2.816694
-0.742378
0.577479
-0.934452
-0.045435
0.483576
-0.696519
-0.671619
1.531825
-0.818278
-1.138085
0.068849
1.252648
-0.779974
-0.236642
-0.182110
0.046368
0.384723
-0.236894
-0.611030
-0.611356
0.397340
-0.611356
0.888424
-1.379091
-0.041471
-0.408811
-0.236137
-0.672997
2.155519
-0.660273
-2.473700
-1.121872
-0.715658
-0.612660
-0.522326
-1.504315
0.085603
-0.606721
-2.013919
-0.733437
-0.611356
0.005434
1.162961
-0.676461
-1.475988
-0.611030
1.345941
-0.611356
-0.612334
-0.607135
-0.612992
-1.121239
-0.408585
-0.610376
-0.884486
-1.523966
-0.610376
-2.955793
-1.051726
-1.201330
-0.610376
-0.406923
-0.989920
0.955715
-0.412004
-2.362634
-0.479823
0.899806
3.482332
-0.040321
0.366689
-1.092178
0.691245
0.467983
-1.425735
-0.254259
0.370956
-0.611030
-0.609074
0.760749
-0.237152
-1.381793
1.095385
-0.510415
-0.610707
0.466212
-0.115218
-0.076037
1.906675
-1.341506
0.370567
-1.184550
-0.611682
1.037159
0.300376
0.073490
-0.519201
1.790670
-1.342273
0.535609
0.259759
-2.037467
2.103425
-0.422369
0.069678
1.093433
-0.595210
0.831630
-1.030689
1.488835
-2.479983
-0.134509
-0.612334
1.211315
0.222281
-1.217299
-1.211785
-0.466641
0.176929
1.013784
-1.620705
-2.151857
-1.080413
0.045621
0.350020
-0.014532
1.495853
-0.612007
-0.566390
-0.611682
-1.206579
-1.193587
-1.461140
0.500654
-0.845273
-0.346427
0.188636
-0.611682
0.591351
1.344129
-0.643112
-0.836378
-0.869045
-0.598755
-0.611030
0.567531
-0.689011
-0.152561
2.371635
0.228728
-3.485545
-1.414482
-0.677962
-0.611030
-0.614828
-1.970109
-0.588457
1.721221
0.853886
-0.922150
1.072759
-1.105571
1.575144
0.985611
-0.483658
-0.720019
0.797640
-1.826186
0.030945
0.716747
-0.678456
-1.903674
1.355929
-0.029203
-1.130201
1.845056
-1.091054
-0.500277
-0.646025
-0.942217
0.042181
0.767544
-0.934020
-1.919700
-0.401430
-2.609639
-0.414535
2.683977
-0.197815
-0.037715
-0.947811
-0.431107
1.016809
-0.239390
-1.085793
-1.125063
-0.676603
-0.552664
-2.140603
0.636540
-1.947498
0.363712
-2.211161
2.672326
0.720661
-0.787142
-0.166045
-0.246554
0.131903
-2.339880
-1.333281
0.164351
-0.986870
-0.537706
-2.059997
-0.048038
0.185665
-0.236642
-0.611030
0.117716
0.200267
-0.752721
-1.283366
0.954524
-0.610707
-2.660606
-1.330429
1.039715
0.240604
1.821445
-1.311973
0.491627
3.747993
0.007047
-1.799197
-2.336805
-0.020474
0.330443
0.677413
0.249656
3.352059
-1.119480
0.057645
-1.264519
-1.227289
-0.611682
0.110125
-1.950137
-0.237152
-0.433638
0.413999
-0.611030
-0.611356
0.309864
-2.737781
-0.610376
0.072059
-0.611030
0.758882
0.691770
-3.274575
1.681067
-1.492920
-0.045338
0.187177
0.315987
-0.611682
0.932482
-0.407236
1.681077
-1.715573
-0.921737
-0.393682
-0.612007
0.667015
-1.729547
-0.610707
-0.801237
-0.611356
-0.609403
-0.612660
1.068206
-1.442823
-1.265898
-0.236517
-0.353284
-0.236767
0.655703
1.506423
-0.610376
-0.609724
-0.611356
-0.610376
1.129277
-1.246511
-0.611682
0.077370
-0.999823
0.497443
2.090280
-1.240974
-1.446705
-0.069849
-0.237713
-0.080044
-3.397235
2.469265
-0.134944
-0.611682
-1.368686
0.207013
-0.612007
-0.612660
-0.611030
-1.090477
0.461975
-0.735836
1.244765
-0.612007
0.120276
-0.612334
-1.903974
-1.660122
-1.506142
-0.595531
0.742403
1.936689
1.987253
-0.331043
-0.236642
-2.274116
-0.236011
-0.303086
0.535820
-2.168414
0.675276
2.405040
-0.622610
-0.793138
-0.659145
-0.580850
-0.413296
-0.426555
-0.635351
-0.077011
-0.611682
-0.048566
0.356495
-0.812313
0.364757
-0.610052
-0.611356
-0.609724
0.897713
1.441552
-1.188287
1.188952
-0.263743
-0.729300
-0.611030
1.523222
-0.301878
-2.268436
-2.840797
-1.710826
-1.061282
-0.611682
-0.876238
-1.291469
0.098390
-1.116230
-1.243956
0.530387
0.447572
1.527884
0.344384
0.568335
-3.023010
-1.563082
1.693551
-0.798569
-0.578422
-0.636968
2.108601
-0.676405
1.329215
1.834241
-1.438767
-0.462553
-1.057881
-1.004246
-0.973464
-0.671623
-0.610052
-0.574398
-1.457475
2.155531
-2.114705
-0.447460
-0.814743
-1.840378
-0.499338
1.749077
-0.611356
-0.487723
-0.178957
2.440326
0.347751
0.431044
-0.675670
2.001767
-1.618854
-0.609403
1.581385
0.731288
0.246332
0.098762
-0.140969
-0.241096
-0.710018
-0.817704
-0.931980
2.013654
0.226332
-1.496966
0.993381
0.399475
0.402890
1.002764
-1.238541
0.390362
1.352968
-0.849499
-0.946276
0.456575
0.383375
0.594905
-2.411889
0.382029
0.759826
0.938449
-1.685431
-1.937281
0.060410
1.876088
0.585294
-0.627757
-1.119995
-1.495104
-3.426809
-0.236894
0.924649
-0.521371
-3.205498
-0.527571
-0.611682
-1.409127
-1.481700
2.471358
1.600441
-1.226333
-0.931268
-2.252136
-0.804328
-0.281462
-0.678477
1.582989
-0.813553
0.005863
0.887468
1.208316
0.002383
-2.783895
-0.223023
1.206778
-1.564262
-1.598759
-1.100871
-0.632927
-0.611682
-0.611356
-0.611030
0.085367
0.293359
-0.611030
-0.610052
-0.612007
1.507815
-0.610052
-0.917263
-0.237275
0.257653
1.215316
0.618633
-1.797173
-0.612007
-1.195888
0.844300
-0.170017
0.003470
0.799518
-0.611356
-1.058246
-0.290309
-0.611030
-0.611030
1.638861
0.740948
-0.609724
-0.611030
0.515288
-0.188393
-0.612007
-0.236894
-0.610052
-1.880837
-2.460337
-0.612334
-0.029393
0.041841
-2.108653
0.377277
-0.236517
-0.609403
-0.245163
-0.585071
0.012886
-0.417605
-0.285736
-0.609403
-0.044707
-0.673341
-0.366270
0.334005
-2.293980
-0.611356
-0.386302
-2.332117
1.569770
-1.271134
0.023758
-0.393954
-0.235882
-1.324632
-3.424321
-0.997806
0.115008
-0.974718
-0.611030
-1.495529
-1.165089
0.821552
-0.610707
-0.359284
0.403484
0.934299
-1.233516
-1.232822
-0.266490
-0.611682
1.239080
1.372815
-1.561113
1.045614
0.283177
0.056169
-1.039707
0.543802
-0.645032
-0.395933
1.590097
-1.024619
-0.924404
-1.266051
-2.700384
-0.783275
0.274318
2.155668
-1.865134
-0.237275
-0.416690
-0.611356
-0.168132
0.249032
-0.572150
-0.236517
-0.756082
-0.913227
0.064890
-1.835921
-0.371422
-1.873714
-1.079834
-1.050885
-0.944809
0.920310
1.327155
-0.613960
-0.438479
-2.250321
-1.813791
-1.859239
1.210684
-1.031068
0.177019
0.219860
-1.480002
-0.337499
0.334195
0.491932
-1.076118
-0.290977
-1.159012
-0.327442
-0.726493
4.577320
0.945704
-1.418518
-1.629977
-2.026680
-2.670296
2.511293
-0.752737
-0.169297
-2.054717
-0.834833
-0.612660
-0.917007
1.631744
-0.010892
-0.908645
0.759166
-1.353904
3.142834
-0.383667
-1.190007
1.681352
0.831310
0.527174
-0.669477
-0.029708
-0.245003
-0.380675
-0.493705
0.442378
-3.372982
-1.429652
-1.799806
-1.214125
1.924870
-0.687248
-1.149016
-1.740705
-0.609403
-0.376483
-0.998431
0.991591
0.117614
1.059667
-0.308343
-0.444671
-0.648955
0.685731
-2.215363
1.028936
-0.337123
-0.921862
1.260726
-0.613315
0.282632
0.180858
-0.427742
-0.237152
-0.117671
0.311900
-0.610376
0.431135
2.143924
-1.535025
1.954773
-0.039147
1.220672
0.791867
0.575399
1.119527
0.998031
-1.959645
-0.615567
-3.229874
0.184041
-0.592688
0.095210
2.237264
-0.611030
-0.613638
-0.611356
-1.647409
1.451542
-0.750839
-0.269668
-0.692666
-2.847527
-1.023580
-0.611682
-1.475242
1.104241
2.837455
-0.610052
-1.583716
0.456633
-0.568197
-0.236390
0.305466
1.727212
-0.610052
0.298860
-0.611682
2.258674
-0.541351
-0.612334
1.031737
-0.286766
-0.824879
0.023465
0.002821
-2.578730
-0.612334
-2.385381
0.608369
0.775763
-0.236517
-0.611682
-0.612334
-0.610707
-0.611030
-0.236390
1.607484
1.019496
-2.049583
0.007755
-2.556259
-0.851372
-0.946822
-0.123269
-1.746185
-0.022201
-1.285537
0.290850
-0.760397
0.148710
3.277788
0.256534
-0.399583
-0.992440
-1.520012
-2.555746
-1.973013
1.487515
-0.236011
-1.410436
-0.611030
0.160828
-0.608427
-1.486241
-0.691701
1.450200
0.249385
-0.237878
-0.290150
-0.340706
-1.108902
-0.612007
2.838530
1.569621
-0.891127
0.845394
-0.707421
-1.274692
0.102283
0.086292
0.446608
-2.188286
1.278408
0.228074
-0.609724
1.268284
0.025985
2.052143
-0.863454
-0.459813
-2.057746
-0.515475
0.250633
-0.913221
0.432609
0.339462
-1.898464
-2.778220
-0.816579
-0.968634
-0.610707
-1.914137
-1.037184
-0.780205
0.151512
-1.003739
-1.330150
1.189045
0.515638
-1.339396
-0.173008
-0.538963
-0.236137
-0.528187
-0.859301
-2.193859
-1.523572
1.225402
-1.799711
-1.882913
0.555189
-0.610052
0.335056
-0.034325
-0.610376
-0.895069
1.095597
0.031149
-0.611356
0.602359
1.241691
0.810917
0.443633
-1.903978
-1.816747
-0.007316
-0.866704
-2.131640
-0.960322
-0.611356
-0.418434
-2.658991
-1.292803
0.128402
-0.374436
0.173207
-0.449267
0.428928
-0.897313
-1.572502
0.501140
-1.606028
-1.498184
-1.864501
-0.338283
0.152930
-0.612334
-1.976560
-1.346952
-0.034204
-2.061950
-2.021434
-0.609724
-0.003780
0.535331
0.463776
0.616096
-1.173808
0.012034
-0.413530
-0.004518
-0.610376
-0.036990
0.242919
-2.246793
0.322537
-0.720974
-0.168964
-2.260147
1.246847
-2.319167
0.120476
-1.607219
-0.649155
0.692270
1.933201
-0.613638
-1.016719
-1.298161
0.945627
1.123616
0.936313
-0.697917
-1.105366
1.055704
-1.426749
0.115510
-2.989980
0.572764
0.438141
0.546312
1.636710
1.744340
-1.216374
0.104389
-0.612007
-0.612007
1.020666
-1.946929
0.249121
-3.189341
0.314709
-2.375746
0.654354
-0.542777
-0.708554
-0.809687
0.118787
-1.377814
1.014960
0.681225
-2.396470
-0.249470
-0.079714
0.248422
1.981642
0.224302
-0.129124
0.156056
-1.952399
-0.795410
1.098930
1.105343
0.184117
-1.258288
1.143176
-0.469164
-0.502670
-1.137214
-2.894702
0.662101
-2.475742
-0.949223
-0.929905
2.691697
-0.068757
0.985999
0.784902
0.008100
-0.612007
-0.926621
-1.545442
0.969031
-1.175479
0.542872
1.312032
0.122095
-0.236767
-0.322739
-2.033453
1.941090
0.362466
0.289850
1.973972
0.900830
-0.612007
0.553383
-0.611030
-1.266592
0.366346
-0.237019
-0.611030
-2.107690
-0.611356
-0.611356
-0.611030
-2.027711
0.542919
1.785312
-0.469688
1.170991
-0.757369
-1.819407
0.187175
0.865777
-0.634281
-0.481384
-1.354525
-0.612007
1.707046
-0.612007
-0.632465
-0.236767
-0.670276
1.324133
-3.758811
0.875785
-0.529030
0.582203
-0.324616
0.551392
-0.610052
-0.612660
-1.164578
-0.610376
-2.263561
-0.612334
0.976994
-2.683224
-0.226644
-0.612007
-0.610376
-0.608094
-0.611682
0.477757
0.691884
-0.650517
-2.503980
-0.426529
-1.103339
-0.105157
-0.717610
-0.610707
-1.038521
-0.238332
-1.220065
1.183493
0.222959
1.913572
-1.437487
-0.918241
1.898400
-0.611682
-0.611682
0.264030
-0.236137
0.899135
-0.276154
-0.611356
0.392601
-1.834186
-0.611682
-1.616614
1.339258
1.453576
-1.893281
-0.528951
-1.094774
-1.219310
0.890715
1.499482
-0.544132
0.284361
-0.588206
-0.382122
0.257653
-0.611030
-0.361088
-0.885358
-0.383184
-1.330280
-0.610376
0.024537
1.250691
-0.100307
0.378313
-0.237152
-0.922414
-0.611356
-0.609403
-0.045241
-2.120949
-0.604550
-0.662796
0.673956
-2.069003
0.229026
-1.040791
-1.618725
-0.610707
-2.761609
-0.821179
-0.610707
-0.610707
-2.073515
-0.361091
0.183088
1.357688
-0.611030
2.299052
-0.907017
-0.051227
1.259458
-1.069164
-0.671371
-0.236642
-1.663090
0.800242
0.730534
-0.898362
-0.045435
-1.012331
-0.690368
-0.138056
-0.613315
-0.610707
-0.765652
-0.552969
-0.453828
-0.776422
-0.807555
-1.243334
0.816890
-0.270664
0.351974
-0.421179
0.941074
-0.600457
-0.611356
-0.609724
-0.408362
-3.327963
0.578001
1.205458
1.755421
-0.307204
-0.224517
-1.085318
-1.659740
-0.806813
-0.049465
-0.120585
-1.478824
-1.268973
-0.911214
-1.731914
-0.573338
-0.191624
-1.147098
3.126960
-1.072104
-0.340928
-1.357913
-0.603959
-1.083874
-0.608751
-2.633072
0.688654
-2.065691
1.141534
-0.408811
0.255551
-2.848420
1.239606
-1.087769
1.867018
-0.611030
-0.736442
-1.610322
-1.078422
0.328435
-1.989860
0.576173
-0.123504
-0.771143
1.348418
1.312188
0.838117
-0.611030
-3.707384
1.442805
0.642468
-0.237019
0.451773
-0.773506
-0.295486
-0.516203
0.943917
-0.574713
-0.242390
-0.341155
-1.022203
-0.602223
-0.923702
-0.680683
1.545336
0.488893
0.960829
0.137918
0.140450
-3.015788
1.381774
-0.375496
-1.222964
1.615824
-0.103201
-0.374146
0.011758
-0.635703
0.899405
-0.139920
-1.207307
0.951468
-0.522885
0.287905
-0.456257
0.011895
-1.859229
-0.760652
0.216838
-1.374896
-0.760769
-0.380669
2.039066
-0.463492
-0.610052
0.803353
-1.386083
-0.632403
-0.528693
-0.869600
0.633682
-0.747379
0.541004
-0.452244
-0.003089
-1.295837
1.785568
0.795443
-0.366530
-1.674609
1.862667
-0.363057
0.218411
0.008724
0.511975
-0.815454
-0.429724
0.109930
0.529397
-0.610052
-0.609724
-0.276473
-0.622298
-0.808480
-0.796607
-1.958664
0.096554
-2.324003
-0.126776
-1.613496
-0.611356
-1.203065
-0.890615
-0.449477
-1.555536
0.254244
1.736902
-0.079810
-2.766845
0.125628
-1.905400
-0.611030
0.082537
-1.067728
0.319752
0.693967
1.103827
-0.612992
0.289681
-2.699677
-0.236894
-1.637555
-3.065616
-1.321333
-2.450749
-1.328515
3.016579
-0.612334
2.675008
-1.719864
-0.040576
-0.611030
-1.102084
-0.547711
0.091410
3.124389
-0.610376
-0.045637
-0.611030
2.943521
1.209526
-0.577015
0.032886
-2.062210
-0.609816
-2.068148
0.042914
-0.611356
0.352450
2.450413
-1.114370
1.478471
-0.610707
0.256803
-0.208776
-1.201887
-0.611030
0.290799
-0.612334
0.882792
-0.892732
-1.248861
-1.839711
0.206752
-0.610376
-0.611030
-0.611356
-0.612334
-0.612007
-0.612660
0.687785
-0.610707
-0.610707
-1.412815
-0.612334
-1.255518
0.259898
-0.611030
-0.611356
-2.282210
-0.592586
0.651546
0.255830
-0.609074
1.467910
1.545049
-0.954754
-0.467115
-0.735361
2.334964
0.255830
-0.612334
-0.610052
0.140769
-0.575678
0.184807
-1.659921
0.461864
-1.213559
-1.116948
2.070117
0.585997
2.024192
-2.092724
-1.078967
-1.901572
-0.237275
-0.913587
0.048064
-2.827142
0.128580
-0.383822
-0.236390
-0.485904
-0.610707
1.548059
1.415960
-0.832345
-3.192160
-1.880772
-0.033276
-1.456792
0.237917
-0.386808
-1.075211
-0.084590
-0.965003
-1.280547
1.746570
-0.676514
0.119497
0.355237
-0.647013
-0.293166
-0.285421
0.007834
-1.147072
0.248607
-2.065491
-0.611356
-0.613315
0.246422
0.029274
-2.263270
-0.264264
3.392844
-1.498382
-0.594635
0.206608
-1.899157
0.094273
0.697655
0.138125
1.386071
-0.935707
-0.611682
-0.609403
-2.501442
1.358383
-0.434824
0.338411
-0.255344
-1.099871
1.299884
0.057162
-1.276461
0.969436
0.662897
-0.920418
-0.251691
-0.580115
-0.610376
-2.080330
-0.236767
-0.162907
0.295875
1.681809
-0.544732
-0.610052
0.074466
1.154887
1.278655
-0.612007
0.138078
-0.982314
-0.466294
0.251714
-0.278874
0.308720
-0.892605
-2.579551
1.754065
-1.887141
-2.390983
-0.290549
1.234897
0.204002
-0.045435
-0.354001
-0.610707
-1.415076
-0.715799
2.566672
-0.905768
-0.766214
-0.281196
-0.719025
1.133927
-1.082251
-2.153792
0.333650
-0.611356
-0.550050
-0.610376
0.578628
-0.612334
1.131356
0.733394
-0.612660
-1.883394
0.839328
-2.663065
0.917345
-0.599398
-0.259695
2.675893
0.448250
-0.911443
-1.153778
-0.870608
-0.612660
-0.612334
-0.297775
-1.790498
-0.983423
-0.612007
-2.593208
-2.126193
-2.213682
-0.609724
-0.123364
0.155624
-0.106172
-0.104343
0.083536
0.708945
-0.953201
0.763188
-0.813908
0.069077
-2.265746
-1.479285
-0.769179
-0.354800
0.357156
-0.319267
1.506473
-1.303665
-0.212458
-2.561113
-0.585429
0.791936
0.859789
-0.113179
2.309326
-0.611030
-0.004460
-1.088024
-2.021137
-1.661062
-1.156766
0.001770
0.474140
-3.788016
-0.517227
1.837748
-1.497835
-0.387664
-0.638329
0.753165
3.184005
-0.611682
-0.701000
3.063013
-0.287256
0.064244
-0.627425
0.259057
-0.161335
-0.610707
-0.412105
1.013133
0.748177
0.253742
1.406364
-0.045015
-1.529247
0.891549
-3.071782
-0.606791
-3.515960
-2.118098
-0.232072
-0.990319
-1.276791
-1.058342
0.366950
-0.611682
-1.920509
-3.075779
0.678568
0.388697
-0.590841
-1.816980
0.324355
-1.149187
1.842600
-0.537776
-1.498369
-0.246879
-2.129544
-0.908620
1.465510
2.382505
-1.342065
0.986977
0.985937
-1.097250
-0.829418
1.061116
0.811768
-0.546438
0.513815
-0.756723
1.866885
-1.275900
-0.925187
2.228249
0.161256
0.046607
0.592167
-0.611682
-0.613638
0.199193
-0.161176
-0.610707
0.763538
-1.517917
-1.073975
-0.611682
-1.155219
-0.611356
0.095143
-0.809453
-1.617031
1.366223
-0.832053
-0.565788
0.676400
-0.642866
0.606078
0.572708
-1.212537
-1.054059
-0.431839
-1.797023
0.227443
-0.612334
-0.611682
-0.611030
-0.774572
-0.611030
-0.649423
0.051229
-2.162359
-0.981427
-0.612007
-0.237522
-0.580319
0.115568
-0.612660
-0.041445
-0.942751
-0.453395
0.365442
-0.742350
-1.351069
0.318375
1.206072
-0.236642
-0.610376
0.023721
-1.925822
-0.907320
-0.542503
0.187228
-0.612007
-0.609403
-1.945549
-2.199125
-0.539243
0.079549
-0.044883
0.007469
-0.611030
-0.612660
-0.612660
-0.939219
0.202770
-0.289164
0.323618
-0.347409
-0.610052
-1.212611
-0.707435
-0.277429
-0.612007
-0.612660
-0.611356
-1.197612
-2.018462
0.486019
-1.637310
-1.413210
-0.966778
0.035227
-0.390578
-0.392379
-0.612334
-1.230999
-0.610052
0.345643
-1.242563
-0.354619
-0.612334
0.260741
0.058841
-0.560949
-1.135618
-1.217299
1.440070
0.088968
-0.610707
-0.610052
-0.612660
-0.611356
-0.612660
-0.610707
-2.105553
-2.105026
-0.236767
0.046733
-1.266592
-1.388255
1.592720
1.363031
-0.611030
2.310671
-0.591566
-1.484632
2.011054
-1.009839
1.554055
-0.425021
-0.008312
-0.612007
-1.844393
-0.610707
-3.760391
-0.988919
-2.450096
-0.961667
-0.610707
-0.070590
1.119580
-1.691515
0.920729
-0.610707
-0.500794
0.157669
-0.609724
-1.763248
-0.503480
-0.289993
1.654276
-0.612007
-0.610376
0.487090
1.151402
-0.611030
0.651255
0.951846
0.251139
-0.929721
-0.612007
0.776106
-1.066277
-1.215286
1.675212
0.756757
-0.927208
2.979255
-0.622288
-0.611030
-0.894284
-0.908924
-0.470639
-0.874093
0.750413
-0.611682
-0.390122
-0.691819
-0.236642
0.903783
-0.996831
1.896418
-0.611030
-1.576313
1.783433
0.830991
-0.045414
1.389756
-0.236517
0.671755
-0.468554
2.031507
-0.762237
0.827186
0.636800
-0.611030
-1.272692
-1.052519
-0.228819
-0.602384
-1.383202
0.285430
-1.822096
-0.893557
0.488117
0.749313
-1.221585
1.021654
-1.464817
-1.480206
0.124544
-0.639337
-0.380389
-1.079446
-0.610376
1.023270
0.581829
-0.058194
-0.610052
0.595645
-0.015827
-0.611682
-0.326023
-1.226475
-0.834132
-0.237152
0.245359
-1.143835
-0.611030
0.416439
-0.613315
-0.611356
0.505473
-0.008395
-0.415764
-1.605628
-0.734847
-0.713724
0.628460
0.185270
-1.124084
0.506614
1.071914
-1.465114
-2.239383
0.075026
-1.576781
-0.294412
-0.454221
-1.438770
-0.611356
-2.554149
-0.609724
1.001260
-1.812088
-0.610052
-0.447334
-1.761872
-1.166959
-0.291441
-0.727441
0.147447
1.372772
-0.889018
0.842584
-0.236894
-0.611030
0.073582
-0.041344
-2.873738
-0.601107
0.187824
-0.800373
-0.228602
0.454819
-0.368745
-0.237152
-0.260860
-0.142101
-0.603193
-1.507084
-0.614851
-0.105691
0.150837
1.111852
-0.610052
0.309980
0.351106
-0.610052
-0.856035
-0.131232
-0.610707
-1.489690
-0.822545
-0.548704
0.103094
0.856999
-0.130409
1.388756
-1.217947
-1.124596
-0.963133
0.888967
-1.749802
-0.611682
0.714795
-2.009278
1.213366
-0.610707
0.406893
0.564129
-0.693437
1.754511
-2.080501
-1.387604
-0.611682
0.634715
-1.792706
0.609996
-0.611030
-1.789241
-0.507253
-0.398830
-0.313424
0.448604
0.707672
0.457023
0.369675
-0.206555
-1.263530
1.663089
0.489051
2.273916
-2.316444
-1.228816
-0.061836
-0.609403
0.025059
-0.594237
0.087753
1.543750
1.711931
-2.008383
-1.121242
-1.605101
1.396499
-0.419434
-0.396129
-0.909682
-2.471213
-0.836405
1.289038
1.583601
0.222480
-0.299301
-0.612334
2.072200
0.940619
-2.713675
0.218255
-1.729937
-0.236390
-1.068679
-0.719687
-0.342933
0.048585
1.448019
-0.726506
0.815428
-0.285165
0.976492
-0.611030
-0.651725
-0.610376
-0.129169
0.311657
-0.511403
-0.236390
-0.131955
-0.113670
-1.629689
0.463732
-1.651006
0.120024
0.767900
-0.433874
0.518546
-0.611030
0.776603
-0.610707
0.615896
0.467431
-0.083344
-0.026977
0.967972
3.217959
1.310296
1.136792
-0.237152
-1.559289
0.446629
-0.610376
2.234479
-0.854196
0.008143
-2.634360
-0.612334
1.451375
-1.789355
-0.612992
0.189503
2.804452
-0.611030
-0.936114
0.194603
-0.781160
0.283724
-1.251781
-0.140585
-1.876055
-0.611682
0.413959
1.164168
-0.276784
-0.538054
2.165203
-0.611030
0.412646
-1.400970
2.236662
2.382068
-1.800640
0.740748
0.381229
1.182127
1.235944
1.414727
0.224114
-0.946781
0.304538
-0.572736
0.347132
1.658606
-3.223079
0.880204
-1.261748
0.106970
-0.041864
-0.886340
-0.340375
-0.275332
-0.924201
1.485557
0.930372
-0.493606
0.931402
1.654785
-0.168694
0.148211
1.930668
-0.310810
-1.174624
0.782752
-0.611030
-0.611682
-1.623315
-0.557840
-0.226208
-0.500527
0.208717
1.722300
0.149296
-0.611682
0.258215
0.362946
1.083124
0.255685
0.076412
-0.611356
-0.612007
0.254847
-0.612334
-0.611682
-0.611682
-0.236517
-0.460175
-0.132077
0.605471
0.963077
0.007905
0.757103
-0.522326
0.461037
-0.018011
-0.611356
-0.612334
-1.433837
-1.109572
0.615912
-0.085854
1.106678
-0.974136
-1.882174
-1.805090
-1.286731
0.074187
-0.783838
-0.566668
-1.493907
-0.430107
-0.612007
-0.044579
-0.290309
-0.610376
-1.299735
-0.774563
-0.609074
-0.611356
-0.236767
-0.375225
-1.779517
2.223901
0.111431
0.688507
-1.022588
1.083998
2.665952
-0.610376
-0.612007
-0.611030
-0.610376
-0.611356
-1.404141
-0.236266
-0.297195
0.258526
0.135124
-0.280127
-0.657618
-0.611682
-0.689705
-0.494557
-1.802007
-0.882901
-0.420061
-0.426188
-0.770161
-0.611682
-3.893550
-0.682396
-0.923209
-0.353092
-0.805165
-1.038459
-0.610052
-0.570021
1.308624
-0.257380
-1.510248
-0.611682
0.255830
0.724362
-0.276958
-1.083908
-0.236894
1.522067
-0.410386
-0.236390
0.370716
2.265759
-0.609724
0.207719
0.279260
-0.611356
0.148399
-0.612334
-2.563056
-2.433383
0.968960
-0.612094
-0.489562
-1.240147
0.546673
-0.041631
-1.505480
1.255154
-0.501602
-0.430971
-0.251751
-0.611030
-0.236642
-0.612992
-1.234008
-0.697805
0.018376
0.579104
-0.612007
0.312578
-1.053401
-0.168694
-0.294332
0.603525
-0.237152
-0.611356
-0.142976
2.609042
0.254847
-3.226158
0.211441
-0.609724
0.338362
-1.988277
1.228483
-0.610052
-0.610707
0.193679
-0.791538
-0.204721
-0.612334
0.918345
-2.069003
-1.063394
-0.610707
-3.514589
-0.426753
-0.612334
-1.751665
-0.213006
-1.108607
-0.609724
-1.238623
-0.024626
-1.149033
-1.248897
-2.482036
-0.610707
2.466435
-2.609451
-0.491823
0.235127
-1.042732
-0.612660
-0.612007
-0.610707
1.479585
-0.362663
-0.877396
-1.463589
-0.862507
0.803533
-1.756754
0.007219
0.170353
-1.253447
-1.428510
-2.069914
-0.120874
-1.045636
-0.233104
-3.558810
0.304709
0.836657
-0.978575
-0.236137
-0.353208
0.997746
-2.550840
-2.377060
0.760528
-0.789234
-1.296097
-2.473645
-0.166613
-0.043655
-0.418196
-0.039418
-0.316360
-0.236767
1.671042
1.397065
-1.247205
-1.480036
-0.611356
-1.070786
-1.467814
-0.870610
1.154119
-0.610707
-2.315420
-0.611356
-1.201850
-0.855502
0.258351
0.494657
-1.298650
-0.312038
-1.239892
0.811522
-1.017761
-0.118178
-0.607730
-0.531792
-1.052318
1.659534
-1.700580
0.503874
-0.425988
-0.584346
-1.196849
-0.343953
-1.004445
-0.962697
1.341476
0.259565
0.432923
-1.165926
0.073805
-2.898932
-0.336372
0.388365
0.797494
-2.436463
-0.611030
-1.087366
-1.026753
-2.090419
0.152792
1.515599
-0.608751
-0.322689
0.665910
-0.260505
-2.385729
-0.497434
-1.385898
-1.225871
0.350401
1.187668
0.175700
-0.351962
-1.166921
-0.886619
0.287204
0.841106
1.067157
-1.768993
-0.610707
1.584147
0.126464
-0.838366
-2.276580
-0.350176
-0.609403
1.014984
-0.610707
1.184776
2.248927
-1.104017
-1.609450
0.212444
-0.502255
-0.722758
-0.612334
0.431858
-0.044982
0.350546
-2.671972
1.687214
-0.420223
-2.975813
-0.195026
-0.588978
1.899700
-0.627376
2.544421
-0.612660
-0.669774
-1.549563
0.227025
0.419847
-1.551326
1.823629
0.718387
0.126704
0.957784
-0.611682
-0.611030
-0.633909
-1.372587
0.666201
-0.611030
-0.194950
1.034305
0.586934
-2.271420
0.740773
-0.610707
-0.084834
-0.609724
-0.373061
-0.612007
-0.677956
-2.168688
-2.612308
-0.236389
-1.726618
-0.227278
-0.599885
-0.316917
1.676320
-2.961845
-0.738951
-0.975667
0.263878
0.319790
-1.230025
1.900231
-0.610707
-1.338728
-0.502410
0.125876
2.416151
-0.189214
1.345312
-0.636673
-0.143730
1.043079
-1.131346
-1.000590
-1.291546
-1.046070
-0.611682
2.303607
0.125161
-1.048540
-1.051077
-1.592085
-0.894073
0.247624
-0.610707
-0.635558
-0.994122
-0.032463
-1.608385
1.763783
0.899823
-1.841859
-0.611030
-0.236137
-0.436210
0.208484
-1.803117
0.523388
-0.611682
0.808526
-0.251898
-1.676658
-0.458955
-0.543636
-1.497767
0.431088
-0.921102
-1.562103
-0.584872
0.396660
0.218494
3.154614
-0.157375
0.255964
-1.047768
-0.989020
0.918904
-0.378447
-0.954615
0.263155
-0.424288
0.252319
0.247994
-0.334172
-0.159905
-0.609403
2.256111
-0.989588
-0.612992
-0.405257
-0.930036
-2.560254
-0.835288
-1.919197
-2.547204
0.043330
-0.612660
-2.627228
-0.924201
1.247886
-0.053685
-2.027523
0.158608
0.026997
-0.611030
-0.279175
-0.611356
0.779920
-3.001183
-0.611030
-0.611030
1.424355
-0.352733
-0.885851
-0.611682
0.202248
-0.373129
-0.050845
-0.010188
-0.144897
-0.747777
0.489674
-0.659870
-0.254004
0.308489
-1.117065
0.334703
-0.424649
-0.602484
-0.510953
-1.057368
-0.578013
-1.724190
-0.974836
-0.790399
2.031793
-2.054408
-0.137437
-2.623360
1.177664
-1.912634
-1.564442
-0.182392
-0.574894
1.411316
0.906898
-0.278059
0.472205
-0.805286
0.365733
0.311039
-0.491904
-1.719245
-0.638872
-0.399021
1.274613
-0.612007
-0.611030
-0.266965
-0.899512
-0.747766
0.404791
-0.407683
-0.405211
-0.611682
-0.168333
-0.610376
-0.608751
-0.610707
-0.920754
-0.611356
1.147763
0.256673
-0.812789
-1.248826
0.482017
-0.610707
-0.381199
-0.086334
-1.636297
-0.595176
-0.236266
-0.611682
2.327102
-1.259767
-1.938819
-1.109794
-1.768448
0.209149
-0.612007
-0.552790
-2.805047
-0.611682
-0.611030
0.232247
-0.584326
1.840240
-0.607730
-1.342188
-0.405211
-0.609403
0.740523
-1.665406
-1.256205
-0.563698
-0.611682
0.046304
-0.612007
-0.611030
-0.236137
-0.945774
-1.735926
-1.391726
0.119334
0.256249
-0.609074
-0.431088
-0.612660
0.189247
-0.610707
-0.236539
-3.156189
-0.027319
-2.108400
2.663078
-0.611030
0.333178
-0.502137
-0.004444
0.736241
1.120867
-0.611030
-1.754363
-0.611356
1.481829
-0.612660
0.140879
-1.079222
-1.379077
0.558111
0.134979
0.531259
-1.195853
-0.059336
-0.874820
-0.194475
-0.784452
1.065152
-0.610052
-0.292080
-0.748528
-3.533115
0.316080
1.518190
0.958525
0.706913
1.300755
-0.611030
-0.502943
0.515452
-0.787763
-0.352654
-0.123132
-0.945269
-1.321493
-0.611356
0.318023
1.369153
0.032292
-0.460648
-1.369338
-0.883886
-3.589168
1.367715
-0.610707
-1.476614
0.060660
-0.437872
-1.269432
0.678637
0.786341
-1.432549
-1.251358
-0.866706
-0.609074
-0.039868
0.288523
-0.610707
-0.611356
-0.874169
-0.610052
0.563299
1.713951
-0.403954
-0.839831
-0.612334
-0.237152
-1.139452
-0.407463
-1.260361
0.175695
-0.924201
-0.611682
0.596457
-1.157666
0.115008
-3.411517
-0.235003
-0.610376
-0.609692
-1.779434
-0.610707
-0.611030
-0.236266
-0.407236
-2.304700
-0.741593
-0.486254
-0.237275
0.258351
-0.398680
0.369390
-2.193674
-1.346024
-0.938583
-0.398493
-1.704023
-0.611682
-1.410606
0.184788
1.601831
0.195325
-0.964086
0.449263
-2.034341
-0.670429
1.136377
-0.385248
0.107300
1.033958
1.164725
0.745636
-0.610707
-0.958523
0.375836
-2.130356
-0.611030
-0.991361
0.186271
-0.236642
-0.399356
1.152126
-0.527977
-0.236390
-3.440871
-1.645092
-0.610052
-1.305334
-0.775553
-0.612007
-0.416407
-1.087858
-1.968289
0.869182
-1.134968
-1.076886
1.121129
0.141689
2.607572
2.386393
1.441578
2.501530
1.265380
-0.636412
-0.859590
-0.891965
0.673349
0.769537
-0.611682
-0.263333
0.119741
0.603430
-1.072173
1.014459
-0.501328
-0.612007
-2.039500
-1.093941
-1.039067
-1.015804
0.085532
-1.597355
0.829978
-1.893671
1.546656
0.644561
-0.613315
-2.394842
0.108710
-0.611356
-0.611030
-1.385334
0.958436
-1.733710
-2.025963
-1.786403
-0.611682
-0.610376
-0.609724
2.113153
-0.610376
-0.407010
0.752697
-0.577455
1.535163
-0.570480
0.064452
-0.257786
-0.945774
-0.610376
-0.763667
-0.236894
3.696120
1.779046
1.201417
-0.186395
0.374496
-0.900639
0.446336
-0.560113
-0.611030
-0.236137
-1.885208
-0.177616
-0.611356
-1.633073
0.610135
2.562150
-0.612007
-0.366270
-0.956613
-0.610376
0.662031
-0.612007
-0.994651
-0.608094
0.065068
-0.417283
1.417960
1.804755
-0.316416
0.556583
0.196243
-0.592865
1.902846
0.153902
-0.270935
0.607663
0.754495
1.116494
-0.590985
-1.921840
-0.611682
-0.291934
-1.382171
-2.369977
-0.884374
0.494191
-0.877572
-1.422442
1.115370
1.505003
-0.029249
-0.820723
-0.611030
-1.697448
-0.747412
-0.611030
-0.611030
-2.221527
-0.879486
-0.611356
-0.611030
2.831334
0.458451
-2.090085
-0.568801
-1.063266
-0.612007
0.290862
-0.611682
0.021636
-1.829622
0.187574
-0.612007
-1.291329
1.067138
-0.470291
0.784557
-0.236894
-1.187308
1.109155
1.544503
-0.377968
-1.758443
-0.253152
-1.064475
1.739544
-1.109475
0.069438
-0.719635
-0.278601
-0.044608
0.549294
-0.228443
-0.498815
0.199427
-0.453455
0.007645
-1.711330
-0.236390
0.284424
-2.469425
-0.611356
-1.689325
-0.411063
-0.037854
0.734900
0.947296
2.300258
-2.170814
-0.902632
-0.041631
0.604878
-0.730177
-0.346136
-0.670123
-0.407463
-1.456687
-0.389680
-0.505891
-0.995360
0.536472
-0.611682
-2.967695
-1.542919
0.576796
-0.610707
2.771273
0.054421
1.538794
1.289714
-0.234907
-0.784490
0.911254
-1.815046
-1.174845
-0.258584
-1.643429
-0.611356
-0.663852
-0.611682
0.647236
-1.079529
-0.610376
1.152245
-1.139898
1.725673
1.642188
-0.602139
0.572129
-1.602789
-0.399801
-1.031680
-0.130959
-3.109865
-0.749490
2.093473
-0.736676
-0.899439
-0.347576
-0.752446
-0.611356
-0.600079
1.102322
-0.978046
-0.612007
-0.142151
-0.692321
-0.237152
-0.952453
-1.530403
0.008158
-0.609403
-0.611030
-0.836084
-0.288599
0.590891
-0.147367
0.640620
-0.418550
-2.021086
0.255405
-0.644852
0.235641
-0.244543
0.250633
1.625626
-0.526472
0.848175
-0.882085
-0.876958
-0.737189
-0.771081
0.797630
0.115692
1.574062
0.966181
-0.130287
0.226219
-0.237275
-0.408487
0.097579
0.699418
-1.592420
-1.169110
-0.612334
0.849424
-0.633389
0.293046
-1.387043
-1.682597
0.508470
-2.576555
-0.310515
1.132308
1.181641
-1.375543
-1.802752
1.275222
-1.226399
-0.211916
-0.487567
1.396596
0.644041
-0.765971
0.822260
-2.511585
1.562736
-0.612007
-0.287978
-0.236517
-0.236894
-3.162555
0.828102
-0.788746
-0.548682
0.063749
0.802677
0.253416
-0.670442
-0.610376
-2.211972
-1.463498
-2.166857
0.458695
-2.193404
-0.611030
-2.415954
0.626086
-0.611682
-0.237019
-0.411508
-0.765942
-0.309080
0.791583
0.414697
2.540519
1.225876
0.107327
1.271368
-0.400707
-2.865655
0.391177
-1.243294
0.348761
1.096444
1.772757
-1.097595
-0.880474
1.066160
-0.236767
-0.551494
-0.420223
-0.355827
0.501165
-0.353473
0.532331
-0.855933
0.311367
-0.869484
0.116642
-1.900528
-0.655448
-0.386876
-2.205143
-0.625963
0.563992
0.291093
-0.185052
-0.601705
0.761786
-3.339256
-0.353668
-0.608076
-0.371660
0.787089
-0.610052
-0.485315
2.626912
-0.311341
-0.459568
0.680402
-1.551278
-2.746674
-0.628576
0.800253
-0.289508
-0.609403
-1.414870
1.764029
-2.546263
-0.611030
-0.273890
-0.488057
-0.305429
-0.610707
-1.440410
-0.773714
-0.611356
-0.611030
-0.611682
-0.612660
-1.460742
-0.281293
-0.610707
-1.263136
-0.611682
-0.612007
-0.610707
-0.609724
1.404732
-0.611356
-0.612007
-0.382245
-1.112656
2.187915
-1.205604
-0.612660
-0.612007
-0.782752
-0.609724
-1.145249
-0.290954
-0.611356
-1.203229
-1.276095
0.855299
-0.319429
-0.612660
-1.702825
-0.612660
-0.714437
-0.013708
-0.741235
-0.968897
-0.828337
-0.236551
0.350827
0.174020
-1.532276
-0.611030
0.046187
-0.586644
-0.613638
1.237512
-0.612007
-1.720748
0.380312
-0.611682
-0.612660
-0.611030
-1.179110
-0.611356
-1.403402
-2.501552
0.718346
-0.612660
1.871099
-0.023505
-0.612660
0.301274
-0.611030
-0.648532
-0.236642
-0.611030
-0.553931
0.664097
-0.409935
-0.281471
-0.609724
0.857830
-0.612007
-0.611356
-0.611356
-1.063245
-0.609403
-2.050675
0.027416
-0.173188
1.492085
2.701360
-0.611030
-0.611682
-0.405661
-0.261913
-0.611682
-0.611682
-1.311642
-0.236894
-1.071497
0.476418
1.073894
-0.611030
0.681533
-0.611356
-0.612007
-0.611030
-0.610707
-0.610376
-0.611682
-2.491717
-0.408585
-0.321258
-0.611356
-0.236137
0.222791
-0.612334
-1.274382
-0.097822
-0.612334
0.647360
-0.610376
-0.611030
-1.596979
-1.818867
-0.754075
0.045949
-0.611682
0.592124
-0.632927
-0.611030
-0.236517
-0.609724
-0.612007
-0.611030
-0.346374
-2.762081
0.662322
-0.204699
-0.418312
-0.609724
-0.236517
-0.409716
-0.606466
0.244750
0.365056
0.703326
-0.274514
-0.325793
-0.409486
1.098769
-1.267285
-0.869829
-1.183114
0.220188
0.646079
-0.303080
-1.768409
-0.301840
-0.611356
1.902534
-0.611030
0.224498
-0.618140
0.070130
-0.464023
-0.609074
-0.696309
-0.446476
-0.610707
1.074061
-0.610376
-0.582227
-0.611030
-0.236894
-1.667333
-0.610707
-1.490645
-0.621121
-0.411508
-1.048259
-0.210124
-0.612007
-0.611030
-0.611682
-2.788252
-0.638984
0.254283
-0.044658
-1.254822
-0.612660
-0.612334
-0.166851
-0.609403
0.330251
-0.237019
0.530392
1.119455
-1.426294
-1.082815
-0.470550
1.711145
-1.446179
-0.100966
-2.699408
0.232773
-0.236517
-1.916074
-1.780323
-0.237793
-0.307379
1.022974
-0.611682
-0.535151
1.214890
-0.662429
0.516038
-2.464874
-1.331960
0.045428
1.059338
-0.925261
-1.722088
0.600859
0.413972
1.730621
-2.656596
-0.611356
-0.994371
-0.406339
-1.901903
-0.611356
0.227431
-3.305183
-2.194896
-0.237019
-1.021258
2.019800
-0.612992
1.638250
-0.510323
0.447832
-0.611030
-0.610707
-0.620214
-2.440227
-1.436652
-0.578684
-0.426434
-1.818022
-0.612992
-0.611030
-2.722774
-0.611356
-0.407777
-0.611030
-0.045209
-1.639585
-0.610052
-0.882901
0.540755
2.247348
-1.533146
-0.236642
-1.760272
-0.872122
-0.610376
-1.065560
-1.522312
-3.035664
-1.725560
-0.642851
-0.612992
-0.293531
-0.609074
0.268723
-0.485245
-0.043321
-0.867609
0.806092
-0.891508
0.627498
-0.598546
-0.777141
-1.304732
0.170835
-2.670221
0.573982
-0.257606
1.833864
-1.050958
0.130092
-1.173571
-1.196531
0.254847
0.992733
-0.611682
1.029877
0.103751
-0.024323
3.124957
-0.609724
-0.672847
-0.338084
-0.691706
0.804917
-0.500761
-0.884629
-0.058155
-1.653483
1.771164
-0.610376
-0.805536
-0.611356
-0.236642
-0.243776
-1.121345
-0.238674
-0.682407
-0.609724
-1.671172
-0.611682
0.661717
-0.141864
-1.598816
-0.709045
0.281044
-0.587268
-0.609724
-1.314425
0.044398
-0.783660
-0.618072
-1.527762
1.969087
-1.075756
-0.611030
1.915601
-0.589323
-2.188038
-0.236894
-0.611682
-1.140197
0.894241
-0.193224
0.254283
-0.846655
-1.929430
-0.611030
-0.357093
0.510803
-0.611356
-0.888397
0.735060
0.547033
-0.101164
0.013954
-1.715573
0.947239
-0.236894
-0.849361
-0.188191
-0.308491
-1.510577
-0.236266
0.012685
-0.242872
-0.611356
0.969976
-0.492109
0.125339
-0.819723
0.914591
0.868669
-0.547790
-0.326924
-1.214622
-0.235595
-0.608751
0.742947
0.002819
0.277383
-0.571062
-2.290081
-1.478955
-0.426668
-0.456478
-1.303268
-0.612007
0.237954
-2.462405
1.196033
0.286691
-0.132565
-1.184904
0.335580
-1.398755
-2.635177
-0.056593
0.320920
-0.318602
-0.237275
-0.329235
0.773809
0.873656
-1.064617
-0.610376
0.612370
-0.424527
-2.703384
0.519145
-0.464070
-2.255511
-0.392260
-1.188639
0.183915
0.740526
-0.320058
-1.350495
-1.784534
-0.082696
-0.610707
-0.280652
-1.642919
0.776522
-0.215494
-0.190165
-0.691294
-0.662351
-1.333286
-0.302131
-0.399356
1.086298
-0.476365
-0.237152
-0.610376
1.334850
0.115199
-0.836592
-0.839301
-0.139145
-2.382685
-2.282513
-1.530762
-0.139308
1.210337
0.201809
1.243883
-1.167745
-0.265045
-1.039022
-0.923623
2.172121
-1.598355
0.138970
0.246987
1.895133
-1.247636
0.100083
-2.219330
-0.609724
1.114347
-1.400185
-0.152952
0.960985
-0.215673
-1.686772
-0.900915
-1.450958
-0.354802
0.262289
0.575017
1.067356
0.351321
-1.735294
0.235621
-1.393520
-0.566938
-0.418550
0.250213
1.228813
-0.612007
-2.030021
1.577923
0.099386
0.448310
2.678007
0.121846
-0.611030
2.682482
-0.440312
0.085075
-1.480458
1.980217
-0.610376
-0.236390
-0.012803
-0.351888
1.402044
-0.612660
-1.435341
-1.336606
1.975846
-0.609724
-0.154334
2.598970
-0.610707
-0.711101
0.493223
0.827817
-0.423346
-1.841785
-0.501059
-1.990424
-0.911372
-1.735282
-0.610707
-0.663576
0.608678
-0.185584
0.107180
-0.882901
1.712688
-0.049548
2.563029
-3.163400
-0.041677
2.847642
-0.392379
0.024019
-1.048380
-0.255980
-1.505096
-2.831173
-0.808230
-0.486792
-1.056274
-0.362228
1.062522
-0.948742
-1.069144
-1.774781
-1.236423
-0.331735
-0.362468
2.438164
-1.065942
2.482097
0.832909
-0.333622
0.269621
-1.027150
-0.399801
0.498844
-0.344921
-0.424520
2.521546
0.626559
0.995265
-0.139447
0.357150
2.248041
0.446872
-0.128327
0.160934
-1.327314
1.788943
1.727624
-2.023318
-0.610376
-2.132985
-2.286652
-1.108124
-0.537068
-0.900183
-0.612334
-1.516021
0.635775
0.776218
0.013431
0.527949
-0.352759
0.175574
-1.500470
-0.853504
1.376749
-0.382977
0.048615
-0.627289
-0.342690
-1.472734
1.288762
-1.762594
1.068472
0.628676
-2.236063
-0.612007
-1.095499
-0.500711
-1.122469
-1.813678
0.238781
-1.790290
1.472169
0.115382
-1.489997
-2.017106
0.622641
-0.045209
0.261907
-3.241199
-1.140763
-0.340590
-1.536914
-1.252717
-1.250866
-1.578672
-0.550799
-0.613638
-2.391443
-1.002938
-1.288407
-0.609724
-1.559783
0.843703
1.124959
0.082345
-0.237650
-0.532807
-2.308789
-0.926019
-0.917263
0.247407
-0.613315
0.282880
0.365533
0.546395
0.665103
-0.211843
1.223817
1.800454
0.532222
0.580229
-1.726352
0.317849
0.840003
-0.764380
-0.891127
1.553652
-0.840205
0.411456
-1.115736
0.122230
0.142117
-0.271529
0.603263
-1.418562
-0.481821
1.677795
0.655198
0.128176
-0.090445
-0.612007
-0.611030
-0.846407
-1.807446
1.174147
-0.273081
-0.611030
2.198097
-0.679808
-0.236767
0.522922
-0.612007
0.433647
-0.236137
0.643061
0.254320
-0.095891
-1.732335
-1.200713
-0.237275
-1.064316
-0.237019
-0.401541
-1.205759
-0.609403
-0.894563
-0.236266
0.187197
0.907359
-1.017189
-0.184648
-0.168694
0.047307
0.597517
1.021105
-0.609724
0.271058
-0.611682
-0.611030
-1.555912
-2.935088
1.934538
-0.164288
0.659048
-0.384233
0.002695
3.878374
-0.143780
-0.236390
-0.605812
-1.233834
1.720595
-0.351570
-0.619045
-0.316964
-2.682772
-0.773299
-0.236137
1.748316
-1.036654
1.584190
-0.609403
1.072706
-0.501602
0.256113
0.342853
4.127121
-0.609724
0.799491
-1.291779
0.045062
1.408589
-2.029375
0.165826
-0.752293
-1.256205
-0.237398
0.246006
1.021988
0.115629
-0.792049
-0.237019
-0.610052
1.704343
-0.876305
-0.524450
-0.688208
-0.408362
0.503749
-0.411958
0.046607
-0.236390
-1.181209
-0.001313
-0.612992
-2.494091
-0.610376
-0.236894
-0.044050
0.046733
-0.236642
-2.510353
-0.576517
-0.758447
-0.995248
-0.611682
0.120140
-0.611682
-0.611682
-0.610707
-0.773230
-0.611682
0.764203
-0.610707
0.255964
-1.111647
-0.648955
-0.612660
-0.217451
-0.611356
-0.612334
-0.610052
-1.005085
0.981227
1.360874
-2.724334
1.692639
-0.249145
-0.609403
-0.551752
-0.610376
-0.282905
-0.389893
-0.354454
-0.612007
-0.711044
0.064534
-0.236266
-0.610707
-0.048535
-0.356528
-0.608751
-0.235882
0.086348
-0.831924
-0.409486
-0.610707
-0.236137
-0.609403
-0.321364
-0.611682
-0.158603
-0.609403
-0.236767
-0.394963
-1.634918
-0.612334
-0.408141
-1.992082
-2.484584
-0.611682
-1.206576
-0.610707
1.801962
-0.293419
-0.416645
-0.045870
-0.610707
3.303423
-0.980970
0.622023
-0.607153
0.139124
-0.910348
0.727446
-0.609724
0.643492
-0.068177
0.634607
-0.997568
0.318731
-0.609074
-1.021921
-3.135924
-2.710200
-1.834745
-0.237152
0.476629
-0.472515
-0.816493
-0.612334
1.878411
-1.298715
-1.080930
1.976483
0.101516
-0.846210
-0.237152
-0.272759
-1.235191
2.879890
-0.611356
-0.042612
0.303304
-0.611356
-0.609403
-0.545103
-0.613315
-0.611682
-0.612007
-0.407366
-0.969807
-0.611682
-0.947526
-0.611030
-0.045668
-0.236767
-0.633463
-0.609403
-0.236642
-0.611030
-0.609074
-2.497072
-0.612007
0.243064
-2.542857
-0.612334
-0.497084
-0.235882
-0.410616
-0.721656
-1.023960
-0.479924
-0.610376
-0.612007
0.270279
-0.611682
-0.695068
-0.236517
-0.236517
-0.237398
0.560227
0.558578
-0.612992
-0.612334
-0.612007
-0.611030
-0.610376
-1.203895
-1.754762
2.158825
-0.611682
-0.366554
0.487581
0.486601
-0.610707
-0.610376
-0.424520
-0.611030
-0.611682
0.618482
0.254985
1.579996
-0.939219
-1.008798
-0.237019
0.793499
-2.497704
-2.918481
1.202545
-2.001843
0.950093
-1.425083
-0.611356
0.259057
-1.423904
0.783383
-0.290468
-1.012478
-0.611682
-0.612334
-0.765865
-0.283065
-1.554933
-0.611682
0.115382
-0.611682
-0.611356
-0.611356
-0.612660
-2.067881
1.166608
-1.062098
-1.121899
-0.612007
-0.399057
-0.407683
-0.611682
0.602351
0.007892
-1.371035
-0.402732
-0.985993
-1.295587
1.810514
0.416714
-1.252338
-0.953486
-0.610707
-1.564880
-0.611356
1.172083
0.052142
-1.830210
0.244039
-0.237398
-0.409716
-1.016397
0.150440
-0.653286
-0.610376
-0.610707
-3.848638
-1.735825
-0.238750
-2.390102
0.128843
-1.145772
-0.048610
0.947925
0.982222
0.007294
-0.778524
-0.348418
-0.126531
1.756823
1.552241
0.369806
-0.960476
-0.613315
-1.410356
-1.923430
-0.611682
-0.611682
-0.065631
-0.612334
0.447375
1.599157
-0.610376
-0.310875
-1.390592
-0.610707
0.115138
0.595139
0.158790
0.473201
-0.407683
-2.393260
-0.376532
-0.489694
-0.236767
-0.367457
-0.609724
-0.893755
-0.612007
-0.612007
-0.729424
-0.946156
1.190323
-2.618629
0.139428
0.810340
-1.028589
-0.611030
0.686191
-2.119171
-0.692064
-0.554654
1.294143
-2.100783
-1.105911
0.159941
-1.170784
-0.612007
-0.237487
-0.610376
-0.609724
0.340389
0.882038
0.021619
-0.257858
-1.266102
-1.559543
0.582563
-0.674763
0.189211
0.364996
-0.611356
2.467393
0.762748
0.882050
1.720746
-0.356145
-0.409040
-3.117078
-2.448668
0.071450
-0.609724
-0.603340
-1.244714
-0.609724
0.386629
-0.613471
1.066205
0.064813
0.594571
-1.253551
-0.612660
-0.708632
0.581072
0.691451
-0.347893
0.152696
0.234639
-0.097539
-0.266122
-0.611356
-2.968659
-0.610707
-0.610707
-0.443652
-0.781666
-2.610791
-0.873403
-1.860729
0.293085
-0.222543
-0.720888
-0.502137
-0.611030
0.762288
-2.105731
-0.612334
-0.978576
-0.610707
-1.988994
-1.754666
-0.890607
-0.612334
-0.230543
-0.611356
-1.134849
-0.612660
-0.289988
-0.610376
1.449403
2.726771
-0.214702
0.361850
-0.502137
-0.611030
1.106753
0.156099
-0.610707
-1.899411
-0.242818
0.024509
-0.081759
-0.611682
1.251904
-0.609724
0.136255
-1.050996
0.318201
-1.173016
-0.446447
0.104351
0.007926
0.847228
-3.856642
-0.610376
-2.513491
0.299442
0.036038
0.425920
-0.612660
-1.971555
-1.793968
-0.611682
-0.043965
0.011351
-2.917313
-0.904185
-1.316928
-0.192531
-0.611030
0.021344
-0.459353
0.046978
0.781516
-0.144378
1.439771
-0.401829
0.429087
-0.459813
-1.802225
-0.740568
1.133937
-3.190466
0.017419
-0.324126
-0.610376
-0.612660
-0.870182
-0.714596
-0.041189
-0.612334
0.556679
-1.708740
-1.781520
0.312177
-0.276462
-1.377324
0.730197
-0.612334
-0.795531
-1.171217
-1.377177
0.367091
0.662331
-1.800214
0.437056
-1.798725
1.144413
-0.182787
-0.405883
1.157710
-0.467119
1.344416
-0.071741
-0.418722
-0.609724
-0.223272
-2.616963
-1.842352
-0.849083
-0.611682
0.532153
-0.917976
-0.010405
2.569949
1.893230
-0.610707
-0.622419
-1.068650
1.702379
-0.617981
-3.245825
-0.038443
1.086584
-0.648190
2.783286
-0.612007
2.613653
-0.611356
-0.225413
0.161480
-0.547929
-0.611682
-1.639961
2.376935
-0.609724
0.629895
0.642659
-1.032495
0.216030
-2.061527
2.700137
-0.414458
-0.751462
-0.611682
-0.352179
-1.698658
0.776379
-0.298380
0.290808
-1.709341
1.398021
-0.639739
1.244912
0.200520
-0.068351
-0.045695
-1.254394
-1.741337
-0.338091
-0.082739
-1.603974
-0.319681
-0.611030
-1.285668
0.535947
-0.189301
-1.601173
-0.611356
-1.085500
-0.611682
1.151052
-1.212085
2.314476
-3.311243
-0.131950
1.061881
0.115568
-1.941532
-2.903374
-1.796023
0.053192
1.412223
0.452243
0.020838
-0.391258
-0.877339
-1.197863
-0.439167
-0.468849
-0.611030
0.516807
-0.236517
-1.677126
-0.162712
1.851334
2.048313
-0.405211
-0.611356
0.361036
-0.166015
-0.611682
1.101129
1.232570
0.147722
-0.365363
-0.539289
1.710190
0.635309
-1.016941
-0.815263
0.209263
0.447106
-0.233051
1.730153
-0.068079
-0.610376
-0.767490
0.200981
1.072517
-0.610707
0.226920
-0.610376
-0.611356
-1.180570
-1.625095
-0.613315
1.657283
0.262240
-1.719303
1.754570
-1.613625
-1.329434
-0.877989
-0.912341
1.016190
-0.514868
-0.045338
-0.329877
-0.396422
-0.293922
-1.961091
-0.612660
-0.447241
1.992352
-0.678647
-1.017571
-0.760983
-0.739767
-0.371441
-2.120206
-1.233842
-2.169942
-0.067606
-1.060033
-1.706557
-1.137534
-0.568501
-0.502137
-0.608478
0.793023
-2.217679
3.009023
0.158294
0.291051
-0.429455
-0.776541
-0.045668
-0.322169
-2.277637
-0.242688
-0.226675
-0.484079
0.843141
-1.101835
-0.683149
-0.609724
-0.610707
-0.611030
-0.450314
-0.886870
-0.680289
1.732762
-0.787969
1.523834
-0.650396
-1.504252
0.711624
0.756374
-0.041653
0.137565
1.443062
0.013063
-0.069186
-0.263077
0.609386
-0.611682
0.007461
1.094831
1.676609
-1.033855
-0.611356
-2.617471
0.025306
1.487725
0.091289
-0.611682
-1.708892
-0.227470
1.692870
0.234766
-0.323673
-0.611356
0.643661
-0.060136
-0.106158
-1.342206
0.074495
-1.506577
0.506452
-1.738385
0.256390
-0.983763
-0.565967
0.599207
-3.791005
-0.210164
0.962173
0.354639
0.232226
0.069722
-0.523253
-1.403845
-0.841962
-0.933948
-0.236894
0.115138
-1.737560
-1.688886
-1.389840
0.699410
-1.233831
-0.922163
-0.575376
2.530114
0.117882
1.067189
-0.394175
0.372070
-2.124679
-0.236137
-0.102395
0.242358
0.160466
-1.485080
-0.971930
0.480850
-1.020543
0.058479
-1.232982
0.301523
0.058283
-3.191349
-0.352714
-0.386965
0.421347
-0.483284
-0.612007
-1.442623
0.148300
0.195476
-0.612334
-0.777965
-0.610052
0.695117
-0.056054
-0.380283
-0.125457
-0.181808
-0.236767
-0.230237
-1.058774
-0.611030
-0.361300
-0.057668
-2.104786
-0.271237
-0.933128
0.123982
-0.199381
-2.732061
0.202428
-0.414889
0.860843
-0.842442
0.377258
1.867640
-3.605227
-0.079670
-1.276759
-0.886646
-0.974347
-0.010965
0.171598
0.718348
-0.868757
0.883759
-0.084686
-0.661847
-1.710253
0.318201
-0.079047
-1.945972
-2.389215
0.869178
0.547735
-0.539843
-0.767135
-0.839909
-0.885851
1.416239
0.072539
-0.610376
2.849859
1.459469
-2.057273
0.077550
0.295072
0.245543
-0.611356
-1.021395
-0.610707
0.095909
1.228367
0.019566
-2.166998
-1.961170
-0.423104
-2.003342
0.365947
1.218761
-0.926409
-0.364330
-0.922716
-0.413086
-1.493915
-1.798399
-0.611030
0.692078
-1.918905
-1.495372
-0.296937
-1.287477
-0.756892
-1.418977
-0.422369
-2.256242
-3.264591
0.258636
-0.539762
0.514924
-1.181157
0.321982
-0.657179
0.773419
1.621413
1.677057
-0.117019
0.303783
-0.611682
-3.855819
-1.146203
0.493277
-0.349897
0.529471
0.491210
0.068032
0.098302
0.261300
-0.986701
-1.261748
-0.486553
0.811194
-1.946230
-1.327011
-1.618050
0.576548
-0.044078
-0.681018
0.331774
-0.290636
-0.038276
-1.147225
0.140320
-0.174089
-0.609724
0.222893
-0.137316
-1.200942
-0.611030
-0.274207
-0.799100
-1.360492
2.138086
0.050473
0.537708
0.953844
-0.610707
-0.237152
0.222758
-0.910466
-0.374816
0.025177
-0.637560
-0.863764
-0.409935
-0.548095
-0.761218
-2.252136
-0.040091
0.012832
-0.969183
-0.991938
-0.610193
-0.636390
0.170731
0.932832
-0.363786
-0.409040
-1.864633
-0.236894
1.404134
-3.048328
-0.190203
-2.007060
-0.236767
-0.610376
-1.710189
-0.569110
-1.139400
0.646520
-0.410616
-1.116351
1.314218
-1.008584
-0.611030
-1.413469
0.114759
0.255551
-0.357412
-0.236894
-0.236011
0.909088
1.886835
-0.411866
-0.236642
0.833483
0.328810
-0.189948
0.247547
-0.652555
-0.036606
-0.613960
-3.119931
1.203818
0.650201
-0.610707
-0.611529
0.002892
-0.611682
-1.614392
-0.225160
-1.365402
-1.404735
-0.674692
-0.236390
0.447349
-1.691702
1.875360
-0.983423
-0.514567
-1.628666
-0.849083
1.983806
-0.403855
-0.612660
-0.631369
-0.422835
-1.810162
-0.752464
-0.172916
-0.612007
-0.610707
-0.611682
0.566675
-0.041631
0.715582
-0.098877
0.112220
0.244880
1.189451
-0.610707
-0.607767
-0.566977
-0.606791
-0.762824
-0.828785
-0.236266
-0.946433
-0.612007
0.429809
0.047277
-0.612007
-0.610376
-0.309949
-0.637338
-0.570934
-0.237398
-0.612992
0.335068
-0.236266
-1.342142
1.252810
-1.023190
-0.236767
-1.554526
-0.611682
-0.611682
-0.609724
-0.611030
-0.610052
0.284463
-2.530982
-0.482783
0.168316
-0.389228
-0.441406
-0.874350
-0.290818
-0.236767
-1.068167
-0.316455
-2.366908
1.651671
0.954706
-0.236642
0.923211
0.692092
-0.811520
-0.612334
-2.536717
0.727050
0.008126
-0.651481
-0.775346
-0.749150
-0.612007
-1.451810
-0.225656
0.115382
2.504527
-0.237152
-0.611030
-0.611356
-1.233145
-0.609724
2.432507
-0.612992
-0.069150
-0.612007
-1.240562
-0.463867
-0.310993
-0.503409
-0.237019
-0.612334
-0.610707
-3.897827
-0.610707
-2.290367
-0.612007
-0.611030
-0.610707
-0.237275
0.867130
-1.021367
-0.290252
-3.973277
0.614288
-0.611030
0.197516
-1.009920
0.085412
-2.702300
-1.215286
4.313141
0.707977
-0.422135
-1.252745
-0.236390
-0.099928
-1.553526
-0.612334
-0.797827
-2.338009
-0.237152
0.004050
-0.611682
-0.252438
-0.236767
-0.611682
0.308142
1.175261
1.435161
0.030266
-1.662364
-0.608751
-0.613315
-0.612334
-0.607767
0.618238
-0.611030
-0.767485
-0.611030
-1.417313
-0.593032
-1.251631
-0.612992
-0.426126
1.770948
-0.379770
-1.191782
0.486222
-0.058845
-0.612334
-0.611030
-0.610052
-0.607767
-1.239891
-1.502389
-2.196897
-0.611030
1.289101
-0.993024
-0.043645
-0.397843
-0.610707
-1.057676
-1.724903
-0.585756
-0.612334
-1.384553
-0.609724
-0.611356
1.509183
0.441527
0.109391
-0.277753
-0.610052
-0.074040
-0.874144
-1.306957
-1.580280
-1.547301
-1.249005
0.448310
-0.611682
-1.244791
-0.613315
-0.610052
-0.611356
0.972166
-0.611356
-0.548400
-0.551444
-1.095809
0.356531
-1.175479
0.289568
-0.236894
-0.406339
-0.799185
-1.386888
-0.612334
-0.610707
-0.609724
0.548202
-0.612334
-1.067142
-0.609403
-0.408362
1.247499
-0.612334
-0.202507
-1.207362
1.977365
0.823337
-0.609724
-0.882411
-0.236517
-0.612660
-0.611030
-0.611356
0.399509
-1.361606
-0.611682
-0.611682
-0.610052
-0.418069
-0.084516
0.137956
-0.550446
-1.393263
0.079718
-1.661247
-0.611030
0.341203
1.084474
-0.612007
-0.236137
0.254003
-0.611682
1.518208
0.770953
-0.691872
-0.611030
-0.236390
-0.610376
-1.543010
-0.610707
-0.610376
-0.611682
-0.611356
0.221543
-0.612007
-0.611030
-0.611356
-0.213165
0.629555
-0.610376
-1.483847
0.698124
2.905955
-1.227073
0.603600
-0.983389
1.932849
1.459399
0.810818
-0.135998
-0.437488
-0.611030
-0.981841
-0.389678
-0.478214
-0.700137
-0.378902
-0.613638
-0.612992
-0.235882
0.126871
-0.609724
-0.610376
-0.450109
-1.651729
-0.236390
-0.610376
1.021460
-0.609403
-0.554601
1.971067
-0.393501
1.147939
-0.611356
2.612707
-0.608427
0.114952
-1.302775
-0.127820
-0.145816
-0.055696
-0.611682
-0.610376
-0.457872
-0.073492
-2.052111
-0.568197
-0.609724
-1.213400
-0.608427
-0.611682
-0.736721
-0.609724
-2.278113
-0.610707
-0.611356
-2.265746
-0.612007
0.249693
2.065435
-1.135542
-2.072258
-0.603167
-0.611356
-2.039219
-0.610376
-1.346238
0.448307
-2.460344
-0.611356
-1.417038
-0.611030
-0.236642
-0.809622
-0.611030
-0.610376
-0.100208
-0.818102
-1.446168
0.921737
-0.612007
-0.610376
-2.495210
-1.912470
-2.087623
-0.958318
-0.673988
-0.611682
-0.612007
-0.567887
-0.794019
-0.612660
-0.217166
-0.611682
-0.611682
-0.612007
0.662873
-0.611682
-0.610707
-0.610052
-1.065424
-1.773579
-0.474417
-1.179298
0.401284
-0.964697
-0.236266
-0.911981
-0.612120
-0.610376
-0.168604
-0.412105
-0.611030
-0.249145
0.255405
-0.612334
-1.244020
-0.611030
-2.821272
-0.610376
0.255830
-0.587174
0.083882
-0.611356
-0.278234
-1.110598
-1.055733
-0.572345
-0.981399
0.684690
-0.236767
-0.745299
-1.350317
-0.589143
0.206142
-3.112220
-1.217299
0.098449
0.367216
-0.223903
-0.610376
0.630114
-0.886790
-0.249679
-1.807057
0.356787
-0.610376
-0.100350
-0.610376
0.927050
-0.936995
0.150952
-1.409336
-0.149661
-2.801143
-0.520141
-0.610707
-0.542120
-0.611643
-0.611682
-0.748169
-0.611682
-1.919330
-1.253974
-0.364823
-0.612007
-0.866398
-0.610376
0.421460
2.331448
-0.236517
-0.541707
0.668179
-0.610376
1.980655
-1.889605
-0.612007
0.048032
-0.114209
-0.403343
-0.541347
-0.842629
-0.274698
-0.437895
0.116082
0.764813
-0.693079
-0.340570
-0.168879
-1.029144
-0.853531
-0.241905
-1.654187
-0.095273
-1.171513
-1.015901
-0.236642
-0.807599
-0.609403
0.579481
-0.066304
-1.344262
-0.620323
0.308239
0.141399
-1.673279
0.611326
-0.615754
1.256891
-0.275381
-2.455904
-0.639929
-1.392857
-2.687980
-0.611682
0.082130
-1.398227
-0.355082
0.681236
0.813249
-0.883881
-2.114258
-1.190219
1.833680
-0.014279
-0.611682
0.352242
-0.835448
-0.945774
-0.412640
-1.302651
0.090241
-0.045561
0.670430
-0.801101
-0.358161
0.008059
-0.610707
-0.236642
0.040152
0.151011
-0.728784
1.343928
-1.661805
2.155695
-0.031685
0.305257
-0.236642
-0.236894
-0.611682
-0.611030
-1.019696
-0.229269
-0.224422
0.308781
-0.956293
-0.611030
-0.610707
-0.499989
-2.550011
-0.854106
0.674401
0.318436
0.047334
-0.413086
-1.327604
-1.482479
-0.410166
0.008111
-1.399863
-0.611356
-0.540145
-0.409716
0.929417
-0.610707
1.520755
0.987528
-0.409040
-1.105433
-0.945774
-1.114352
-0.759186
-0.090432
1.809655
-0.294071
0.699556
-0.736167
-0.914520
-0.236266
-1.462757
-0.653641
1.104046
-0.801164
-0.612334
-0.431116
-1.771376
-0.861912
-0.351762
-2.719413
-0.180042
-0.045313
-1.763106
0.254564
-0.701952
-0.235510
-1.902378
-0.735605
-0.807423
-0.131889
-1.348664
-0.353853
0.088028
-1.930271
0.207654
1.016913
0.592676
0.158476
-0.280196
-0.451151
-0.413530
0.365117
1.343805
-0.028137
0.828494
-0.210086
0.720747
-0.621637
0.288231
-1.231573
-0.900885
0.263629
-1.083323
-0.612992
-1.475257
-1.107369
4.454741
-0.611356
0.259199
1.109478
-0.611030
0.587169
-3.850137
-0.611356
-0.417010
-0.181641
0.006909
-0.394530
0.246845
-0.360886
-0.419028
-0.366716
-1.038579
0.394439
-1.167632
-0.288859
0.166058
1.793879
0.324648
-1.417831
-0.949631
-0.408141
-1.913115
0.633800
0.045197
-0.499183
-0.645704
-0.292884
-0.611356
-0.611682
1.826388
-1.336626
-0.610707
0.665471
-1.448948
-0.352800
0.051454
-2.158667
-0.611030
1.468953
-0.236894
-1.053880
1.481557
-0.502137
-0.042670
-0.549313
-0.236266
-0.373017
-0.612660
-2.059316
1.906600
-1.516943
-0.601573
-0.611682
-0.752027
-0.132789
-2.342948
0.193166
-0.781731
0.313997
-2.367136
-0.501869
-0.688536
-0.702096
-0.613638
0.304944
1.382952
-0.596015
-0.610707
-1.091374
-2.734725
-0.621525
0.756012
-0.611682
-0.236894
-0.827634
-0.717989
0.679598
1.130233
-0.362547
-0.243207
0.837729
-0.040398
1.762855
2.056393
-0.291595
-0.102548
-2.071507
-0.043603
-0.364543
-1.038377
-0.792757
0.113899
0.036795
1.512772
-0.609403
-0.260736
-3.121179
1.636955
1.318677
2.226226
-0.237019
-1.265878
-1.950019
-2.529683
-3.152274
-0.491801
0.514183
-0.511117
-0.801979
-0.783621
0.007840
1.938814
-0.433159
0.055127
-0.195638
-1.374884
-1.736261
0.922718
0.409516
-1.349879
-2.283661
-0.030466
-0.800083
0.323229
-0.430706
1.687949
-0.493221
0.053847
-0.951389
-0.611356
-1.179808
0.400092
-0.408523
0.007921
-1.263821
-0.505832
-3.006889
-0.136414
-0.994444
-0.609724
-1.066300
-0.611682
-0.611682
2.586001
0.115439
0.527186
-0.045565
-0.236517
1.696313
-0.610376
1.925081
-0.341184
0.420215
2.280283
-0.236894
-0.613960
0.662073
-1.258963
1.332439
-0.617456
1.058289
-0.602453
-0.611356
-0.404309
-0.610376
-0.236517
-0.611682
0.151437
-0.609724
-0.610052
0.955535
-0.398229
-1.175066
-0.279045
-1.637009
0.238600
-0.611356
-0.336008
0.818087
-2.984978
-1.448815
-1.082739
0.944898
0.843516
0.207005
-0.073738
0.232351
-2.821282
-0.679779
-0.610707
0.992100
-2.007539
1.025432
-1.154316
-1.043482
-0.610052
-0.850539
1.831628
-0.045695
-0.612660
0.243895
-0.339047
0.257802
-0.236767
-1.324291
-0.805529
-0.535221
-0.904311
0.002614
-0.193915
0.448550
-0.237152
-2.085981
-0.610376
0.298018
-0.611356
-1.052346
1.011773
-2.556224
1.499209
0.174074
-0.409486
-0.089200
-2.190264
0.950511
-0.611356
-0.887167
-0.566977
-1.058205
-0.878965
1.890962
-0.041663
0.591658
-0.611682
-0.613638
-0.610052
-0.612007
0.022491
-0.609074
-0.612660
-0.612660
0.257802
0.615509
2.683189
-0.379352
0.910266
-0.236517
0.865289
0.087903
-0.405909
-0.032008
-0.755541
1.237158
-0.410616
-0.610707
-3.773576
-0.701770
0.364505
-0.237803
1.014459
-0.611682
-0.538054
-1.245599
-0.611356
-0.612660
-0.610707
0.533359
-0.611682
-0.610707
-0.683303
-0.609724
-0.196741
-1.546016
-0.419746
-0.611682
-1.049268
-0.973467
-0.769039
-3.045344
-0.705081
-0.631588
-0.611682
-1.599850
1.039346
-0.610707
0.407573
-0.460685
-0.610052
-0.479472
-1.067155
1.210509
-0.043641
-0.492211
-0.683040
-0.611030
-0.867316
-0.967034
0.171539
-0.965879
-0.612334
-0.135793
-0.388917
-0.349069
-0.612660
0.835025
0.276258
0.007926
-1.201319
0.362777
0.256817
-1.491552
-0.361766
0.258496
-1.246134
0.324720
-0.402504
-1.444063
-0.871831
1.001500
-0.609170
-2.754138
-0.758202
0.576968
-1.069856
-0.455196
0.257516
-0.225204
-0.989711
-1.385134
-1.515513
0.672698
0.205226
-0.867563
-0.059984
0.971477
0.291520
-0.245076
2.076434
0.052832
1.677761
-0.894677
-0.582369
-0.612007
-0.611030
-1.724849
0.310623
-1.618273
0.109821
-1.446253
-2.155632
-0.040385
-0.611356
-0.634383
-0.610052
-0.537088
0.036942
-1.131783
2.023101
-0.610052
-0.935910
-0.001258
-0.613315
-0.611356
0.695454
-1.167006
0.715838
0.328012
0.257653
0.386081
0.241940
0.548055
-0.413530
-0.609403
0.866348
-1.294595
-0.574692
0.315659
-0.611356
0.235201
-0.676538
-1.349879
1.638462
-1.012454
-0.611682
0.367884
1.118402
0.258496
1.860875
1.395957
-0.571236
-0.648947
0.441639
-2.298846
1.694197
-0.609724
-0.075246
0.375497
0.026176
-0.288926
-0.610707
0.054896
-0.236517
0.010911
-1.190699
-0.236517
0.235058
0.515498
-0.659059
-0.609403
-1.185202
-0.005808
-0.610707
0.978012
0.573913
0.215720
-0.832968
-0.973156
1.413057
0.024958
-1.113954
-0.374980
-0.948709
-0.542794
-0.974223
-0.191128
-0.539722
0.429590
-0.786414
-0.236011
-0.657233
2.885924
-0.043296
-1.219640
-0.896173
0.074369
-0.612007
-1.201887
-0.237152
0.006218
-1.436685
-0.609724
-0.989431
-1.226266
-0.362750
-0.612992
0.318911
-0.610376
0.513815
-0.612660
-0.611682
-1.042217
-0.120473
-1.715754
-0.267512
-1.031558
-1.234173
-0.611030
-1.646897
-0.127375
0.255128
-0.824300
1.002178
3.106986
-0.611356
1.225491
0.115319
0.002914
-1.020201
-0.412862
-0.408585
0.706230
0.210713
-0.382923
0.296067
-1.903482
-0.236767
0.759719
-0.609724
-1.670552
-1.187934
-0.611030
-1.269368
0.560526
1.624549
0.600263
-0.611030
-0.303406
-0.898245
-0.610707
0.293233
-0.967848
-0.237275
-0.865696
-2.158976
-0.978023
-2.720479
-0.705544
0.841106
-0.550227
-1.870310
-0.612007
-0.236894
0.507158
-0.408811
0.612347
0.306894
1.962227
-0.625460
-0.418550
-1.635812
0.027128
0.700380
-0.287732
-0.610707
-1.238742
-0.610376
0.778862
-0.355923
-0.610707
-0.610707
-0.969221
1.096031
-0.660323
0.726283
-0.610376
-0.611030
0.256534
-1.483446
-0.855872
-0.627008
-0.409716
-1.298650
-0.397106
-1.119036
-0.300907
-0.610376
1.933892
-1.304463
-0.413530
-0.610376
-0.611356
-0.612007
1.556705
-0.338951
-2.000474
-0.611682
-0.719854
-0.132385
-0.520583
-1.285512
-0.309464
0.697250
-1.489889
-0.897855
0.141088
-0.969766
-0.040336
0.700315
1.113152
-0.611682
-0.611182
-0.342852
-1.628666
-0.867609
-0.712513
-1.298650
0.388642
-2.219345
-1.617068
0.272924
-1.288774
-0.906427
-0.723149
-1.261305
-0.776483
-0.611356
-0.236767
-0.609724
-0.611356
-0.593526
-0.959970
0.940038
-0.237019
-0.613315
-0.611356
-0.236266
0.166802
-0.605491
-0.610052
0.008052
-0.409261
-0.611356
2.768647
-0.609724
-0.608751
-0.448521
-0.612660
0.449750
1.723312
-1.238896
-2.475721
-2.296245
-2.240892
-0.611356
-0.408141
-0.612660
-1.013369
-1.209926
-0.611356
-1.368797
-0.351347
-0.608751
-0.612660
-0.612334
0.784535
-0.611682
-0.612007
-0.321426
-1.441648
0.171407
-0.611030
-0.244031
-0.620345
-0.237152
-0.612007
-0.817004
0.323235
-0.940728
-0.610376
-0.610052
-0.611356
-0.612660
0.988560
-0.607121
-0.611030
-0.612334
-0.410386
-0.611030
-0.611356
-0.296661
-0.567281
2.554725
-0.041262
-0.610707
-0.406255
-0.089667
-0.567345
0.982388
-0.610052
-0.611030
-0.611356
-0.062665
-0.610707
-0.611030
-0.980524
0.138725
-1.259963
-0.040717
-0.235882
-0.612007
-0.612660
-0.236767
-0.407463
-0.925839
-0.236137
-0.610707
-0.697611
-1.058079
-0.871362
-0.626665
-0.276286
-0.610707
-1.658067
-0.946781
-0.611682
-0.393501
-0.236390
-0.118533
-0.763199
-1.791318
-0.236767
-0.610376
-0.611682
1.215021
-2.438403
-0.611356
0.884168
-0.610707
0.060198
-0.236390
-0.611682
-0.439172
-1.316743
-0.609074
-2.086962
1.783578
-0.612660
-1.525648
-0.312558
0.258830
-0.496681
0.187097
0.164462
0.074858
-0.322264
-2.265746
-0.848911
-0.611682
-3.019554
-0.610707
-0.850634
-0.817761
-0.237152
-0.402732
-1.492273
-0.611030
0.294374
0.925350
-0.610052
-1.611711
-0.611356
-0.571541
-0.610707
2.235057
-0.609074
-0.612660
-0.406339
-0.611356
-0.871989
-0.618429
-0.611356
0.690278
-0.610376
-0.348665
-1.399446
-0.752520
2.067670
-1.791948
-2.509111
-0.612007
-0.611356
-0.617447
0.435769
-1.181564
-0.976512
0.139351
-0.611356
-2.183051
0.889205
-0.407236
-0.324927
0.318731
-0.610707
-0.754814
-0.612334
-0.609403
-0.612660
-0.236767
-0.845578
-0.236137
-0.236642
0.365145
-1.823127
0.562407
-0.856363
1.468765
-0.611030
-1.941966
-0.168333
-0.373017
-0.611356
-0.608427
-1.365483
-0.611030
-0.801786
-0.390578
-0.612007
-1.983990
0.256113
-0.324610
0.007963
-0.611030
-0.236894
0.095315
-0.611682
-2.904829
3.999682
-0.611356
-1.264039
-0.609403
-0.612007
-0.612007
-0.610707
-2.453351
-2.103941
-0.430105
0.931136
-0.290309
-0.612992
-0.168879
-0.611030
2.081265
-2.688354
-0.849540
-3.550861
-2.096176
-0.613315
-0.504187
0.106999
-0.773018
1.432499
-0.381162
-0.385105
0.384278
-1.472786
-0.300431
-0.217680
-0.404512
-0.501869
-0.100153
-1.184074
-0.869945
-0.610376
-1.205208
-0.851766
-0.655246
0.348422
-2.726375
-1.039592
-0.610052
-0.236642
-0.236642
-0.612007
-0.610707
-0.126459
-0.611356
-0.611356
-0.353756
-0.610376
-0.612007
-0.610052
-1.118838
-0.611682
-0.578096
-0.199314
1.275109
-0.611682
-0.551444
-0.720840
-0.611030
-2.037471
-0.636730
0.351220
-0.613315
-1.174463
-2.857239
0.631233
0.046997
-0.611030
-0.611030
0.932950
-0.610707
-0.236767
-0.587451
-0.611356
-0.393501
3.309415
-1.776618
-0.548704
-0.611356
-0.403410
-2.201280
-0.611682
-0.542577
-0.287892
-0.612007
-0.611682
-1.087921
-0.045262
-0.611356
-0.236767
-0.918534
-0.237019
0.196057
-0.611682
-0.610376
-0.552685
-1.746236
-0.610707
-0.236767
-0.611030
-0.612660
-1.482993
1.513568
-0.609074
-0.234749
-0.610707
-0.292879
-0.427436
-0.611682
1.595526
-0.157712
-0.556644
-0.154587
-0.610052
0.323753
-0.611682
-0.045313
-0.612334
-0.501869
0.317490
-0.610052
-0.191548
1.037451
-0.610707
-0.772889
0.002787
-0.079690
-2.825998
-0.418041
0.348682
-0.611356
-1.855513
-1.504556
-0.612334
-0.612992
-0.611356
-0.539218
0.766255
0.293512
-1.441130
-1.586726
-0.236266
-1.218319
0.521816
1.378535
0.067319
0.727861
-0.736991
-1.717444
0.687007
0.012494
-1.716487
-0.611356
0.996674
-0.612007
-0.611356
-0.041080
-0.500794
-0.591434
-0.590817
-1.698631
-0.829551
-2.334851
-2.614867
-0.786470
-1.506095
-1.147137
0.571896
-0.236390
-0.236011
-0.612334
0.745564
-0.609724
0.452462
-0.302046
-1.320884
-0.293851
-1.273300
-0.542310
-1.271850
0.693531
1.938806
2.632538
-0.612334
-0.610052
-0.435983
-2.663646
-1.823522
0.995879
-2.051914
-1.405506
-0.611356
-0.902544
1.524106
-1.282952
-0.611682
-0.610707
-0.609724
-0.612992
-0.609724
-0.882800
0.047232
-1.000548
-0.609403
-1.887934
-0.946817
-0.657618
-0.045565
-0.290362
0.046159
-0.612334
-0.611030
-0.610376
-1.884987
0.192958
-1.730941
0.517697
-2.633347
-0.408362
1.198082
-0.611030
-2.151518
-0.011227
-0.828124
-0.237019
-0.236390
-1.087244
-0.630060
-1.257593
-0.813290
1.338413
0.171844
-0.395611
-0.610707
-0.896669
-1.351842
-2.053515
-0.162900
-0.975227
-1.662724
0.093869
-0.038431
-0.872769
-0.506167
1.712008
0.007947
0.339485
-0.410616
-0.611356
-0.611356
-0.612660
-0.611356
-0.610707
-0.666794
-0.699042
-0.611682
-0.610707
-0.551752
-0.048267
-0.129218
-0.681708
-0.945774
-0.610052
-1.666646
1.596812
-0.116919
-0.821893
0.590089
-0.429853
-0.459926
-0.267802
-0.396206
1.188657
0.317319
1.375733
0.364646
1.103484
-1.334217
1.751090
-1.888188
-2.982334
0.156325
0.756563
-1.458737
-0.611682
-0.609403
-0.648230
-0.612007
-0.610707
-1.618852
-0.793556
-0.383822
0.123322
-0.611030
0.107784
-1.309440
-0.610707
-0.548704
-0.610707
0.007838
-0.613315
-0.609074
-1.457561
-0.469118
-1.227752
-1.594550
0.256817
-0.610052
-0.610707
0.096841
0.504652
-0.422369
-0.612334
-0.974136
-0.237152
-2.710439
-0.911090
0.543676
0.960800
0.208484
0.559660
2.556526
-0.611682
2.262880
-0.712895
0.368394
-0.607767
-0.237152
-1.225069
1.858188
-0.612007
0.950098
-0.001995
-2.334186
0.441881
-1.569852
-0.610376
0.305799
-3.802688
-0.498475
-0.611682
-0.612992
-0.458277
1.347507
0.167947
0.036714
-1.223201
-1.017216
0.299288
-0.831977
-0.612334
0.497346
0.202952
-0.564540
-0.965499
1.075225
-0.771192
-0.427090
-0.616825
-2.139218
-0.612778
-0.818077
-1.702962
-0.612007
0.465204
0.432222
0.003749
-1.341329
0.234781
-0.869606
-0.623617
-2.739461
0.318201
-1.016801
-1.348836
0.635845
-0.059141
-0.610707
1.124659
0.366552
-1.797443
-0.610052
-0.611030
-0.595959
0.353787
-0.652200
1.923731
0.853839
-0.159996
-0.670506
0.047445
-1.440410
-3.675920
-2.042107
0.572812
-0.578550
-1.350681
-0.716037
-0.127627
0.648256
0.997234
-0.045589
-1.358299
-0.610376
0.702670
-2.239005
-1.006950
-0.045435
0.691954
-0.236374
0.002745
-1.303455
-2.815870
-1.100760
0.817807
0.247130
0.229306
0.242773
-3.525156
-1.084092
-0.610052
-0.610376
-0.236642
-0.408585
0.769105
-0.411290
0.097676
-1.523146
-0.975366
-0.095135
0.024952
-0.783382
0.063530
-0.610707
-0.174275
-0.414889
-0.767251
0.780813
-1.955387
-3.051990
-2.543469
0.108415
-0.611030
-0.778974
-1.424727
-0.610707
-2.052111
-0.611030
0.766987
-1.518987
-1.429415
-0.104403
0.363277
-0.713197
-1.344038
-0.407236
-0.611682
-0.612007
-0.367102
-2.264508
-0.913940
-0.236642
0.483425
-0.379096
0.578097
-1.134982
-0.393057
-1.096774
-0.763577
-0.611682
-1.946906
1.077509
-1.580490
-1.996663
-0.838914
-0.389455
0.254985
-0.611356
-0.312609
-0.372295
-0.611030
-0.610707
0.214216
0.256113
-0.610707
-0.611682
-0.610707
-2.016222
-0.721597
1.205153
-0.611030
-0.464443
-1.713295
0.246006
1.538022
0.051095
-0.570325
-1.394290
-0.081918
-0.702287
-0.434798
-1.324641
0.052214
-0.623418
0.059811
-1.105097
1.334140
-0.610376
-1.198979
0.729350
-0.387876
-1.099172
-2.413424
-0.245820
-0.272179
-0.001916
2.151175
-0.841143
-0.763574
-2.308503
-0.612334
0.874150
-1.002205
-0.456989
0.618144
-0.610707
0.774692
1.580012
-1.606606
-1.497394
-1.054259
0.046810
-0.554660
-0.612334
0.137958
-0.339300
0.667259
0.309556
-0.612334
-3.720376
-0.411290
1.011589
-0.462459
-0.236767
-1.427057
-2.109467
-0.611030
-1.104650
-0.421415
-0.424306
-1.390592
-0.610052
-0.412528
-0.034913
-0.163950
0.372959
0.626830
-0.389455
-1.155844
0.902231
-0.370989
0.025316
-1.240562
-0.045365
-0.611030
-0.363580
-0.400814
1.569262
0.204004
-0.611030
-0.045766
0.441994
-1.049818
-1.382937
-1.167638
-0.611030
-2.374522
-0.611356
-1.566146
-0.611030
-0.313774
0.008001
1.118511
-0.611356
-0.494539
-1.490932
-0.227086
0.238007
-0.017782
-0.824279
-0.140131
0.692796
-0.950855
-0.610052
1.118340
0.312344
-1.078528
-0.305784
2.725151
3.025539
-0.392154
1.759734
-1.885716
-3.343399
-0.382701
1.193218
-0.895730
-1.370432
0.027123
0.563230
-0.941680
0.343453
-0.610707
-0.184326
-0.610376
0.201751
-3.171507
-1.248449
0.384493
-0.045165
-0.049158
-0.596042
0.983727
-2.634410
0.112071
-0.359563
-2.554787
0.262594
0.626775
-4.438147
-0.611682
-0.383429
1.495631
-0.886024
-0.588206
-1.574456
-2.656058
0.521276
-0.570934
-0.442803
-0.611356
-0.242834
0.997552
2.191910
-1.032236
-0.535060
-1.162451
1.053493
-0.611682
-1.237792
-0.747412
-1.129777
-0.411290
-1.502506
1.637123
-0.351180
0.320920
-0.611030
0.348759
-1.730735
2.214568
-0.134799
-1.720908
0.509021
0.072135
-1.745489
-0.045637
-0.299790
0.621816
-0.606721
-2.007332
-0.201339
-2.081201
0.732919
-1.459601
0.017402
-0.612007
0.367165
1.946711
-0.533361
-0.742991
-0.799622
-0.610376
-0.611682
-1.240425
-0.508886
-1.049185
-0.987108
-1.252176
-0.610376
-0.390644
-0.609724
0.961912
0.161120
-1.546232
-0.572572
-0.076694
-0.358397
-2.447625
-0.214367
0.270272
0.364505
0.950545
-0.180810
-1.295542
-0.610707
-1.620638
-1.209252
-1.176126
-0.309900
0.621874
-2.259566
-0.041748
1.871375
-1.536753
0.662020
-0.246985
0.514378
-0.111497
0.778574
-0.610376
-1.520970
0.296268
-0.610707
0.110190
-0.637230
-2.418255
0.007809
-0.612007
-1.984270
-0.688659
1.269577
-1.010033
-2.346642
-2.832269
-0.056014
-0.611356
-0.611356
-0.889786
1.316556
-0.611682
1.246752
-0.611030
-0.703340
0.245584
-0.352901
-0.639127
-0.706966
-0.462402
1.469502
-0.520549
-0.608732
2.510714
2.665711
1.230207
1.187548
0.205987
-1.463353
-0.405811
-0.241589
0.921214
0.351099
-1.223760
0.146785
0.044357
-0.249284
-1.252052
-0.607121
-1.189581
-1.425600
-1.405072
-0.612992
-3.512194
-0.001944
1.665554
-0.505357
-0.408811
-0.645403
-1.027718
-3.435812
0.234921
-0.041677
-1.736447
-0.610707
-0.283228
1.696600
-0.609724
-0.990634
-0.611030
-0.611030
-0.501602
-0.784052
-0.611356
-1.397844
-0.700401
-0.428350
-0.373471
-0.610052
-1.007137
-0.611356
0.997534
-0.611356
0.705811
0.167399
0.503856
-0.611682
-1.918760
-0.747981
-0.884149
0.295044
-0.969029
0.115439
-0.301429
-1.162702
-0.386751
0.303349
-0.612007
-1.196742
-0.610707
-3.399555
2.229430
-1.036198
-0.028748
-0.414011
0.131888
-0.237019
1.002847
-1.793968
0.699470
0.297888
-0.612007
-0.748315
-0.611682
0.027083
-0.968492
-2.213102
-2.131602
-0.206892
0.028377
-0.833350
-0.609403
-1.442788
0.245867
-1.501052
-0.039787
-0.415106
-2.059107
-2.991567
0.651575
0.100883
-0.340681
-0.609724
0.133471
-0.272411
-1.395554
-0.662917
-0.471254
-1.170089
-1.689484
0.046689
-0.636571
-0.569715
-0.277976
-0.609724
-2.622931
-0.518506
0.446624
0.356707
-1.788706
-0.394628
1.561341
-0.611682
-0.500381
-1.108745
1.620421
-0.410386
0.880173
-0.612660
0.099076
-0.611030
-0.611356
0.237868
0.359396
-1.729857
-0.772482
-1.346529
-1.000251
-1.239685
-0.610376
-0.611356
-1.205612
-0.724038
-0.394404
-0.612007
0.187036
0.776632
-0.903656
0.747084
-0.691123
-1.000590
-0.612334
-0.792740
-1.487445
1.164234
-0.515000
-0.405880
-0.535412
-0.579943
1.000300
-0.110459
-1.704727
-0.098124
-0.610376
-0.887226
-0.498634
-0.611030
0.969809
0.690627
-1.670354
2.271275
-0.020667
-0.594471
1.480582
-2.781179
-0.610052
-2.624308
-1.502893
-0.611356
0.490858
-1.420911
-0.734278
-0.840424
-0.045637
-0.611682
0.795899
-0.194204
-0.893863
-0.236894
-1.131151
-0.045365
-1.493255
-1.051871
0.073599
-0.994839
-0.669387
-0.343200
2.341050
0.728806
0.007701
0.022741
-1.848283
-0.045565
-0.610707
-0.409538
0.008173
1.861225
1.647386
0.191434
-0.610707
-1.214622
0.108402
0.433665
-0.611030
-0.373262
0.093938
-0.163724
1.683872
0.363467
-0.723751
-0.608751
-1.337239
0.817159
1.301307
-0.435079
-0.083033
-2.080482
0.048688
-0.626384
-0.584945
-0.610376
0.287041
0.257516
0.947409
-0.610376
-0.792547
0.071444
0.570583
0.251619
-0.210482
0.818382
-0.276944
-1.484930
-3.420262
-1.243446
-0.710711
-0.406109
-0.610376
-0.036485
-0.280796
-0.410386
-0.612334
0.257932
-0.612007
-0.611030
-2.043422
-2.252630
-0.766909
-0.410166
-0.168214
-3.040400
-0.836269
-0.086541
0.028542
-0.641623
-0.939219
-1.780191
-1.042980
-1.478547
-0.427623
-1.801812
0.001128
-0.643964
-0.784783
0.008210
0.252600
-0.362213
-0.237019
-2.299828
-2.283174
-1.816193
0.008138
-1.044708
-0.872536
0.363387
0.255405
-0.159373
1.569750
0.727382
-0.610707
0.784146
-0.284157
-0.609074
-0.741488
2.231479
-0.333647
-0.609403
2.936570
-0.610376
-0.390122
0.695351
-0.610376
-0.065152
-1.289729
1.382973
-1.738261
-1.179652
-0.131321
-1.403971
-0.611682
0.485153
-2.154254
0.630433
-1.082155
0.223820
1.549181
-0.410837
-0.653957
-0.611356
-3.146567
0.088098
-1.583662
1.158728
-0.611356
-0.470645
-0.236390
-0.612007
0.256113
-0.612334
-0.611030
1.400470
-1.560583
-0.597680
-0.610707
-0.103611
0.363692
-0.611356
-0.611682
-0.646547
0.356799
0.359804
1.269296
2.829363
-0.360238
1.196701
-2.577962
-1.419200
0.238289
0.742580
-0.799115
-0.236767
-1.118202
-0.610707
-0.421654
-0.610052
-0.485482
-0.739656
-0.042916
0.357761
-1.052083
-0.279121
-0.916274
1.571281
-0.873234
-0.609724
-0.612660
-1.470563
-0.603167
-0.804728
-1.707268
-0.610707
-0.420657
1.520615
0.408964
0.693011
-0.408811
-0.611356
-0.371719
-0.411735
-1.659074
-0.441856
-0.357908
1.685519
-0.168791
0.944333
-0.851290
0.248283
-0.282905
-0.612334
0.018404
0.249025
-0.611030
-0.349069
-0.408585
-0.045414
-0.406109
-0.610376
-0.425397
-0.236642
-0.349469
-0.650034
-0.639276
-0.730670
-1.250246
-0.287407
-0.037874
-0.290636
-1.170505
-0.613805
-0.769630
-0.236390
-0.609403
-0.419462
0.026859
-0.609724
-0.486981
-2.069003
-2.393931
1.951647
0.395907
-1.003457
-0.444606
-0.610707
-0.291927
-1.038485
-0.610376
1.642052
-0.613315
-0.569110
0.025199
-0.394175
-1.178324
-2.773306
-0.611030
1.606674
-0.995357
-1.503357
0.115072
0.511019
-0.103927
0.899837
-0.598312
-1.584895
-0.710608
-0.611682
2.096702
-1.352324
-1.995860
-0.045494
-0.611356
-0.603853
-0.611356
-1.530079
-0.513963
-0.612334
-0.449205
-0.610052
-2.693305
0.316432
-1.829392
-0.612334
-0.609724
-0.611356
-0.887061
-0.611356
1.099990
-0.288542
-0.649368
-0.362542
-0.610707
0.183521
-2.222958
1.274997
-1.225796
-0.612992
-0.236767
-0.294642
-0.610707
-0.611356
-0.236266
-0.237774
-0.041471
-1.043490
-0.236517
-0.168157
0.141856
-0.971326
0.537331
-0.609724
-0.610376
-0.258009
-0.612007
-0.613315
-0.612334
-0.610376
-0.054050
-0.611356
-0.611356
-1.584020
-0.610052
0.049128
-0.520737
-0.788470
-1.818867
-0.613315
-0.612007
-0.611356
-1.739739
-0.236390
-0.610707
-0.642893
-0.609724
-0.609403
-3.488386
-1.246134
-0.482692
-0.487621
-0.271473
0.358171
0.006795
-0.610052
-0.567887
-0.615272
-1.359892
1.301908
-0.258956
-0.236390
-1.131481
-1.403623
-0.610707
0.047023
-0.611356
-1.562276
0.295181
-1.514708
-0.384054
-1.469773
1.143127
-2.227404
-0.154925
0.111673
-1.141625
-0.927146
-0.610707
1.776991
-0.549958
-0.612007
-0.610707
0.256390
-0.447499
0.648990
-0.344500
-0.235763
-0.611682
1.074916
-0.543562
-0.679702
-2.128204
-0.611682
1.649168
2.018625
0.502072
-2.003480
-0.157851
-1.604577
-0.610707
-0.611030
-0.607444
1.036820
-1.422810
1.021165
-0.289024
-0.612007
-0.040779
-0.285642
-0.847925
-0.611030
-0.610707
-0.881968
1.057076
-0.610376
-0.237275
-0.483587
-2.394210
-0.610376
-1.231129
-0.406785
-1.668040
0.600486
0.448066
-1.360283
0.531298
-0.236390
-1.986646
-0.611030
-0.610052
-1.567547
-0.712772
1.405421
-0.118581
-0.611682
-1.680022
-1.233834
-0.550227
-0.611030
0.316080
-0.274362
0.256817
0.002870
-0.610707
0.115439
-0.236642
-1.178661
-1.186883
-1.103080
-0.120652
-0.519446
-0.611682
-0.611030
-0.045513
-0.236767
-0.236390
0.908329
-1.435700
-0.610376
-0.043826
-0.611682
-0.040410
-0.611030
0.246808
-0.039071
2.371987
-0.610052
-0.116907
-0.292163
-0.143960
-0.613115
-1.823128
-0.277274
-1.248091
-0.612007
-0.895929
1.167933
-0.406785
-0.408362
-0.643540
-1.959689
-1.456036
-0.236642
-0.611682
-1.387148
-0.466337
-0.609403
-2.035512
-0.609724
-0.365588
0.290017
-0.612007
-1.808046
-0.609724
0.535500
-2.129240
0.223735
-0.612007
-0.611682
-1.159894
-0.611030
-0.611682
-0.976111
0.066923
-0.610052
-0.610707
-0.041491
-0.610376
-1.803532
-0.611356
-0.611356
-0.609724
-2.253035
-0.392832
-1.410434
-2.569203
-0.915509
0.384357
-0.945269
-1.328345
1.282895
-0.206004
-2.315515
-0.590636
-0.898628
-1.998121
0.770349
-3.860424
-0.612007
-1.102084
0.317420
-0.218392
-0.612007
-0.610707
-0.708502
-0.612007
0.595452
-1.288531
0.447832
0.613242
-0.611030
-1.791935
-1.477584
-0.611682
1.464289
-1.383801
-0.609724
-1.353060
-0.611030
-0.236642
-0.610707
-0.409935
-0.611356
-0.610052
-0.405661
-0.236894
-0.612992
-0.610052
-0.612334
-1.466641
-0.236517
-1.445299
-0.480532
-1.895352
-0.386524
1.615969
-0.045589
-0.225413
-1.189216
-0.236642
-0.383592
-1.403927
-1.651148
-0.611682
-0.612334
-0.767574
-0.610376
0.270647
-0.068682
-0.315684
-0.610052
-0.544736
-1.347930
-2.381623
-0.609403
-0.611030
-0.236894
-0.611356
-0.405434
-2.709901
-0.191600
-0.237152
-0.611356
-0.610707
-1.211269
-2.277173
-0.612007
-0.610707
-0.773714
-0.673151
-2.271413
-0.892691
-1.569232
-0.388326
-1.498069
-2.242250
-0.612334
-0.612660
-0.610052
-0.876377
-0.610707
-1.224370
-0.236517
-0.609724
-0.612007
-0.611682
-0.611356
-2.849395
-0.661397
-0.570021
-0.610707
-1.031109
-0.610707
-0.411063
-0.504020
-1.154899
1.005343
-0.236894
-0.045565
-0.610376
-0.611030
-0.610707
-0.946522
-0.612007
0.005290
-0.612992
-0.612992
-0.611356
-0.647161
-0.406785
-0.416002
-2.277112
-0.132400
-0.235633
-0.611030
0.538465
-1.259670
-0.253862
-0.936698
-0.610052
0.257802
-0.611030
-0.609403
-0.612007
-0.610376
-2.216944
-0.611356
-0.610376
-0.215969
-0.222969
1.805954
-0.654372
-0.611682
-0.610707
-0.590012
-0.768670
-0.611030
-0.610707
-0.407683
-0.236642
-0.609724
-2.101532
-1.822966
0.991107
-0.611356
-0.909455
-1.592852
-0.621903
-0.609724
-0.609403
-1.188994
-0.236642
-0.609724
-0.045618
-0.687630
-0.612992
-2.305619
-0.609724
-0.236517
-0.045990
-0.610376
-0.611682
-0.236390
-0.981099
-0.988920
-0.611030
-0.609403
-0.646409
-0.611356
-0.289988
-0.612007
-0.611682
-0.610376
-0.873876
0.665122
-0.611682
-0.611356
-0.470116
-2.499353
-1.054413
-0.407236
-2.857426
0.099389
-0.610707
-0.236266
0.367572
-0.612007
-0.609403
-0.829551
-0.609724
-0.922226
-0.612007
-1.347400
-0.609403
-2.258723
-0.237522
2.387584
0.576095
-1.252640
-0.610052
0.055321
-2.761905
-0.610376
-0.612007
-0.611682
-0.611682
-0.833350
-2.354255
-0.857060
0.094004
-1.042915
-0.611682
-0.290636
-0.610052
-0.502410
-1.123007
0.575618
-0.611356
0.806634
-0.612660
-0.611682
-0.611682
-0.612660
-0.216863
-0.610376
-0.612007
-0.862256
0.346702
-0.501869
-0.610376
-0.658339
-0.518337
0.591252
-1.144901
-1.717444
-0.041536
-0.728670
0.355512
-0.611682
-2.085808
-0.236266
-0.611682
-0.185017
0.255551
-0.236390
0.976582
1.137257
-0.406558
-0.045494
-1.240562
-0.610707
-0.609724
-0.611356
-0.611030
-0.610707
-0.548400
-0.406109
-0.275657
-0.612660
-0.609724
2.976299
-0.512125
0.254847
-0.870888
-0.611030
-0.237019
-0.611682
-0.609724
-1.024318
-0.613315
0.255551
-2.085257
-0.612334
-0.530286
-0.611356
-0.612660
-0.045494
-0.611356
-0.128862
-0.611356
-0.611682
-3.764512
-0.576222
-0.045513
-0.396429
-1.458602
-0.610707
-0.387429
-0.611682
-1.834186
-0.660163
-0.910106
-0.236517
-0.610707
-0.611356
-0.611356
-0.611356
-0.611356
-0.612334
1.712416
-0.408585
-0.611356
-0.387987
-0.385400
-0.609724
-0.612007
-0.610052
-1.408555
0.757047
-0.611682
-0.611356
-0.855053
-0.044608
1.812068
1.193493
1.561045
-0.609724
-0.610707
-1.556984
-0.611682
-0.612007
-0.622866
-0.609724
-0.612334
-0.611356
-0.611356
-0.611030
-1.721167
-0.612334
0.359745
0.258636
-0.611356
-0.612007
-0.610376
-0.611356
-0.424288
-0.888308
-0.611030
-0.430010
0.077350
-3.052678
-0.612334
-0.236642
-0.612992
-1.345730
-0.236642
-0.612334
-0.236137
0.381219
0.008138
0.353666
-0.612992
0.385212
-0.410166
-0.609724
-0.452056
1.004227
-2.699913
-0.611030
1.060698
-0.442557
2.196928
0.020482
0.528722
-0.611030
-0.612007
-1.238631
-0.411958
-0.237019
0.359598
-1.849361
-0.610707
0.343310
-0.610376
0.677443
-0.610376
-1.182481
1.308778
-0.612334
-0.237019
-0.433823
-0.610052
-0.612334
-1.203229
-0.639462
-0.610376
-0.266938
-0.235882
-0.611356
-0.399129
-0.896218
-0.407683
-1.409175
-1.011889
-0.222172
-0.610052
1.365621
-0.236266
-0.611356
-1.648413
-0.554864
-3.104827
0.255964
-0.611030
-0.610707
-1.318353
-0.927031
-0.611030
-0.404089
-0.612334
-0.236642
-0.237275
-1.044117
0.255830
-0.437828
1.067789
-0.610052
-0.611030
2.446449
-0.625849
-0.539218
-0.236517
-0.236517
-0.611030
-0.236767
-0.636038
-0.375203
-0.898245
-0.353853
-1.044682
-0.588421
-0.611356
-0.612334
0.157766
-0.796165
-0.236517
-0.012610
-2.951367
-0.410837
-1.747293
-0.902867
-0.970441
-0.188844
0.293183
-0.610707
-0.612660
-0.610376
0.842872
-0.609074
0.068588
0.241185
-1.689449
-0.610052
-0.611356
0.002803
-0.611682
0.259199
-0.880375
-0.236517
-0.610707
0.244039
0.272808
-0.281135
-1.523978
0.319142
-1.114575
-0.407463
-0.236894
-0.611030
-0.554490
-0.609724
-0.608751
-0.045618
-0.420104
0.008271
-0.611356
-2.215735
-1.344024
0.789797
-0.588315
-0.611356
0.322647
-0.236390
-0.996911
-0.612660
-0.610052
-0.611030
-0.611682
-0.610052
-0.612007
-0.611356
-0.612007
-0.610707
-0.827257
1.283988
-0.610707
-1.213668
-0.279364
2.227809
0.464273
-0.236571
-0.608751
-0.611682
-0.609724
-0.416915
-1.362532
0.653058
-0.156744
0.321802
0.567501
-0.028015
-0.666229
-0.941595
-0.612334
-0.611356
-0.610376
-1.477584
-0.500794
-0.236390
-2.047803
-0.611682
1.097337
-2.074639
-0.289024
0.292344
-0.611356
-1.025456
2.178064
-0.045540
-0.612007
0.321982
-0.237275
-0.404309
-0.369641
-0.610707
2.091888
-0.351439
-0.291275
-0.236642
0.335084
-0.611030
2.110059
-0.237275
0.054355
-0.610707
-0.236767
-0.610052
-0.392605
-0.041536
-2.960425
-0.609724
-0.432163
-0.610707
-0.609393
-2.045444
-0.610707
-0.236894
-1.694521
1.831210
-0.236390
0.137101
0.256390
-1.400909
-0.679515
-0.942821
-0.612660
0.256534
-0.611682
1.373574
-0.547797
-0.610707
0.057743
-0.605161
-0.611356
-3.447808
-0.611682
-0.611030
-0.611030
-0.611030
-0.610707
-0.408811
-0.612660
-0.138289
-0.612334
0.008332
0.785465
-0.610052
-0.612334
-0.236517
0.542215
0.598495
0.291709
-0.236642
-0.343389
-0.611030
0.237442
-0.609403
-1.780220
0.447832
-0.608751
-0.610707
-0.236642
-0.098017
-0.611682
2.174168
-0.611682
-1.344996
0.702042
-1.322691
-0.612007
-1.235436
-0.611682
-0.610707
3.086095
-0.045209
1.023399
-1.044682
0.389893
-0.492754
-1.110102
-1.027196
-0.611682
-0.612660
0.046395
0.246286
-0.886830
-0.479071
-0.045462
-0.611356
-0.236894
-0.610707
-0.610052
-0.612007
-0.960617
1.551910
-0.914298
0.279381
-0.611356
-1.594855
-0.611682
-3.359551
-1.248997
0.256952
-0.446046
2.486522
-0.611030
-0.235882
-0.369394
-0.592186
-0.398908
2.654710
-0.661504
0.317490
-0.610376
-0.236642
-1.733148
-0.611030
-1.077876
-0.231346
-0.236258
-0.043879
-0.610707
0.614146
-0.140026
-0.612334
0.658312
0.838886
1.325922
-2.081394
-2.230624
-1.294135
-0.612334
-0.610707
-0.841006
0.362872
-0.609074
-0.236894
-1.477666
-1.032807
-1.408566
-0.515569
-1.446917
2.140717
-3.768566
-0.610052
-1.179298
-0.612992
-0.612334
-0.510570
-0.024052
-1.247046
0.362466
-1.305307
-0.611356
-0.546879
-0.236517
-0.236642
-1.485080
-0.611356
-0.610376
0.644704
-0.598424
-0.611356
-0.637217
-0.878995
3.115468
-0.476845
-1.688580
-0.611682
-0.611030
-0.532153
-0.625006
-1.017475
-0.610052
-0.611682
-0.045056
-0.537439
-0.290468
-0.610707
-0.611030
0.306542
-0.612992
0.227201
-0.223023
-0.610707
-1.501990
-1.245860
0.789314
-0.612007
0.026711
0.439288
-0.411063
0.398388
-0.609724
-0.220832
-0.612334
-1.397851
1.340081
-0.611682
-0.894626
0.717382
-0.409486
-0.499989
-0.842809
-0.647639
-1.490932
-0.865190
-3.512933
-0.594586
-0.617912
0.835270
-0.298648
0.253863
-0.610707
0.505027
-0.610707
-0.237398
-0.502670
-0.038474
-0.610052
1.619200
-0.611682
-0.610707
-0.648590
0.174102
0.402243
-2.014169
-0.610376
-2.742805
-0.020535
-0.236390
0.890393
-0.237650
-0.464409
0.231177
-0.610376
-0.479097
-1.239198
0.064425
-0.901301
-1.060702
-0.740445
-0.611030
-0.543815
0.115510
-0.610707
-0.502371
-0.236767
-0.611682
-1.292416
-0.928654
-0.607697
-1.107691
-1.410751
-0.829822
-0.612007
-0.659059
0.054963
-0.161904
-0.610707
-0.611356
-0.609403
-0.040983
-0.454362
-1.570106
-0.657279
-0.610052
-0.236894
-1.874255
-1.248052
0.679144
-0.612992
-0.212329
1.671829
2.297076
-0.612007
-0.302999
1.737864
-0.613315
-0.611030
-1.637857
0.684131
-0.611356
-0.611682
-2.478634
-1.033372
0.287521
-1.475951
-1.697737
-0.610707
-0.610707
-1.395124
-0.611682
-2.266983
-0.609724
-0.610707
-0.612334
-2.145021
-0.612992
-0.550570
-0.685991
-0.610052
-1.461241
1.091765
0.072490
-1.197863
0.053742
-0.345753
-1.472807
-0.614391
-2.842080
0.951085
-0.346994
-2.076885
2.052854
-1.848148
-2.658062
-2.096176
0.254847
-0.045462
-1.096774
-3.299262
-0.802002
-0.872783
-0.611030
-0.612660
-0.610707
0.609052
-1.183466
-3.891495
-0.611030
-2.575986
-0.236894
-0.041980
-1.211944
-0.271631
2.018874
-0.862343
-0.410166
-0.350105
-0.611356
-1.372909
0.056839
-0.043879
-0.825533
-3.240389
-2.577962
-1.781778
-0.069964
0.361850
0.238992
-0.611030
-3.504513
0.305494
-0.612334
0.344467
-0.093975
-0.289465
-0.611682
-0.236642
0.069028
-1.781895
-0.714741
-1.444830
0.294678
1.020595
-0.824307
-1.077451
-2.430946
-1.609291
-0.610376
0.112448
-2.662154
0.115138
-0.195978
-0.621165
-1.601974
0.592712
0.322339
1.529230
-1.397415
-0.983373
-0.916911
-0.915202
-0.611682
-1.156138
-0.393954
-0.064454
-0.611356
-0.611682
0.060783
-0.610707
-0.611682
-1.961337
-0.947830
-1.832217
0.029811
-1.243052
-0.612660
-0.610052
-2.084292
-0.989917
-0.610052
-0.611356
-0.524627
-0.237152
-0.041399
0.006434
-0.236390
-1.418168
-0.611356
0.073745
-1.700158
-2.188680
-0.891819
-0.611030
-0.649195
0.139607
-0.501602
-0.583954
-0.610052
-0.876135
-0.814818
-1.353795
-0.237019
-0.611030
-0.896051
1.730296
-1.367887
0.290214
-0.871362
-0.611030
0.012443
-0.889289
-0.614661
1.342524
-0.611682
-1.630853
0.651685
0.766459
-1.593869
0.058045
-0.639485
1.469959
-0.797874
-1.000570
-0.868245
-0.364791
0.886357
-0.611030
-0.390349
-1.208584
-0.290309
-0.887328
-0.610376
-0.610707
-1.835417
-0.611356
-0.609403
-0.236642
-0.612660
-2.026238
-0.640290
-0.611682
1.704733
0.255685
-1.337435
-0.547159
0.428361
0.511137
0.003685
0.303702
-0.612007
-0.833947
-1.091544
-0.237152
-2.061028
-0.611356
-0.609724
0.821381
-0.630186
0.235058
0.008104
-0.610052
0.297034
-0.612007
0.407579
-0.343247
0.747448
-0.282423
0.711052
-1.118202
-0.608751
-0.594235
0.864623
-0.872769
-0.774951
-0.041748
0.162766
-0.610052
0.747600
-0.417260
0.905495
-0.036584
-0.609512
-1.243904
-0.237152
-0.884913
-0.019346
-0.236894
0.254283
0.101345
-0.612992
-0.612334
-1.036198
-0.581531
-0.892904
-1.203857
-0.884868
-0.412640
3.428012
-0.610707
-0.801178
-1.128406
-1.045937
-0.380810
-0.611682
-0.510288
-0.887815
-0.391478
-0.550838
-0.236517
0.221793
1.536155
0.064585
-0.611030
1.171310
1.330670
-0.611356
-0.585675
-1.225727
-0.610052
-0.236390
-0.364911
-0.610052
-0.610707
-1.706545
-0.264730
-1.167713
-0.436073
-0.908446
-0.548138
-0.610376
-0.611030
0.621428
-0.512046
0.141915
-0.612007
0.741205
1.735793
-1.607251
-0.504020
0.008086
-1.168831
-0.609403
-0.041631
-0.346852
-0.611682
-0.610707
0.256817
-1.146461
0.627880
0.527303
-0.401394
-0.408585
-0.406558
0.008081
-0.045286
0.253725
-2.749666
-0.882484
-0.570021
-0.145524
-0.458526
-0.596125
-0.468277
-1.235800
-1.277939
-0.351515
0.987669
-3.376122
-0.612660
-0.586254
-0.453656
-0.247781
0.116235
-0.612007
-0.195826
-0.612660
0.254847
-0.527427
-0.609074
2.935484
-1.087437
-0.610376
-2.357779
-2.300432
0.721362
-0.164600
-0.477870
-0.410166
-0.610052
0.196399
-2.327285
-0.341048
0.833179
0.260599
-0.959699
-1.639611
-0.210397
-1.840549
-0.381501
-0.422562
-1.000319
-1.313421
0.990735
-0.169329
0.091685
-3.465842
-0.236390
0.367572
2.007951
1.130594
-0.237152
-1.159618
1.119748
2.436535
-0.362279
-0.612660
-2.097754
-0.429764
1.093637
-0.611682
0.506035
0.532353
-0.163224
-1.375192
-0.251031
-1.703156
-0.550838
-0.610707
-0.987553
0.255672
-0.258060
-0.312479
-0.269948
0.259199
-0.896027
0.763062
-0.609403
-0.237774
-0.462889
0.119865
-0.865221
1.344878
-1.388663
0.008104
-2.080325
-0.611030
0.174182
-2.676455
0.007740
-0.359511
0.308954
0.369004
-0.236266
-0.449378
-0.237398
-0.610707
-0.465014
-0.382024
-0.501059
1.284045
0.255551
0.806622
-1.076911
0.145974
-1.250341
-0.305454
-0.390349
0.495795
-0.733940
-0.944766
-0.290997
-0.412681
0.115199
-0.247989
-0.735669
-0.612007
0.256534
-2.736220
-0.041605
-0.756411
-1.545972
-0.354871
-0.610376
-1.239194
0.072322
-0.611030
-0.407010
0.666191
-0.417834
-0.611030
-0.134151
-0.387876
-1.064178
-0.630186
1.416035
-0.236894
0.005728
-0.610052
-1.717097
-1.387356
1.431573
-0.612334
-0.418495
-1.405506
-0.989103
-0.776664
-2.215767
-0.611030
0.379724
-0.296825
-1.230457
-0.156257
-0.443801
-0.412862
0.162697
0.008189
-1.018819
-2.028204
-0.743282
-1.601003
-0.609724
-1.060425
-0.236767
-0.285472
-0.439174
0.214789
-0.440566
-1.969232
-0.190374
0.472490
-3.705667
-0.847925
-0.735308
-0.610707
-0.610707
-0.545045
-0.087154
-1.397851
-0.977093
-0.183991
0.256534
-1.231129
-0.940222
-0.611030
0.187055
-0.236767
-0.611030
-0.993577
0.769477
-0.610052
-0.612334
-0.720577
-0.686443
-0.462961
-1.066889
-0.611682
-0.262454
0.111820
-0.534401
0.336902
-0.392154
-2.574365
-0.379873
-1.904982
-0.296366
1.620358
-0.236767
0.455422
1.651290
-0.236517
0.721458
-1.773704
-0.473061
-1.738042
-0.612334
-1.814325
-0.072276
-0.105022
1.035694
-1.391726
-0.692589
-0.610052
-0.610376
-0.612660
0.500277
-0.312308
1.432149
0.005129
-0.726201
-0.896218
-0.074301
0.022175
1.506356
-0.609403
0.617892
-0.237019
-0.610707
-0.613315
-0.379770
-0.234749
0.250921
-0.310292
-0.740611
-0.233240
-0.283968
-0.611356
0.287016
-1.815914
0.359598
-0.612334
-1.236541
-2.212119
0.007838
-0.611682
-0.176209
0.256113
-1.946309
-0.045365
-0.341181
-0.618633
0.585522
-2.078015
-0.630903
-0.612007
-0.214262
0.358600
1.060658
1.403023
-1.702825
2.200501
-1.305515
-1.197605
-0.494245
-1.767551
-0.387892
-0.237019
0.366346
-1.319403
-0.611356
-0.611682
-0.610707
-0.610376
0.235903
-0.331150
0.242663
-0.609724
1.287387
-1.413952
-2.063375
-0.611356
-0.612660
-0.610707
-0.678654
-0.612334
1.325685
-2.798236
0.724880
-0.415689
-0.236517
-0.841458
-1.730428
-1.804000
0.168488
-0.447834
-0.231896
-0.782468
-0.612427
-0.638628
-0.612007
0.250779
-2.050105
0.975469
-2.074639
0.213131
0.772491
-0.550838
1.246013
-0.784001
-1.532669
-0.291927
-0.516567
-0.611356
1.129873
1.362458
-0.406109
-1.876970
-0.612334
-0.281933
0.007701
-0.587046
-0.331034
-0.540087
-3.778451
-0.611682
-0.114367
-0.869953
-0.590817
-0.887815
0.166722
-0.904273
0.909513
-0.610707
-0.046020
-0.611030
-0.612007
-0.850001
-0.409935
-0.187078
-0.612334
-0.389341
-0.670810
-0.964487
0.411094
0.366757
-3.467141
-0.368969
0.089685
0.736532
-1.774464
-0.236894
-0.237019
0.316432
0.757250
0.108955
-0.233945
2.471023
-0.611030
1.636840
-0.403183
0.615848
-0.236517
-0.346054
0.258636
0.242773
-1.798886
-0.734995
0.008224
-0.404924
-0.236894
-0.612660
0.256390
-1.466260
-0.612660
-0.609724
-1.409745
-0.390349
0.050250
0.365947
-0.587836
-0.395079
0.063039
-0.039992
0.682328
-0.596254
-1.480848
-1.721167
-1.097755
-0.292884
-0.367601
-0.566682
-0.612007
-1.118420
0.639995
-0.611682
-2.005080
-0.252908
-0.142885
-0.609724
0.242916
-0.610052
-1.687379
-0.898051
-1.586541
1.504981
-1.398138
-0.608751
-0.378929
-0.609403
-1.642842
-0.609724
0.150259
-2.156048
2.759208
0.578928
-2.127270
-0.059181
-0.620172
-0.041287
-0.608751
0.289189
-0.057998
-1.066843
0.074201
-1.239499
-1.244920
-1.133385
-0.611356
-0.211216
-0.046998
2.909895
-0.611682
-0.610376
-1.174845
-0.408585
-1.635664
-2.317791
-0.407683
0.288908
-0.611030
-0.161062
-0.612007
0.115319
-1.360283
-1.711838
-0.611356
-3.049364
0.012377
-2.441559
-0.235763
-0.044228
-0.217099
-0.140982
0.726325
-0.611030
0.984428
1.315793
-1.690999
-0.611682
-0.611030
-0.427146
-1.397851
-0.411508
-0.413086
-0.496562
-0.610376
-1.533146
0.412126
0.008241
-0.339271
-0.870425
0.002896
-0.168333
-0.350243
-0.610707
-0.611682
-0.585714
0.115439
-2.062249
-2.986116
-0.236642
-0.608751
-0.609403
-0.501059
-0.931268
-0.612334
-0.166707
1.039070
-0.815231
-1.358058
-0.285696
0.505963
-0.236517
-0.879950
-0.361538
-3.399825
-1.720232
0.035763
0.165701
-0.651322
-0.606854
-1.445744
0.236012
-0.881258
-0.611030
-0.570021
0.115510
-0.611030
-0.001183
-0.407463
0.650139
0.007766
-0.611030
-0.812970
-0.611030
-1.785076
0.821826
-0.951318
-0.227433
-1.186342
-3.099638
-1.082733
0.071951
-0.236894
-0.045365
-3.293496
0.002730
-0.697016
-0.610052
-0.610052
-0.611030
-0.411508
0.237598
-0.604079
0.044722
-2.013364
-2.115808
-0.612992
1.357270
-2.038587
-1.251631
-0.611356
-0.591771
-0.236767
-0.276942
-0.442021
-0.539503
0.847282
-0.609403
2.438678
-0.610376
0.027845
-0.237019
1.428927
-0.409261
-0.611682
-0.612007
-0.564284
-0.368311
0.519674
-1.038333
1.628985
-0.750839
-0.038383
-0.224915
1.149374
-0.611682
-1.359114
-0.882901
-0.236894
-1.445820
0.025519
-0.610376
-0.612660
-1.575014
-0.201967
0.022625
-2.068595
2.003477
-2.744220
-2.044686
1.320439
-0.610052
-1.249455
-0.610052
-0.683245
0.273556
-1.622425
-0.415787
-0.956006
-2.368682
0.147989
-0.269743
0.194532
-0.607767
-0.609403
-0.032452
-1.383304
-0.412188
-1.436774
-0.614833
-0.041605
-2.418676
-1.079222
-0.612007
-0.236011
-0.312379
-0.977951
-0.659591
0.620274
0.008059
-0.487890
0.289681
0.824143
-0.540957
-0.612334
-0.573874
0.165305
-0.829037
0.074947
-0.877989
-0.168969
-0.237152
-0.007302
-2.804971
-0.611682
0.008119
-0.236767
0.386293
0.449034
0.317010
-0.602271
-0.602392
-0.394628
-0.613315
0.007860
-0.609724
-0.664240
-1.249978
-0.416690
0.235845
-0.590822
1.502695
-1.807057
-0.041748
-0.394404
-0.237019
-1.157142
-0.610376
1.611857
1.861359
-0.611030
3.030746
0.944622
0.676716
-0.611356
0.229234
-0.256951
-0.236894
0.254708
-0.849083
0.188448
-0.401657
-1.499620
-0.157839
-0.610376
-1.916579
-1.088592
1.876338
-0.045668
-0.412105
-0.425717
-0.963212
0.260177
-0.803933
-2.003374
-1.177387
-0.713071
-0.727752
0.260177
1.786831
-2.211625
0.257932
-0.610707
-0.569110
-0.848168
-0.904459
0.548023
0.008158
-0.350802
-2.920073
-0.610707
0.752616
-0.275979
2.183989
-1.695443
-1.186342
-0.329213
-0.043272
-3.407813
-0.399801
1.312636
-0.501602
-0.406109
-0.611356
-1.277876
-1.233885
-0.610376
-0.612334
-0.237275
-0.041653
-0.293948
-0.545964
-0.638644
-0.458520
0.870408
-1.301941
0.259617
0.691983
-0.611682
0.065317
-0.236642
-0.819402
-1.717444
-0.543560
-0.390800
0.972577
0.183716
-0.611682
1.918728
-1.231129
-1.385602
-0.611682
-0.610707
-0.612660
-0.382784
-0.795691
-0.134681
0.007529
0.007997
-1.243743
2.269604
-0.610707
2.272496
-1.050448
-0.406558
-0.236517
-0.644313
-0.871831
0.259617
-1.254131
-0.292243
-0.492488
-0.609403
0.238848
-0.702571
-0.039898
-0.347385
-0.610052
-0.849540
0.114753
-1.391542
-0.785950
-0.612007
0.433189
-0.610376
0.252319
-0.610707
-0.612334
-0.304036
-0.500794
0.562881
-1.205115
-0.332810
-0.436274
-0.610707
0.008059
-0.733237
-0.611356
-0.610707
-1.124099
-0.610376
-0.709619
-0.907941
0.028095
1.309658
0.366552
-1.703616
-0.410166
-0.609724
-0.277753
-1.244714
-0.316553
0.317010
-0.611030
0.430129
0.351220
0.115255
-1.207915
-0.427146
-0.236517
-0.548725
0.008027
1.290593
-1.214901
-1.681979
-0.036772
0.293344
-0.611682
-0.610052
-0.266417
-0.253578
-1.476768
1.769520
-1.537303
-0.994350
-0.820130
-1.123486
-0.404984
-0.045209
0.441782
-0.289665
-0.353472
-0.611030
-1.093724
-0.225434
1.061563
-0.042305
-0.045313
-1.928378
-0.236767
0.636062
-1.250246
-0.236517
0.362735
-1.484930
0.165575
-0.364199
-0.612660
-0.807344
0.516734
-1.647641
-0.606252
0.131502
-0.193545
-0.236894
-1.008015
0.735399
-2.532471
-0.577586
-0.237522
0.254708
-0.611030
0.249793
-1.010251
-0.610376
-0.183407
-0.610376
-1.799612
0.330590
-0.608751
0.232352
2.939018
-1.587173
-0.274300
-0.608751
-1.368193
0.236840
0.045479
-0.610707
0.323753
-1.468696
-1.205234
-1.577067
-0.611030
-0.612334
-0.611030
-2.250268
0.107162
-0.160486
-0.611356
-1.110128
-1.031109
-0.500031
-0.612334
0.007956
-0.055895
-0.179391
-0.418940
-0.218958
-0.503781
-1.965537
-1.543717
0.002793
-0.514936
-2.206103
-0.236642
-0.169063
-0.579872
-1.209444
-0.611682
-1.920968
0.255267
-0.606466
-2.412378
-0.215573
-0.610707
-1.768548
-0.366819
-0.631565
-0.638819
0.557144
-0.061126
-0.473875
-0.610707
-0.791900
-0.610376
-0.420460
-0.612660
-0.410616
-0.880447
-0.550535
0.914135
-2.048362
-0.612007
-0.999790
-2.614239
-0.500794
-0.610376
-0.611356
1.755211
-2.446605
-0.214492
-0.609724
-1.454283
0.217120
-1.076886
-0.412188
-0.620107
-0.236767
-0.485204
-0.604759
-1.087982
-1.893071
-0.612334
0.062322
-0.610707
0.918447
-0.041104
-1.558795
-2.615454
-2.720730
-0.540957
-2.744665
-1.194425
0.288357
-1.791948
-1.332827
-0.550227
-0.788127
-0.168694
-0.935841
3.350806
-0.307618
-0.611030
-0.590487
-1.451046
-0.045589
0.211205
-1.528385
-0.236894
-0.611030
-0.611356
-0.080638
-1.886853
-0.612007
-1.979611
-0.045513
-0.361077
-0.735757
-0.610052
-0.236517
0.060445
-1.067055
-0.358608
0.353488
-0.281132
0.016955
-0.234371
-0.938272
-1.022699
-0.539218
-0.396206
-0.398317
-0.611030
-0.891164
-1.011619
1.323573
-0.914298
0.256080
0.007503
-2.742194
-0.079131
-0.429461
-1.138474
-0.612334
-1.176754
0.547475
-0.611030
-0.610052
-0.855056
0.669308
-0.043224
0.063824
-1.792423
-1.077451
0.254985
-0.208951
-0.236390
0.961840
-0.432015
-0.390578
-0.612007
-0.289988
-0.575489
-0.611682
-1.048094
-0.338084
3.508200
-0.162841
-0.610376
-1.431766
-0.287702
-2.268217
-1.250246
-0.885881
-0.614642
-0.347576
0.290859
-0.611356
-0.612334
-0.540375
-0.309179
-0.147322
-0.612007
-1.580635
-0.597671
0.115255
-0.612660
2.138643
2.452895
-0.237398
-0.611030
-1.272063
-0.612007
-0.236266
-0.612007
-1.264519
0.008180
-0.462717
-1.220787
-0.282359
-0.045513
-0.603514
-0.612992
0.020604
1.021730
-0.610376
-3.050160
1.056757
-1.246806
-0.609403
-1.250246
0.282638
-0.233616
0.166029
0.172515
-1.111303
-0.610707
1.028418
-0.485804
1.754096
-1.270055
-0.360886
-1.176118
-0.234625
-0.611883
-0.289665
-0.910078
-1.403971
-0.611356
-1.535849
-0.610707
-0.499183
-0.611682
-0.739607
1.188074
-0.168604
0.025652
-0.996713
-0.590476
-1.460292
-1.260600
-0.610376
-0.287937
-1.014858
-0.342723
-0.611030
0.238148
-0.236642
1.705113
-0.610707
0.503391
-0.611030
-0.236011
3.719839
-0.610376
-0.395310
-1.252052
-2.271926
-0.611356
-1.348552
-2.071259
-0.611030
-0.237019
-2.358845
-0.909455
-1.997659
-0.348906
-0.380669
-0.349999
-0.611356
0.369617
-0.236894
-0.487086
-2.068533
-0.978804
-1.403211
-2.353691
-0.644313
-0.615865
-0.215030
-2.421311
0.682741
2.538530
-1.940638
-1.723966
-0.611030
-0.045683
-1.132226
-1.255085
-0.045716
0.425500
0.365533
-0.236894
0.251896
-2.030709
-0.383371
-1.430197
-1.115789
-0.888802
0.240112
-0.610707
-0.611030
1.101015
-0.883886
-0.695997
-0.236642
0.308102
-0.610052
-0.611030
-0.236517
-0.886830
-0.045565
-0.045435
-0.612007
-0.610707
-0.611030
-0.609403
-0.610707
-1.736140
-0.610376
-0.419272
-0.768662
-0.612660
-0.237152
-0.612334
0.257230
-0.611030
-0.611682
-1.596529
-0.540183
-0.407683
1.007208
-1.800052
0.672321
0.053485
-0.611682
-1.335798
-0.279037
-0.764804
-0.612007
-0.613315
-2.054999
-0.237019
-0.611030
-0.611030
-0.611030
-0.868040
-0.237152
-0.610376
-0.351189
0.068425
-0.237019
-0.611030
-0.610376
-0.236894
-0.041837
-0.610707
-0.411063
-0.584138
-0.609074
-0.611030
-0.611682
0.256817
-1.251019
0.073942
0.202997
-1.598865
-1.235191
0.255964
-0.872769
0.138589
-0.582508
1.403592
-0.610376
-0.611030
-0.237152
-0.041399
-1.265211
-0.611030
-0.311860
-0.611682
-0.611356
-0.609403
-1.673911
0.256952
-0.610052
-0.611030
-0.611356
-0.611682
-1.154760
-0.237019
-1.118819
-1.543154
-0.309599
-0.612007
0.007963
-0.610376
-0.612094
-0.350428
-0.813899
-0.381570
-1.250936
-0.612992
-1.392490
-0.612334
-1.518211
-0.612334
-0.610707
-2.249271
1.036290
-0.236894
-0.610376
-0.612660
-0.611356
-1.127445
-0.931087
-1.390963
-0.821458
-0.609724
-0.237152
-0.236011
-0.236390
-0.610052
-0.610052
-0.612007
-0.892561
-1.031604
2.387669
-0.588535
-0.263652
-0.917752
-0.611682
-0.601947
2.032723
0.970953
-0.237019
-0.975358
0.121337
-0.602046
0.018030
-0.281933
-0.282099
0.289022
-0.612007
-0.046270
-0.644255
0.319257
-0.236266
-0.612992
-0.611092
-0.608427
-0.610707
-0.612007
-0.639246
-0.148277
-1.493915
-1.714641
-0.845196
-0.610707
-0.611356
-0.610052
-0.252468
-1.709041
0.259337
-0.611030
-0.611356
-0.511391
-0.353842
-1.481375
-0.873234
0.696133
-0.237275
-0.611682
-2.042751
-0.657677
0.898807
-0.610707
-0.552060
0.002759
-0.398009
-0.236767
-0.610376
-0.236517
-0.609403
-0.610052
-0.612903
0.045820
0.115568
-0.610707
-2.487423
-1.231810
-0.610707
1.138113
-1.763723
-0.611030
-1.235191
0.115255
0.703425
-0.981667
-0.612660
-0.611356
-0.610707
-1.247477
-0.611030
2.099967
-0.610707
-1.394789
-1.513571
-0.611356
-0.416690
-0.612660
0.802843
-0.237522
-0.611682
0.581404
0.847958
-0.610707
-0.539218
-0.236517
0.075274
-1.443735
-1.748271
-0.091547
-0.612007
-1.013384
-1.068650
-0.612334
-1.222344
-0.914500
-0.041702
-0.611356
-0.612334
-0.041748
-0.612007
-0.551765
-1.686234
-0.236517
-0.611682
-0.898511
-0.612007
-0.236894
-0.612660
-0.610376
-1.569232
-1.715516
-0.610052
-0.237152
0.257516
-2.214530
-0.611030
-0.295696
-0.408691
-1.246134
-2.110063
-0.612992
-0.610707
-0.611030
-0.608427
-0.638484
1.332182
0.209496
0.356522
0.365947
0.658644
-0.311159
-0.605812
-0.612334
-0.500252
-0.611356
-0.610707
-1.716505
0.429580
-0.611682
-1.478399
-0.455700
-0.592119
-0.041445
-0.611682
1.088304
-0.611356
-0.237019
-0.611682
-1.246134
-0.610707
-1.551916
-0.610052
0.360829
-0.781295
-0.610707
-0.612992
2.124896
0.225095
-1.631343
-0.663033
-0.610376
-0.611030
-1.440533
-0.610052
3.216053
-0.774984
-0.610052
-0.610707
-1.816897
-1.036928
-0.611030
-1.205908
-0.611356
-0.611356
-1.749708
-0.611682
-0.608751
-0.612007
-0.025204
-0.612007
-1.541790
-0.611030
-1.879928
-0.406339
-0.043195
-1.905722
0.319440
-0.962680
-1.316403
-0.611682
0.776520
-0.612992
-0.913826
-0.868245
-0.579409
-0.410616
-0.611356
0.047048
-0.861299
-0.611682
-1.335299
-0.611030
-0.611682
-1.384071
-0.611356
-2.827775
0.081576
-0.236767
-0.337814
-0.611682
-0.896902
0.318256
-1.087418
-0.611682
-0.610376
-0.609692
-0.611682
-0.407010
-0.305368
-1.479217
-0.610707
-0.236517
-1.055735
0.115568
-0.610707
-0.876051
-0.419392
0.409265
0.008017
-0.610052
-1.270517
-1.095199
2.526107
-0.612992
-3.486347
-1.386365
-0.611682
-0.459045
-0.611030
-0.610707
-2.668090
-0.296039
-0.609724
-0.724023
-0.611682
-0.611356
-0.610707
-0.612334
-0.236767
-0.936698
-0.612334
-0.917024
-0.939219
-0.355499
-0.612334
-0.607767
-0.611030
-0.380901
-0.386751
-0.181885
-0.612334
-0.738951
-0.611356
-0.407801
-0.609724
-0.405883
0.930356
-0.611356
0.448310
-0.611030
1.526954
-1.628666
-0.611030
-0.045338
-0.236266
-1.489126
0.115439
-0.610707
-0.611356
-0.611356
-0.568501
0.286368
-1.641096
-2.748167
-0.345956
-0.612334
0.677836
-0.892732
-0.610052
-0.388551
-2.075763
-0.610052
-0.613315
-0.611682
-0.612334
-0.610707
-0.961658
-0.404761
-0.611356
0.074386
-0.612007
-0.612660
-0.235882
-0.103184
-2.534435
-0.611356
-0.786903
-0.612660
-0.612334
-0.611030
0.257095
-0.387728
-1.466216
-1.912978
-1.389426
0.230009
-0.460444
-0.914507
-0.621860
-0.349288
0.132192
-1.545587
-0.610707
-0.611030
-0.318575
-0.964898
-1.331296
-0.914794
0.321095
-0.612334
-0.609724
-1.549381
-0.613315
-1.617975
-0.610376
-0.395755
-0.612334
1.524529
0.008283
-0.423085
-0.610376
-0.757669
-0.610707
0.699746
-1.888929
-0.612334
-0.238157
-0.236390
-0.610707
-0.237152
-0.611030
0.008104
-0.611356
-0.611682
-0.237019
-0.611356
-0.611682
-0.611030
-0.237152
-0.502137
-0.236642
-0.612660
-0.611682
-0.611682
-2.485931
-0.611682
-0.611356
-0.611682
-0.709816
-0.612334
-0.610707
-0.612334
-0.609403
-0.236767
-0.612007
-0.610052
-0.167965
-0.563335
-0.610707
-0.349288
0.449034
-0.610376
2.538588
-0.611030
-2.441571
-0.610052
-0.612334
-0.612007
-0.611356
-3.155578
-0.610052
-0.610707
-0.611030
-0.610376
-0.501869
-0.871831
0.382499
-0.611356
-0.236894
-0.610376
-1.712774
-0.610376
-0.611356
-1.899502
-0.613638
-0.612007
-0.641115
-0.869945
-0.611030
-0.612007
0.362466
-0.610707
-3.184311
-0.236894
-0.139199
-0.612334
-0.943249
-0.610707
0.007838
-0.890271
-0.236266
-0.611356
-0.611356
-0.612660
-0.508109
-1.566622
-0.612007
-0.611030
-0.610052
-0.611030
0.981502
-0.612007
-0.506816
-0.610707
-1.276288
0.256249
-0.609724
-0.856385
-2.258324
-0.610376
0.048660
-1.528141
-0.611030
-0.610376
-0.610707
-0.637039
-1.332074
-0.610052
-0.610052
-0.699650
-0.611682
0.243623
-0.236894
-0.237275
-0.236266
0.017318
-0.236390
-0.503480
-0.611030
-0.611356
-0.611356
-0.045540
-0.236767
-0.610376
-0.608751
-0.610707
0.365329
-0.609074
-0.612660
-0.656538
-1.718371
-1.130515
1.409577
-0.412862
-0.041377
-0.612007
-0.611356
-0.611682
-0.550535
-0.612007
-0.611356
-0.610376
-0.611030
0.242217
-0.611030
0.361438
-0.611030
-0.610376
-0.611356
-0.611030
-0.611356
-0.612007
-0.610052
-0.236642
-0.611682
0.218553
-0.236894
-0.609403
-0.609074
-0.040064
-0.610707
-0.611030
-0.237398
-0.610376
-0.041516
-0.610376
-0.611030
-0.944259
-0.236390
-0.404089
-0.610376
-0.611682
-0.609724
-0.612660
-0.611030
-0.418312
-0.652200
-0.609403
-0.636578
-0.280329
1.217833
-0.168517
-0.607767
-0.236642
-1.203229
-0.236642
-1.484282
-0.612334
-0.611682
0.068160
-0.236011
0.074952
-0.610376
-0.610707
-0.611356
-0.394855
-0.236767
-2.457954
-0.611356
-0.610376
0.588405
-0.611030
-0.236517
-0.611682
-0.611356
-0.611356
-0.037293
-0.612007
-1.352324
-0.611356
-0.833821
-0.611356
-0.612007
0.264755
-0.610376
-0.610376
-0.236137
-1.428782
-0.857014
-0.936197
-0.612334
-0.611030
-0.612334
0.362055
0.074787
-0.612007
0.064858
-1.544739
-0.609403
-0.189086
0.234781
-1.234514
-0.348718
-0.610707
-0.610052
-0.611030
-0.611356
-0.503212
-0.567887
-2.746674
-0.945269
-0.752780
-0.612992
-0.236517
-0.611682
-0.611356
1.215841
-0.610376
-0.382245
-0.611030
0.257802
-0.610376
-0.610376
-1.647210
-0.611356
-0.611030
-1.652508
-0.610052
-0.611356
-0.610376
-0.611356
-0.611030
-0.237019
-0.612007
-0.610707
-0.610376
-0.612007
-0.236642
-0.609403
-1.639374
-0.640754
-0.512460
-0.882451
-0.611030
-0.045365
-0.045286
0.063421
-0.610052
-0.236137
-0.412802
-1.358190
-0.611356
0.579791
-0.408585
-0.610707
-0.236517
-0.610707
-0.236642
-0.870425
-0.411063
-0.554189
-1.490932
-1.972849
-3.028355
1.041668
-0.236137
-0.611682
-0.611356
0.875803
-0.611682
-0.463149
-0.610707
-0.407913
-1.346458
-0.610707
-0.502943
-0.610707
-1.214622
-0.610707
-0.045695
-0.610707
-0.610376
-0.611030
-0.045414
0.255685
0.756614
0.051637
-0.610707
-0.611030
-0.611030
-0.611030
0.258351
-0.612334
-0.610052
-0.611356
-1.527035
-0.610376
-0.612007
-0.236642
-2.097832
-0.610376
-0.276199
-0.284191
0.744676
-0.237019
-0.611356
-0.611356
-0.883496
0.243764
-0.608751
-0.612007
0.254003
-0.611356
-1.211937
-0.851826
-0.612660
-0.291441
-0.611356
-0.236642
-0.612007
-0.611682
-0.044754
-1.276953
-0.610707
-0.611356
-0.236137
-0.612007
-0.611682
-0.611356
-0.612007
-0.610707
-1.177769
-0.236390
-0.610707
-1.523523
-0.612007
-0.045313
-0.613638
-0.135583
-0.612007
2.546201
0.213225
-0.612007
-0.610707
0.257932
-1.439589
-0.236517
-0.648490
-0.609724
-0.503480
-0.609724
-0.805602
-0.501328
-0.611682
-0.612007
-0.252579
-0.377350
0.254847
-0.612007
0.440541
-0.237398
-2.121150
-0.236390
-0.567887
-0.611356
-0.638980
-0.611682
-0.612007
-0.610052
0.495297
-0.329376
-0.792911
-0.611030
-1.248861
-0.610707
-1.809029
0.096344
-0.776822
-0.236767
-0.611356
-0.612007
0.366346
-1.227203
-0.612007
-0.417119
-0.407463
-0.486548
-0.611682
-0.608751
-0.610707
-2.311381
-0.612007
-0.610376
-0.612660
-0.611356
-0.236011
-0.608751
-1.573583
-0.045589
-0.611030
-0.612334
-0.611356
-0.611030
-0.610376
-0.169063
-0.610052
-0.611682
-0.610052
-0.610052
-0.409040
-0.612334
-0.611682
0.244601
-0.237019
-0.656171
-0.657251
-0.751347
-0.610376
-0.279849
-0.610052
-1.366523
0.336888
-1.376815
-0.611030
-0.612007
-0.612007
-0.237019
-0.611356
-0.612992
-0.611356
0.677365
-0.266981
-0.610376
-0.411719
-0.611030
-0.612660
-0.610052
-0.609403
-1.258378
-0.611030
-0.311159
-0.472516
-0.382473
-0.825202
-0.612334
-0.612334
-0.611356
-0.817969
-0.611682
1.577906
-0.612334
-1.245404
-0.612007
-1.902608
-1.896922
-0.610707
-0.611682
0.869237
-1.836712
-0.611030
-0.611356
-0.236642
-0.612660
-1.511190
-1.250666
0.115319
2.069185
-0.611356
-0.502137
0.257516
-0.611682
-1.348664
-0.611682
-0.610052
-0.610376
-0.237152
-0.610052
-1.901572
-0.612334
-0.236517
0.075368
-0.610052
-0.157631
-0.613960
-0.611356
-0.266971
-0.889289
-0.611356
-0.236390
-0.236767
-1.275902
-0.611356
-0.429055
0.449034
-0.612334
-0.611030
-0.612007
-0.639570
-0.236137
-0.610707
-0.611356
-0.612334
-0.610376
-0.612007
-1.108932
-0.609403
0.253025
0.617912
-1.112663
-0.237152
-0.943756
-0.610707
-1.380238
-0.628902
-1.488774
1.133937
-0.610707
-0.611356
-0.955788
-1.026363
-0.613315
-0.609724
-0.611030
-0.610707
-0.611030
-0.611682
-0.944766
-0.611682
-0.611356
-0.612660
0.119824
-0.606145
-1.048060
-1.390195
-0.612334
-0.045462
-0.609403
-2.257085
-0.236642
-0.040525
-0.236517
-2.013327
-0.611030
-0.879776
-0.514122
-3.736039
-0.292403
0.400376
-1.246097
-0.501328
-0.611356
-1.359851
0.393349
-0.611356
-1.520008
-0.612007
-0.390109
-0.764557
-0.611030
-0.612660
-0.611356
-0.610707
-0.426583
-1.752080
-0.541479
-0.611682
-0.236894
-0.540986
-0.363580
-0.236011
-0.610376
-0.611030
-0.610376
-0.611682
-0.236266
1.297452
-1.249495
-0.236517
-0.611356
-0.411958
1.149929
-0.898685
-0.568172
-1.211685
-0.611030
-0.939219
-2.065625
-1.365489
-0.611030
-0.803010
-1.086537
-0.611356
-0.610707
-1.818982
-1.592781
-0.611030
-0.411508
-0.236894
-0.609724
-0.236767
-0.611682
0.939534
-0.611356
-0.612007
-1.179931
-0.611030
-0.611356
-0.611356
-0.611356
-1.031109
-3.488628
-0.937708
-0.522891
-0.611356
-0.612334
-0.364148
-0.609074
-0.893299
-0.610376
-0.131444
-0.397778
-0.610376
-0.611682
-1.207246
-0.611682
-0.612007
-0.612334
-0.611682
-0.236767
1.363469
-0.612992
-0.612334
-0.236517
-1.230690
-0.643964
-0.614291
-1.273531
-0.611682
-0.499719
-0.610707
0.259617
-0.609724
-1.707028
-0.610052
1.578288
-1.476775
0.645003
-0.613315
0.601901
-0.611682
-0.235221
-0.407683
0.257802
-0.736091
-0.609074
-0.610707
-0.610052
-0.542120
-0.611030
-0.167990
-0.611356
-0.189762
-0.040461
0.008133
-0.610707
-0.611030
-1.022626
-0.408585
-0.611030
-0.119620
-0.609970
-0.610707
-0.610707
-0.045435
-0.612334
-0.610707
0.110934
-0.610376
-0.612992
-0.413314
-0.222389
-0.611682
-0.610376
-0.611356
-0.610376
-0.611030
-0.611682
0.802049
-0.609074
-0.612007
-0.611356
-0.610376
-0.610707
-0.611356
-3.417311
-0.236894
-0.384495
-0.611682
-0.236767
-0.611682
-1.016914
-0.611682
-0.610707
-0.237152
-0.611030
-1.715573
-2.260796
-0.610376
-0.610376
-0.610052
-2.737715
-0.610707
-0.236894
-0.610707
1.413705
-0.386080
-0.911980
0.253445
-0.549341
-0.716185
-0.610707
0.151161
-1.000251
0.309447
-0.612007
-0.310993
-0.610376
-0.612334
-0.612334
-0.875181
-0.236767
-0.612334
-0.612660
-0.612660
-0.610707
-0.611030
-0.609074
-0.610376
-0.610707
-0.986850
-1.010807
-0.611682
-0.612334
-0.649311
-0.609403
-0.611356
-0.236266
-0.611356
-0.611682
-1.054494
-0.611030
-0.611030
-0.611030
0.361850
-0.611682
-0.610376
-0.609724
-0.610707
-0.610707
-0.610376
-0.611030
-0.347010
-0.610707
-0.612660
-0.611682
-1.240089
-0.610376
0.161670
0.448310
-0.612007
-0.591611
-0.611030
0.256952
-0.611030
-0.236266
-0.612007
-0.609724
-0.611030
1.438843
-0.611682
-0.296705
-1.260929
-0.611682
-0.610052
-0.612992
-0.870888
0.256534
-0.611030
-1.723966
-0.611682
-0.609074
-0.612334
-0.610707
-0.611682
0.694657
0.153776
-0.611682
-0.237152
-0.612992
-0.281135
-0.611682
-0.611356
-2.069003
-1.171525
0.342736
1.059462
-0.610376
-0.612992
-1.387901
-0.610376
-0.611356
-0.223035
-0.291441
1.397553
-1.344024
-0.612660
-0.612007
-1.368712
0.317490
-0.611356
-0.610707
0.602650
0.364100
-0.611030
-0.610707
-0.612007
-0.236642
-0.540183
-0.236266
-0.610052
-0.610707
-2.038988
-1.252318
-0.612334
1.032702
-0.610707
-0.611030
-0.611356
-0.611356
-0.540036
0.048774
-1.213035
1.554955
-0.876051
0.875185
-0.045513
-0.610707
-0.411735
-2.058164
-0.611356
-0.351189
-0.610052
-0.611356
1.454505
-0.041425
-0.612007
-0.611030
-0.610707
0.539936
-2.375150
-0.610707
0.008111
-0.612007
-1.387901
0.036065
-0.610052
0.048457
-0.610376
-0.611356
-0.612007
-0.611682
-0.610707
-0.612007
-0.601798
-0.610707
0.046945
-0.610707
-0.609724
-0.609074
-0.609724
-0.612007
-0.611356
-0.610052
0.058725
-0.610707
-1.021598
-0.552413
-1.387134
-0.610707
-1.548543
-2.266983
0.257802
-0.612007
-0.610707
0.608705
-0.600760
-0.610707
-0.909455
-1.641163
-1.004013
-0.290468
0.133848
-0.401385
-0.499989
0.315244
-0.418259
-0.502167
2.434127
-0.610376
0.048718
-0.612660
-0.295881
-0.612660
0.255685
-0.497085
-0.612334
-1.353060
-0.611030
-0.611356
-0.608751
0.260038
-0.237275
-0.610707
-0.610707
-1.082135
-0.611030
-0.236390
-0.612660
-0.610376
-0.611030
-0.611682
-0.610052
-0.392154
-0.610052
-0.416016
0.293183
0.392503
-0.881778
-0.612007
-0.892732
-3.322596
0.371254
-0.397778
-0.611030
0.008085
-0.454168
-0.399129
-2.262030
-1.026959
0.619052
-2.076885
-0.611682
-0.612007
-0.612660
-0.610376
-0.236137
0.077911
-0.610707
-0.807781
-0.610052
-0.611030
-0.564921
-1.388812
0.811487
-1.516489
-1.276159
-0.407010
-0.611356
-0.610707
-0.806203
-0.612334
-0.610707
-0.611030
-0.611030
-0.611682
-0.612334
-0.612334
-1.705005
-0.611030
-0.610707
-0.830996
-0.610376
-0.236642
-0.610052
-0.610707
-0.610707
-0.611356
-0.419534
-0.568467
-0.242410
-0.237019
-0.236517
-0.397106
-0.609724
-0.612334
-0.370781
-0.610376
-0.544866
2.466634
0.256534
-0.631264
0.047625
-0.609724
-0.611356
-0.236517
-0.236642
-0.611682
-0.540671
0.317319
-0.609403
-0.610376
-0.609724
-1.540248
-1.803695
-1.441386
-0.611682
-0.611682
-0.390509
-0.612007
-0.236517
-0.609403
-0.045637
-0.610707
-0.751733
-1.274755
-0.243875
-0.611356
-0.611682
-0.285802
1.361403
-1.444276
-1.191237
-2.573751
-0.236642
-1.018027
-0.611030
1.573037
-1.330212
0.410039
-0.611682
-0.419793
-0.893164
1.176913
-0.168694
0.617553
0.126953
0.637775
-0.610376
-0.611356
-0.610052
-0.237019
-0.611682
-0.559060
-0.291118
-0.611356
0.721863
-0.236266
-0.611030
-0.609403
-0.611030
-0.610707
-0.611682
0.006206
-0.407683
-0.836660
0.661689
-0.795514
-0.611030
-0.237019
-0.237019
1.405445
-1.812789
-0.568801
0.256390
-1.010807
0.008052
-0.045816
-0.042026
-0.716421
-0.040826
-0.237019
-0.703279
-0.748305
-0.850001
-0.611400
-0.987969
-0.612992
-0.611682
0.115692
0.105560
-1.042419
0.115319
0.115319
-0.610376
-0.612334
0.048795
-0.611356
-0.611682
-0.611682
-1.033933
-1.564261
-0.611030
0.115319
0.115629
-0.236767
0.865241
-0.290468
-0.236390
-0.612334
-0.822970
-0.612334
-0.610376
-0.236767
-1.403211
-0.611356
-0.612660
0.262567
-0.610376
0.581549
-1.909871
-0.611030
-0.611682
-0.610052
-0.611682
-0.611030
-0.610707
-0.407913
-0.611030
-0.610707
-0.611356
0.008017
-0.609724
0.259759
-0.608751
-0.612334
-0.610052
-0.611682
1.208197
-0.610707
0.448428
-0.999693
-0.636775
-0.349914
-0.939219
-0.612660
-0.502137
-0.499447
-1.436237
-0.611356
-0.254414
0.256673
-0.610376
-0.611030
0.008278
-1.112724
-0.410386
0.612789
-0.611682
-2.089264
-0.610052
-0.766531
-0.414443
-0.674829
-0.610707
-0.501059
-0.613315
-0.539291
-0.612992
-0.041560
-0.610376
-1.112427
-1.720232
-0.610376
-1.357218
-0.645384
-0.566064
-0.610707
-0.611030
-0.610376
-0.814355
-2.253436
-0.610052
-0.609403
-0.611030
-0.612007
-0.612334
-0.388096
-0.611030
-0.237398
-0.610707
0.253076
-1.213964
-1.391726
-0.031568
-0.291927
-0.611356
-0.612007
-0.610707
-0.610052
-0.410166
-0.405434
-0.227821
-0.612660
-2.348868
0.090449
0.663962
-0.610707
-0.611356
-0.410837
-0.612861
-0.611356
-2.093874
-0.610707
-0.610707
-0.788995
-1.390195
0.114825
-0.610707
-0.612007
-0.351570
-0.287892
-0.906937
-0.611682
-0.040661
1.484254
-0.610376
-0.610707
-0.799069
-0.612007
-0.869160
-0.609074
0.209158
-0.955894
-1.380806
-1.358190
-0.611356
-0.611356
0.575338
1.120239
-0.612334
-0.611030
-0.611682
-0.774372
-1.626452
-0.612007
-0.611030
-0.611682
-0.611356
-0.279681
-0.612007
-0.237152
-1.111532
-0.611030
0.357971
-1.218959
-0.610707
-0.169146
-0.404984
-0.237019
-0.039921
-0.393279
-0.610052
0.319257
-0.610707
-0.290954
-1.232485
-1.017475
-0.934242
-0.756411
-0.613638
-1.585282
-0.236137
0.643492
-0.611682
-0.848628
-1.392490
-0.917024
-0.610707
-0.610707
-0.236767
-0.406785
-0.612007
-0.611356
-0.611356
0.255551
-0.611030
-1.719109
-0.922716
-1.313041
-0.608427
-0.410386
-0.610707
-0.612007
-0.611356
0.047048
-0.611030
-0.611356
-1.217967
-0.612660
-1.261748
-0.611030
-0.610707
-1.393257
-0.611356
-0.611682
-0.237398
-0.611682
-0.939219
-0.611030
-0.612660
-0.130391
-0.236517
-0.610376
-1.451800
-0.609724
-0.612334
-0.612007
-1.905722
-0.610707
-0.652200
-0.586576
-0.540087
-0.611030
0.415490
-0.611030
0.066142
-0.045365
-0.625624
-0.610707
-0.584622
-0.612660
-0.236266
-0.045209
-0.611356
-0.611030
-0.611356
-1.409336
-1.026016
0.367778
-0.236011
-0.611682
-0.125223
-0.609074
-0.610707
-0.237152
-0.406339
-0.610376
-0.612007
-0.406785
-0.566296
-0.284343
-0.610707
-0.612660
-0.735125
-0.610376
-0.406339
-0.224784
-0.236266
-1.657057
-1.266176
-0.583634
-0.291418
0.309024
-0.610376
-0.572150
0.931017
-0.870891
0.045669
-0.612660
-0.612007
-0.349669
-0.316375
-0.611356
0.002863
-1.245404
0.026922
0.002819
-0.612334
-0.814143
-0.236390
-0.610376
-0.237522
-0.610707
-0.610376
-0.612334
-2.204514
-1.250587
-0.406339
-1.609034
0.818940
-0.550227
-1.025456
2.372985
-0.527519
-1.476844
0.048688
-0.417640
-0.502525
1.135241
-0.236011
-0.424759
-0.611356
-0.611682
-0.612334
-2.145792
-0.611682
-0.236642
-0.591104
-0.377520
-0.609403
-0.612007
-0.659777
-0.610376
-0.610052
0.448550
-0.611682
-0.418069
-0.611682
-0.610376
-0.237522
-0.882484
-0.610707
-0.613315
-0.611030
-0.611356
0.316260
-0.267641
-0.611356
-0.282423
-0.288378
-0.612660
-2.438902
-0.341066
-1.689204
-0.821924
-1.807456
-0.610376
-0.345339
-0.612660
-0.610707
-2.982716
-0.433986
0.158294
-0.905875
-0.609074
-0.612334
-0.923209
-0.610707
0.320498
-0.412409
-0.610376
-0.612007
-0.611356
-1.138909
-1.637591
-0.236642
-0.393727
-0.429055
-0.611356
-0.631142
-0.611682
-0.650755
0.365329
-0.610376
-1.403211
-0.930055
-0.237019
-1.061015
-0.611682
-0.610707
-0.612007
0.614830
-2.171778
-0.610052
-0.420288
-2.746674
0.046262
-0.610052
-0.610052
-1.199703
-0.610052
-0.409935
0.254421
-1.010807
-0.714091
-0.554562
-0.236894
-0.204902
-0.611030
-0.916274
-0.612992
-0.045209
-0.610376
-0.611682
-0.611682
0.115382
-0.611030
-0.884374
-0.727919
-0.612007
-0.612334
-0.407010
-0.541042
-0.610052
-0.613315
-0.417647
-2.749666
-0.236894
-0.612334
0.422374
-0.610707
-0.610707
-0.611356
-1.023757
-0.612334
-1.177507
0.279592
-0.275497
-0.612992
0.642115
-0.612660
-0.611030
0.255551
0.367984
-0.612007
-0.610707
-0.610707
-0.389897
0.293466
-0.612007
-0.118121
-0.653642
-0.915443
0.259057
-0.413530
-1.042980
-2.120260
-0.612334
-0.409486
-0.611030
-1.596543
-0.102186
0.137109
-0.611682
-0.610707
-1.141080
-0.573319
-0.237152
-0.236517
-0.237152
-0.610376
-0.611682
-0.236642
-0.611356
-0.610707
-0.746683
-0.611682
-0.609724
-0.610707
-0.612334
-0.803452
-0.057875
-0.610707
-0.249717
-0.900275
-1.123751
-0.612007
-0.611356
-0.611682
-0.593899
-0.610707
-0.413086
-0.611030
-0.632709
-0.944259
1.681658
-0.236767
-0.609403
-0.971435
-0.611682
-0.611682
-0.611682
-0.612007
-0.610052
-0.610707
-0.611356
-1.800751
-0.610707
-0.236266
-2.489331
-0.612334
-0.610376
-0.874644
-0.609403
-0.609724
-0.610376
-0.612007
-0.611356
-0.609724
-1.338463
-1.178661
-0.611682
-0.611682
1.668437
-0.612007
-0.237019
-0.613638
-0.611356
-0.612660
0.317849
2.306804
-0.814451
-0.610707
-0.610376
-0.404761
-0.611356
0.232352
-0.290792
-0.611356
-0.609403
0.244462
-0.612660
-0.236767
-0.611682
-0.904200
-0.611682
-0.610707
-1.348392
-0.236390
-0.416883
-0.611030
-0.610376
-0.236767
3.088820
-0.407913
-0.611356
-0.611356
-0.406558
-0.413530
-0.840862
-0.409040
-0.628024
-1.136077
-0.611356
-0.618151
-0.612007
-0.610052
-0.225829
-1.208399
-0.610707
-0.611682
-0.499447
-0.612334
-1.876932
-0.646095
-0.810437
-1.857292
-0.611682
-0.610707
-0.611356
-0.611030
-0.611682
0.097732
-0.392379
-0.612334
-0.643540
-0.409486
-1.817878
-0.609724
-0.611356
-0.609724
0.120339
-0.611356
-0.606791
-0.552969
0.409954
-1.275078
-0.611682
-0.611356
-0.289485
-0.611356
-0.395310
0.007878
-0.792382
-0.711354
-0.405883
-0.608751
-1.256899
-0.611356
0.825529
-0.977668
0.474383
-0.610052
-1.235520
-0.610707
-0.612992
-0.236517
-1.700786
-0.611682
-0.405883
-0.421654
-0.032066
-0.591847
-0.613315
-1.006296
-0.607285
-0.922226
-0.612007
-0.611030
-0.612334
0.567534
-1.480036
-0.846142
-0.503212
0.253585
-0.610376
-0.611682
0.830048
-0.609724
-2.218144
-1.481664
-0.611030
-0.348139
-0.555410
-0.513535
-0.609074
-0.137814
-0.517632
-0.611682
-0.549395
-0.420223
-0.611682
-0.611030
0.008210
-0.611682
-0.393727
-2.259566
0.106054
-0.280171
-0.611030
-0.612334
-1.812963
-0.611030
4.393782
-0.236642
-0.409040
-0.347954
-1.135114
-0.435437
-0.610707
-0.947287
-1.486560
-0.236894
-0.772874
-1.250936
-1.253014
-0.957615
-0.236642
-0.609074
-0.408811
0.305122
-0.893227
0.339939
-1.227571
-0.237275
-0.612334
-0.649675
-0.045795
-0.611030
-0.396882
-0.916274
-0.236011
-0.236011
-0.653642
-0.292080
-0.610052
-0.610376
-0.611682
-0.415106
-0.869037
0.251478
-0.612660
0.585640
-0.945269
-0.610707
0.414333
-0.610707
-0.237152
-1.019696
-0.611682
-0.235763
-0.611030
-1.948452
-1.667238
-2.269453
-0.610376
-0.408362
-0.611356
0.796612
-0.610376
-0.409486
-0.612660
-0.611682
-0.611682
-0.436945
-1.259930
-0.887815
-0.611030
-0.610052
-1.149344
-2.072258
-0.432721
-0.612660
-0.907941
-1.256819
-1.554110
0.257802
0.027364
-0.611356
-1.397082
-0.611682
-0.613315
-0.845420
-1.513571
-0.610707
0.256673
-0.612334
-0.236642
-0.826478
-0.610707
-0.863938
-0.609074
-1.882913
-0.608751
-0.611682
-0.289988
0.590593
-1.181840
-0.612007
-0.611030
-0.041516
-0.236390
0.007926
0.234033
0.140255
-0.612660
-0.610707
-0.046065
0.246567
-0.612660
-0.257244
-2.013763
-0.611682
-0.583474
-3.666545
-0.611682
-1.202970
-0.612007
-0.611030
0.616529
-0.612334
-0.423323
-0.611030
-0.871831
-0.612992
-0.501328
-0.609724
-0.871831
-0.610052
-0.610052
-0.611682
-0.237019
-1.577067
-0.040869
0.007968
-0.236137
-0.610376
-0.235253
-1.387577
1.362090
-0.610376
-0.045589
-1.483299
-0.611682
-1.180279
0.897479
-0.612660
-0.236390
-0.333728
-0.611030
-0.337026
-0.655087
-0.752232
-1.106613
-0.685581
-0.475833
-2.116569
-1.040724
-0.044938
-2.110259
0.256113
-1.734234
-0.611356
-2.517207
-0.610052
0.100326
-0.611030
-0.611682
-0.561193
-0.610707
-0.612007
-0.539128
0.579105
-0.236137
-1.259904
0.301286
0.390428
0.115568
-0.611356
-1.468824
-0.041215
-1.443782
-0.912331
-0.168429
-0.677129
0.255830
0.064183
-0.610707
1.801121
-0.611682
-0.393501
-0.644313
-0.290150
0.599181
-0.610707
-0.848168
-0.610707
-0.611030
-0.610707
-0.236767
-1.519809
-3.588647
-0.613960
-0.873234
0.257932
-0.610707
-0.609074
1.192712
-0.350517
-1.249978
-1.597424
-0.289828
-0.609403
-0.879302
-0.612660
-1.943230
-0.085976
-0.611030
-2.380325
1.048632
-0.002228
-0.612007
-1.367170
-0.610707
-0.610376
-2.096628
-0.236390
-0.362886
-0.611356
-0.236137
-0.714544
-0.977416
-0.609724
-0.870888
-0.410837
-0.609724
-0.646543
-1.010807
-0.609074
-1.202703
-0.911472
0.596810
-0.610052
-0.612007
-1.352226
-0.396429
-0.672994
-0.404761
-0.608659
-0.278967
-0.612007
-0.236642
-0.236767
-1.021598
-0.652921
-0.610376
-0.236517
-1.794991
-0.610707
-1.154898
-0.609724
-0.406785
-0.541535
-0.751999
-1.195301
-0.617952
-0.611356
-1.494138
-0.611356
-0.240655
-0.611030
-0.609074
-0.782595
-0.604194
-0.237019
-2.441926
-0.291441
-1.995085
-0.416915
-0.610707
-0.966003
-0.609724
-0.612007
-2.136079
-0.609724
-0.610376
-0.413989
-0.610052
-0.727081
-0.611682
-0.914248
-0.610376
-0.611356
-0.041445
-0.610376
-0.610052
-0.611682
-0.802224
-1.015804
-1.774433
-0.647843
-0.611356
-0.852119
-0.380445
-0.611030
-0.611030
-0.611030
-0.614942
-0.612992
-2.369426
-0.610376
-1.642003
-0.611682
-0.609724
-1.215958
-2.581252
-0.290792
-0.237152
-1.011916
-0.418266
0.274687
-0.610052
-1.407037
-0.293696
-0.611682
-0.410166
-0.613315
0.318731
-0.909960
-2.438334
-1.338775
-0.871831
-0.237275
-1.544324
-0.237152
-0.433964
-0.610707
-1.050526
-0.533403
-0.495150
-0.813554
-0.610707
-0.237275
-0.549313
-2.771281
-0.612007
-0.236767
-0.609724
-0.409431
0.200679
-0.612992
-0.536998
-0.227559
-0.978507
-0.611682
-1.029974
-1.555060
-0.612007
-0.611682
-1.409124
-0.611030
-0.550256
-0.612334
-0.748269
-0.610052
-0.611356
-1.390592
-0.610052
0.793278
-0.611682
-0.611030
-0.609403
-0.610052
-0.509889
-2.160003
-0.612007
-0.598023
-0.611030
0.008299
-0.504020
-1.003581
-0.611682
-1.815914
0.256390
-0.237152
0.610067
-0.609724
-0.237152
-0.614291
-2.094972
-0.612660
-0.610707
-0.903692
-0.609724
-0.445591
0.342169
-0.612007
-0.939219
-0.236266
-0.110205
-0.236894
-0.611682
-0.612992
-0.643604
0.115568
-0.925014
-0.611356
-0.648955
0.298207
-0.610707
-1.804106
-0.383143
0.008038
-1.433125
-1.135149
-1.276288
-1.213949
-0.611356
-0.611030
-0.291441
-0.609724
-0.302302
-0.236266
-0.610707
-0.286653
-0.237019
-1.357455
-0.611356
0.260320
-0.610707
-1.893281
0.186470
-0.855923
-0.236767
-0.611356
-1.019145
-0.611356
-0.611356
-0.634515
-0.062260
-0.610052
-0.611030
-2.237926
-1.620246
-0.237019
-1.048689
-0.611030
-1.423161
-0.410837
-0.411538
-0.611030
-0.612334
-0.290309
-0.612660
-0.934772
-0.502410
-0.413989
-0.611356
-0.611356
-0.613315
0.008166
-0.612007
-0.609074
-0.411063
-0.611682
-0.611682
0.252600
-0.610052
1.153665
-0.236894
-0.610052
0.248252
-0.045637
-0.611356
-0.084929
-0.611356
-0.237275
0.018126
-0.609724
0.255830
0.329737
2.666751
-0.236894
-0.542703
-0.301691
-0.611682
-1.382536
-0.610707
-0.411958
-0.931321
-0.291595
-0.236894
-0.611682
-0.610376
-0.045695
-0.609724
-0.610376
-2.429619
-0.609724
-0.611356
-1.322374
-0.610052
-0.237152
-1.489016
-0.237152
-0.608094
-0.611030
-1.190101
-0.611356
-0.611030
-0.041950
-1.203773
-0.609724
-0.280005
-0.225330
-0.845109
-0.611030
-0.611030
-1.250162
0.255405
-1.083908
-0.611682
-0.609403
1.118299
-0.116949
-0.610376
-0.237616
-1.710689
0.098668
-0.414889
-0.612334
0.255405
-0.610376
-0.434733
-0.610052
-0.609403
-0.610707
-0.120004
-0.611030
-0.981240
-0.403183
-1.714641
-3.072806
-0.754735
-1.085080
-1.320439
-0.264272
-2.576335
-0.610707
-0.610707
-0.611682
-0.236767
-1.508098
-0.045387
0.848566
0.020977
1.035965
0.007883
-0.045695
-0.611030
-0.440772
-0.610707
0.318731
-0.610707
-0.612334
-0.610376
-0.611682
-0.611682
-0.612007
-0.611682
-0.611030
0.133887
-0.846340
-0.045365
-0.938211
-0.611356
-0.235633
-0.611030
-2.098481
-0.236137
-0.611356
-0.611682
-0.610376
-0.610707
-0.143706
-0.051775
-1.030543
0.258072
-0.233993
-0.611030
0.319792
-0.271941
-0.407463
0.828171
-0.351570
-0.611682
-0.612007
-0.487890
-0.611356
-0.051687
0.046890
-0.610376
0.539003
-0.214864
-0.611682
-0.237275
-0.613315
-0.612334
-0.611682
-2.717721
-0.497037
-0.612334
-0.611356
-0.237019
-2.414237
-0.611030
-0.609724
-0.611682
-0.568197
-0.611356
-0.608751
-0.217255
-1.556003
-0.612334
-0.632349
-0.611682
-1.115739
-1.040720
-0.778747
0.863301
-3.733771
-1.403971
-0.566668
-0.611030
-0.610707
-0.236266
-0.608427
-0.609403
-0.611356
-0.756411
-0.447054
-0.610707
0.257095
-0.235003
-0.609403
-1.461677
-0.610707
-0.611030
-1.027718
-0.252142
-0.611682
-0.611030
-0.610707
-0.293372
-0.611030
-3.001365
-1.440367
-0.612007
-0.417355
-1.548543
-0.362542
-0.611030
-2.733230
-0.610376
-0.609724
-0.611356
-0.500527
-0.396248
-0.168245
-0.612007
-0.410837
-0.236642
-0.459813
-0.621525
-0.611030
-0.610376
-0.407913
-0.237398
0.008133
-2.269453
-1.821815
-0.236894
-2.109339
-0.608751
0.002954
-0.613638
-0.008274
-0.912485
-0.610707
-0.157366
-0.610707
0.007881
-0.898995
-0.041471
-0.218313
-0.610707
-0.610052
-0.631491
-0.646724
-0.223779
-0.610707
1.945984
-3.401724
-0.029199
-1.492249
-0.612334
-0.612334
0.132888
-0.577571
-0.233240
-0.611356
-1.119183
-0.045540
-2.460230
-0.612007
-0.608427
-1.225049
-0.611356
-0.988542
-0.610707
-0.603531
-1.989057
-0.612007
-0.612334
-0.610052
-1.461071
-0.610052
-0.649675
-0.611682
1.133296
-0.927829
-0.388551
-0.612660
-0.612007
-0.609724
-0.872769
-0.236517
-0.613638
-0.539800
-0.610707
1.417206
0.246006
0.240022
-0.236894
0.250077
-1.234296
-0.653286
-1.711197
-0.611030
-0.045241
-0.611030
-0.610707
0.256390
-0.610707
0.312248
-0.169238
-0.610376
-0.167105
-2.932590
-0.413765
-0.238332
-0.609403
-0.410837
-0.610707
-0.611682
0.007734
-0.609724
-0.920389
-0.610052
-1.609843
-0.644860
-1.785911
-0.613638
-0.237019
-2.182057
1.110681
-0.984282
-0.176414
-0.618263
-0.609403
-0.611356
-0.609403
-0.610376
-1.211269
-0.925870
-0.612334
-0.236894
-0.236011
1.882196
-0.610376
-0.611682
-0.611356
-1.714641
-1.069824
-0.348445
-0.945269
-0.392154
-1.409618
-0.404761
-0.611682
-0.610707
-1.391726
-0.609074
0.241094
-0.039992
-0.405211
-1.390042
-0.940728
-0.610376
-0.611030
0.008146
-0.421415
-0.611356
-0.612660
0.514413
-0.850267
-0.236517
-2.526155
-1.390195
-0.610707
0.201539
-1.952573
0.075617
0.622662
-1.370221
-0.611356
-0.609724
-0.040753
-0.612007
-0.612334
-0.418312
-0.611682
-0.612007
-1.713833
-0.612334
-0.353853
-0.566064
-0.236517
-0.724042
-0.890271
-0.030848
-0.611356
-0.611682
-0.610052
-0.609724
-0.612007
-0.610376
0.244462
-3.011986
-0.420293
-0.612992
-0.610052
-0.235633
-0.610707
-0.611030
-0.851734
-0.236266
0.683017
-0.609724
-0.612660
-0.636021
-0.610376
-0.038591
-1.472645
0.257932
-0.348336
-0.608427
-0.613315
-0.237019
-0.610052
-0.612334
-0.610052
-0.611030
-0.236767
-0.612992
-0.413989
-0.610707
-0.358814
-0.236767
-0.611356
-1.248174
0.366552
-0.551444
0.008017
-0.065240
-0.950121
-1.267982
-0.610376
-0.612334
0.257230
-0.938211
-0.610376
-1.729478
1.431540
-0.610707
-1.395554
-0.046197
-0.611682
-0.236642
-0.612007
0.291817
-0.395530
0.691045
0.255685
0.334902
-0.612007
0.255267
-0.391956
-0.414663
-0.611030
-0.163858
-0.611356
-0.610376
-0.611682
-0.706946
-0.341811
-0.414443
-0.874169
-0.237019
1.117330
0.046786
-0.611356
0.270745
-0.778335
-0.236767
-0.610376
-0.497566
-0.611356
-2.450973
-0.611030
-0.565455
0.637405
-0.611682
-0.612334
-0.871103
-0.236767
-0.608427
-0.610707
-0.611030
-0.612007
-1.309327
-0.411735
-0.426668
-0.611030
-1.541430
-0.445564
-0.612660
-1.474315
0.307610
-0.608751
-1.134982
-0.045890
-0.196400
-0.593231
0.168340
-0.690699
-0.609724
-0.699890
-0.427996
-0.281293
-0.611682
-2.279350
-0.612334
0.656369
0.611087
-0.613315
1.126747
-0.609724
-0.236642
-0.610707
-0.236767
0.690244
-0.611030
-2.857454
-2.424312
-0.855793
-0.502670
-0.611356
-1.149733
-0.611682
-0.408362
-0.608751
-1.182735
-0.364407
0.008169
-0.408811
1.746756
-0.610052
-0.610052
-0.537138
-0.610707
-0.052225
-0.610707
-0.611356
1.772553
-0.611030
0.285256
-0.610707
-0.539800
-0.937197
-2.130939
0.257230
-0.411958
-0.412409
-0.611356
-1.434316
-0.236642
-0.395778
-0.610707
-0.236390
-0.610376
-1.230457
-1.808610
-0.888802
0.893990
-0.609403
-0.652200
-0.237019
-0.408362
-1.761781
-0.690081
-0.611682
-0.821614
-0.043748
0.725728
-0.571236
-0.443300
-0.237275
-0.426668
-0.610376
-0.611030
-0.610376
-2.269453
-2.966862
0.354774
-0.239652
-0.043498
-0.611356
-1.010321
0.365149
-0.236137
0.796110
-0.236767
-1.842974
1.177321
-0.611356
0.047491
-0.921058
-0.405661
-0.610707
-2.080049
-1.803477
-2.048913
-0.610376
-0.611030
-0.612660
-0.416645
0.256390
-0.609724
-2.423936
-0.611030
-0.610707
-0.409486
-0.611682
-0.571847
-0.953602
-2.079944
-0.642893
-0.611356
0.822784
0.443195
-0.610376
-0.237019
0.008100
0.243478
-0.397778
-0.770768
-0.611682
-0.385628
-0.236642
-1.799971
-0.296105
-1.235861
-0.236894
1.931871
-2.932788
0.003634
-1.182330
-1.329665
-0.611356
-0.610707
-0.611356
-0.237522
1.755038
-0.609074
-0.237275
0.367778
-0.612007
-0.610376
-0.609724
-0.611356
-0.611682
-0.853199
-0.168429
-0.611356
-0.418719
-0.611030
-0.612007
-1.093406
-0.140517
-0.932074
0.208145
-1.835155
-3.773176
-0.567281
-0.409935
-0.237275
-0.236266
-0.847674
-0.569110
-0.611356
-0.604512
-0.447756
0.008125
-0.611356
-2.063375
-2.790476
-1.282605
-0.552453
-0.571541
-0.610376
-0.233869
-0.359221
0.254421
-0.313774
-3.216764
-0.897739
0.162947
-0.609403
-0.611030
-0.420293
-0.924201
-0.611030
-0.973413
-2.109699
-0.611356
-0.606466
-0.611682
-1.387134
-0.896173
-1.896545
-0.610376
-1.031109
-0.612660
-0.347762
-1.694146
-0.611356
-0.541535
0.310799
-0.568197
-0.894205
-0.406109
-0.295144
-0.610052
0.025795
-2.450837
-0.758082
-0.611030
-0.605812
-0.610376
0.333750
-0.725783
-0.480048
-0.713055
0.588847
-1.027317
-0.612007
-0.610376
-0.414889
-1.349399
0.098949
-0.611356
-0.610376
-0.612992
-0.567281
-1.219455
-0.964877
-2.044991
-0.848628
-0.291275
0.254847
0.008143
-0.128908
0.251204
-0.351377
-0.236894
-0.612007
0.253445
-0.609724
-0.045589
-0.020906
-0.609724
-0.610052
-0.236642
-0.610707
0.802357
-0.610376
-0.236642
-0.612007
-0.312008
-0.610052
0.941411
0.307862
-0.236894
-0.236767
-0.611030
-0.611030
-1.094446
-0.611030
-0.611030
0.162213
-0.569715
-0.788995
0.002821
0.872008
-0.610376
-0.611682
-0.779391
-0.612334
-1.209500
-0.611356
-0.611682
-0.610052
-0.934173
-0.321045
-0.852611
0.026118
0.445071
-0.850001
-1.549381
-0.637911
-0.611356
-0.612334
-0.609074
-0.461698
-1.642328
2.345485
-0.403633
-2.133404
-0.236517
-0.868040
-0.612007
-0.611356
-0.568197
-0.611682
-0.384945
-0.611682
-0.233616
0.256390
-2.002326
-1.528600
-0.290150
-0.410616
-0.196525
-0.409553
-0.611682
1.145691
-0.236642
-0.418651
0.211817
-0.610376
-1.995051
0.259057
-1.712774
-0.223398
-0.236767
-1.394019
-0.045795
-1.561410
-0.872769
0.313313
-0.501602
-0.612334
-0.612007
-0.610707
-1.710906
-0.603764
-0.611682
0.097172
-3.733737
-0.612660
-0.611356
0.262608
-0.611682
-1.394365
-0.597680
-1.724097
-0.611030
-0.581963
-0.610052
-0.586254
-0.655813
-0.580381
-0.311908
-0.409486
-0.748065
-0.610052
-0.236266
-0.812447
-0.610707
-0.610376
-1.916316
-1.466154
0.007971
-1.873660
-0.237522
1.311220
-1.340286
-0.503749
-0.750744
0.107665
0.993829
-0.610052
-0.611356
-0.448100
-0.294294
1.059666
-0.612007
-2.263270
-0.237152
-0.796142
-0.723745
-0.735104
-0.609724
-0.169146
-0.603859
0.279531
-0.612007
-2.386791
-2.259944
-0.590510
-0.611356
-0.612334
-0.728962
-0.611682
-0.650755
-0.610376
-0.612007
-0.611682
-0.045618
-0.236767
0.040851
-0.610376
-0.454542
-1.636621
-2.049859
-0.552361
-0.611356
-0.609724
-0.420460
-0.611356
-0.236894
-0.609724
-0.409935
-0.236767
-0.821461
0.146772
-0.611030
-0.041399
0.520433
0.246567
-0.417119
-0.609403
-0.830896
-0.612334
-1.475951
-0.612007
-0.283228
-0.612334
-0.523044
-0.418719
-1.488279
-1.627779
1.385311
-0.589512
-0.610052
-0.611030
-0.612992
-0.408362
-0.412188
-0.315510
-1.262611
-0.045565
-1.600719
0.115072
-1.571948
0.045042
-0.611682
-0.610052
-0.612007
-1.027049
-0.278874
-0.710196
-0.611682
-0.611356
-1.053557
-1.222731
-0.466792
-0.236390
-0.423508
0.793058
-0.291118
-0.237398
-0.692041
-0.601901
-0.039787
0.653317
0.008152
-1.290045
-0.237275
-1.857458
-0.611030
-0.946781
-0.610376
-0.643604
-0.290150
-0.611030
-0.609724
0.007436
-0.235003
-0.633332
-0.396659
0.221094
-1.247477
0.258215
1.684655
0.007897
-0.611682
-1.174209
-0.612007
-0.408021
1.646122
-0.006372
0.255964
-0.611030
-0.455969
-0.551752
-1.125602
-0.611356
-0.395980
-0.611682
-0.411735
-0.612992
-0.611682
0.243764
-0.041054
-0.565475
-0.711384
-0.611682
-0.609074
-0.612660
0.323401
-0.045795
0.115692
-0.610052
0.346387
0.115138
-0.237152
-0.611682
-1.816897
-0.612992
-0.889786
-1.625095
-0.910968
-0.868974
-2.144764
-0.612334
-0.236517
-0.612007
-0.235882
-1.709127
-0.237019
-0.611030
-0.610707
-0.612007
-0.612334
-0.091113
-0.610707
-0.610052
-0.236642
-0.610376
-0.045365
-0.552664
-0.411958
-0.613638
-1.002471
-0.611030
-0.045165
-0.637400
0.362819
-0.611030
0.069846
-0.610376
-0.611030
1.159559
-1.091960
0.616194
-0.610376
-0.611682
-1.021921
-1.390963
0.833557
-0.570021
-0.280862
-1.213274
-0.167896
0.311736
-1.388663
-0.045387
-1.131481
-2.428292
0.290848
0.115510
0.255267
-0.236894
-1.143794
-0.351951
-1.836205
-2.419012
-0.610052
-0.437284
-0.057709
-0.096674
0.448786
-1.037328
-0.621525
-1.586228
-0.236767
1.557519
-0.610376
-0.611682
0.607680
-0.609724
-1.734161
-2.370486
1.922845
-0.612334
-0.610707
-1.353592
-0.612660
-0.266162
-1.381149
-0.349669
-0.610707
-0.611356
-0.687481
-0.612334
-0.409935
-0.384054
-2.263270
-1.018269
-0.526069
-0.611030
-2.448185
-0.610707
-0.611682
-1.139500
-0.546577
-0.609403
-0.611030
-0.611356
-1.527923
-0.814647
-0.654007
-1.700070
-0.236894
-1.209926
-2.345972
-1.254127
-0.609403
-0.611356
-1.227073
-0.611030
-0.611356
-0.407913
-0.612334
-0.611030
-0.118409
-0.610707
-1.622425
-0.611030
-0.610052
-0.581691
-1.564016
-0.611682
-0.246274
-0.611030
-0.770613
-0.429433
-0.612334
-0.684714
-0.611030
-1.296310
-1.898464
-1.111947
-1.720232
-1.021490
-0.612007
-0.278234
-0.237019
-0.555410
-0.609724
-0.500252
-0.610376
-0.873699
0.002942
-1.798991
-0.611356
-0.611356
-0.612007
0.612106
-0.612992
-0.236517
-0.168694
-1.548543
0.710857
-1.212611
-0.611682
-0.610376
0.257230
0.007991
-0.612660
-2.093630
-1.529806
-0.611682
-0.752512
-1.645728
-0.702748
-0.611356
-0.411063
0.385387
-0.660682
-1.064711
-0.609724
-0.236642
-1.618852
-1.816554
-0.609074
-0.611682
-0.040268
-0.611030
-0.503593
-0.237275
-0.612007
-0.610052
-0.612660
-0.612660
0.321968
-0.911980
-0.671004
-0.365805
-0.408811
-0.611356
2.260560
-0.611030
-0.610707
-0.045313
0.238848
1.279007
0.606999
-0.609724
-0.610376
-0.693184
-0.408585
-0.610707
-0.236390
0.322514
-0.944259
-0.168517
-0.609403
-0.236894
-0.611682
-0.911472
-0.611682
-2.432269
0.046706
-0.750695
-0.610376
-3.396415
-0.612660
-0.606466
-1.724903
-0.903849
-0.611682
-0.612334
-0.926113
-0.235510
-0.592119
-0.611356
-1.236535
-0.985607
-0.382649
0.254564
-0.421415
-0.611356
-0.002664
-0.045338
-0.611030
-0.168604
-0.610052
-0.235510
-0.408362
-0.695937
-1.298925
-0.610052
-0.610052
-0.612660
-0.411508
-0.612007
-1.006920
-0.236137
-1.028845
-0.612007
-0.195978
-1.334270
-1.587998
-0.532266
0.044672
0.007897
-0.612334
-0.501328
-0.431555
-0.045637
-0.609724
-0.610707
-0.235763
-0.610376
-0.609724
-0.398229
0.046890
-0.237019
-0.609724
-0.611030
-1.029974
-0.701917
-0.859081
-0.405661
-1.398617
-0.596355
-1.786041
-0.039278
-0.610376
-1.267285
-0.237152
-0.611356
-0.611682
-0.610052
-0.916049
-0.710000
-0.609403
-0.554490
-0.610376
-0.609403
-0.547790
-1.612604
-1.388663
-0.502670
-0.610376
-0.964368
-0.611030
-0.610052
-0.545870
-0.367725
-0.612992
-0.395980
-0.512763
-0.113167
1.453659
0.046706
-0.611682
0.221638
3.142518
-2.041418
-0.609074
-0.609724
-0.611030
-0.611356
-0.611356
-0.466415
-0.407616
-0.610707
-0.847709
-0.513535
-0.189087
-0.891748
-0.611030
-1.896386
-0.348336
-0.612660
-0.045435
-0.610376
-0.612660
-0.800194
-0.611030
1.214704
-1.249682
-0.236894
-0.610376
-0.769613
-0.409486
-0.678011
-0.611682
0.981981
-0.406558
-1.004925
0.159295
-1.249883
0.983587
-1.623075
-0.609724
-1.485512
-0.045618
-2.818698
0.008027
-0.610052
-0.911831
-0.408141
-0.549008
-0.611356
-0.237650
-0.236390
0.621263
-0.611030
-0.497033
-1.009699
-0.464685
-0.608751
-0.292884
-0.612660
-1.517667
0.328729
-1.081567
0.770792
-0.811959
-2.382913
0.292798
-0.610376
-0.612007
-0.501869
-0.612007
-0.276970
0.353265
0.000990
-0.918088
-1.004139
-2.745181
-0.608427
-0.115439
0.031296
-0.611356
-2.304522
0.622632
-1.695949
-0.611356
-2.258324
-1.081776
0.252743
-0.361508
-0.612334
-0.611356
-0.314992
-1.399377
-0.613638
-2.376440
-0.613960
-0.612660
-0.612334
-0.407236
-0.610372
-0.612007
-0.612660
1.008180
0.074700
-0.090424
0.263633
-0.609074
-1.719303
-0.611030
-0.612334
-0.609724
-0.610052
-0.612660
-2.084105
-0.611356
0.257230
-0.611682
-2.185060
-1.219581
-0.641467
-0.605161
-0.610052
-2.370245
-0.611356
-0.609724
-1.007011
0.493610
-0.652562
-1.044117
-1.341441
-0.611030
-2.971618
-0.611682
-0.610707
-2.737715
-0.612334
-1.348101
-0.136985
0.368410
-0.407584
-0.610376
-1.074401
0.320307
-0.468885
-0.610707
0.716275
-0.236266
-0.612660
-0.612660
-0.406339
-0.149913
-0.610376
-0.612992
-0.538633
-0.610376
-0.610052
-0.612007
-0.611030
-1.749672
-0.610707
0.257802
0.133344
-0.612007
-0.611682
-0.611682
-0.692219
-1.583155
-1.498054
-0.236390
-0.879686
-0.031556
-0.168517
-0.287256
-0.297176
-1.211527
2.365624
-0.606145
0.256249
-0.610376
-0.610707
-3.745472
-0.610376
-1.824998
-0.536364
-0.610707
-0.612334
-0.236517
-0.608751
-0.404532
-0.663099
-0.610707
-0.611356
-0.889289
-0.045462
-1.010307
-0.904949
-0.542974
-0.408585
-0.351377
-0.236642
-0.236767
-0.237019
-0.236390
1.431301
-0.570630
-1.381006
-0.281381
-1.391513
-0.913805
-0.594586
-0.944766
-0.607285
-0.236266
0.238426
-1.191932
-0.237019
-0.610052
-1.543883
0.721692
-1.014698
-0.667472
-0.611682
-0.045816
-0.609724
-0.611030
-0.612334
-0.612007
-0.610052
-1.316749
-0.502137
-0.041471
-0.611356
-0.237019
-0.222844
-0.611356
-0.407913
-1.148175
-0.942751
0.258215
-0.610376
-0.610376
-1.272826
-0.031293
-0.613638
-0.404761
-0.610707
-0.611030
0.745843
-0.611030
-0.609724
1.816514
-0.040641
-2.081394
-0.193083
-0.541399
-0.896173
-0.572462
0.256390
-0.611030
-0.611356
-1.551073
-1.063094
-0.609074
0.260177
-0.609724
-0.919036
-0.045414
-0.236390
-0.651838
0.064889
-0.612992
-0.611030
-0.045973
0.008169
-0.610376
-0.924538
-0.404761
-0.410616
-0.612660
-0.286824
-3.343234
-1.715573
0.115199
-0.611030
-0.611030
-1.448437
-0.607444
-1.520000
-0.369186
-0.408811
1.476284
-0.610376
-0.292403
-0.546577
-0.572340
-1.215958
-0.275497
-0.612007
-0.045540
-3.134139
-0.611356
-0.613638
0.048774
-0.045766
-1.353060
-1.461534
-0.499719
-0.611356
-0.707601
1.978019
-0.566977
-0.611030
-0.612007
-0.552969
-1.247046
-0.408585
0.254708
-0.606252
0.184707
-2.819947
-0.774800
0.259843
-1.327592
-0.646468
-0.684159
-0.609724
-0.610052
-0.501059
-0.611030
-1.489827
-0.410837
-0.611356
-0.611682
-0.611356
-0.236266
-3.043671
0.405453
-0.610052
-0.037296
-1.241378
0.045456
-0.611030
1.244038
-0.896669
-1.390195
-0.611030
-0.567581
-0.845578
-0.350311
-1.414690
-0.236767
-1.822816
-0.236390
0.007461
0.252743
-0.236266
-0.361923
-0.047276
-0.524544
-0.611030
-0.409040
-0.613315
-0.611030
-2.388084
-2.445991
-0.612007
0.255267
-0.610376
-0.908446
-0.848168
-0.611682
-0.611356
-0.611682
-0.411735
-0.611030
0.182174
-0.611545
-0.612007
0.826487
-0.611030
-0.610707
-0.877184
-1.115121
0.358986
-0.397329
-0.612007
1.021730
-0.612007
-0.501869
-0.605812
-0.608751
-0.658710
-1.277982
-0.609724
-0.610707
1.323646
-0.610376
-0.611682
-0.412640
-0.610707
-0.404089
-0.610376
-0.611356
-0.613638
-1.101204
-1.551073
0.007599
-0.236642
-1.377769
-0.612007
0.250499
-1.411623
-0.121308
-0.611030
-0.210608
-0.045695
-1.635130
-0.168694
-0.236642
0.002853
-0.641467
-1.599252
-0.413314
-0.850267
-1.211937
-0.611356
0.255405
-0.236767
-0.888308
-0.612334
-0.610376
-0.237275
-1.155394
0.367165
-0.610376
-0.610707
-2.145880
-0.405211
-0.501059
-0.610376
-0.647148
-1.030351
-0.354611
-0.276007
-0.611030
-1.246806
-1.277512
-0.501602
-2.881536
0.597120
-0.611356
-0.612660
-1.413924
-0.597930
-3.459877
-0.695686
-1.440601
-0.911993
-0.431932
-0.538925
-0.236390
-0.609403
-1.599220
-0.610052
-0.868040
-0.237522
-0.038843
-0.849083
-0.502410
-0.610707
-0.541042
-1.609034
-0.609724
-0.610052
-0.168969
-1.266592
-0.236390
-0.110779
-0.644675
-0.041262
-0.236767
-0.611030
-0.516456
-0.964112
0.008257
-1.042419
-0.610052
0.232408
2.473515
-0.611356
-0.601703
-1.242084
-0.041287
-0.610052
-0.564236
-0.773299
-1.890169
-1.802374
-1.337382
-1.953640
-0.565764
-0.236642
-1.002471
-1.248020
-0.887328
-0.235882
-1.128406
-0.609724
-0.611356
-0.578281
-0.236517
-0.276508
-0.524260
-0.609724
-1.575839
0.713049
-0.041471
0.114952
-0.997476
-0.610707
0.008042
0.286244
0.018824
-0.870888
-0.840456
-0.610052
-0.425235
0.008052
-0.419272
1.489455
-1.079781
-0.612992
0.002781
0.103037
-0.610052
-0.612007
-0.612992
-1.296577
-0.767277
1.185170
0.725455
-0.612334
-0.612007
-0.674306
-0.611356
-0.544150
-0.612334
0.256534
-0.612007
-0.787257
-0.612334
-0.612007
0.044125
-0.609724
-0.179145
-1.788551
-0.611030
-0.884868
0.972052
-0.612007
-0.611356
-0.611356
-0.612334
-0.611682
-0.677134
-1.007478
1.173209
-0.611030
-0.610052
-2.107690
-0.370562
-0.045513
-0.610707
0.738821
-0.612992
-0.411063
-0.610052
-0.409486
-1.242084
-1.209260
-0.406558
-0.612334
-0.395530
-1.439994
-0.287110
-0.364823
-1.589244
-0.610376
-0.236894
-0.612334
-0.045365
-0.571847
-1.632173
-0.612992
0.256673
-0.236517
-0.801260
-0.382937
-0.500163
0.002827
-0.275069
0.317319
-0.780942
-0.611748
-0.609074
-1.180570
-0.237275
-0.612334
-0.409261
-2.008018
-1.345997
-0.508891
-0.482245
-0.411958
-0.404761
-0.725062
-1.343102
-0.612992
-0.578427
0.305145
-0.612334
-0.611682
-0.612007
-0.612334
-0.859942
0.393892
-1.442169
-0.610376
-0.609724
-0.538346
-1.906759
-1.394019
-0.609724
-0.611682
-0.236266
-0.611356
-1.798740
-0.610052
-1.881860
-0.612334
-0.613315
-1.028845
-1.390963
-0.610052
-0.907941
0.514458
-0.408362
-1.023445
-1.264232
0.348365
-0.610707
-0.610707
-0.610052
-0.940181
-1.609927
-0.611030
-0.610052
1.492458
0.367984
0.114640
-1.719303
-0.363569
-1.617397
0.318911
-1.818410
-0.305234
-0.612334
-0.611030
-0.612334
-0.042916
-0.593170
-0.404532
-1.330488
-0.043473
-0.598713
-1.264925
-0.295762
-1.719303
0.046689
-1.387657
-0.610052
-0.236894
-1.256205
-0.611682
-2.429619
-0.236767
-0.552060
-1.712774
-0.611030
-0.871989
-1.207915
-0.567887
-0.236642
-0.667796
0.319854
-0.612992
-0.610376
-0.045414
-0.729528
-0.770047
-1.442957
-0.236390
-0.611356
-1.633130
-1.683539
-0.541535
-0.609724
-0.611682
-0.280171
-0.045565
-0.569715
0.008125
-0.610707
0.094929
-0.820706
-0.291441
-0.610707
-0.450943
-0.611356
-1.179613
-0.411290
-0.045716
-0.539285
-0.739506
-0.611356
-0.361923
-0.610707
-0.468029
-1.358660
-0.610052
-0.612007
0.115319
-0.610707
-0.611682
-0.609724
-0.236011
-0.609403
-0.045637
-0.277274
-0.236517
-0.045589
3.174882
-0.611682
-0.829625
-1.262468
-0.236642
-0.546576
-0.495999
-0.349094
-0.415623
0.717507
-0.608427
-0.000269
-0.612660
-0.606941
-0.608094
0.008027
-1.577932
-0.422135
-0.610052
-0.611682
-0.853402
-0.612007
1.745790
0.439942
-0.610707
-0.501869
-0.611030
-0.613315
-0.610707
-0.613960
-1.219048
-0.611356
-1.005491
-0.610707
-0.612334
-0.612007
-0.045387
-0.888308
-0.610052
-0.701536
0.584651
-0.610376
-0.611030
-0.610707
-0.611030
-2.226382
-0.937197
0.259476
-2.129604
0.687585
-0.045286
0.957077
-0.959069
-0.611682
-0.610376
-0.141346
-0.611356
-0.611030
-0.611356
-0.541245
-0.590160
-0.608751
-0.945480
-0.609724
-0.610376
-0.677249
-0.610707
-0.236517
-0.611030
1.136415
-0.610376
-0.609724
-0.612334
-1.224372
-0.610707
0.071370
-0.611030
-0.611356
-0.611356
-0.407463
0.097560
0.369927
-0.610376
-0.222165
-0.612992
1.091991
-0.611030
-0.610707
0.320327
-0.947287
0.252743
-1.446422
-0.045241
0.325796
-0.842769
0.585079
-1.299701
-1.103894
-0.341816
-1.808610
-0.410616
0.938806
1.904371
-0.113073
-0.610707
0.115008
-1.218635
-0.610376
-0.445656
-0.567581
-1.008030
-0.611682
0.244039
-0.290309
-0.498061
-0.405883
0.074386
-0.612992
0.770747
-0.550838
-0.553274
0.923202
-0.353284
-0.609403
-1.253709
-0.611682
-0.613315
-0.236894
-0.237152
-0.045106
-0.611356
0.793376
-0.917263
-1.017712
-0.606601
-2.124790
-0.041308
-0.612660
-0.610707
-0.612660
-0.237019
-2.441559
-2.203257
0.698867
-0.379321
-0.236894
-0.428818
-0.236642
-0.740890
-0.611356
-0.144635
-0.236767
-1.392102
-0.612660
-0.236642
0.008217
-0.501869
-0.608751
0.255830
-0.978801
0.070364
-0.236390
-0.565049
-0.610052
-0.550535
-0.612660
-0.714869
-0.650396
-0.277411
-0.611356
-0.611682
0.008177
-0.236390
-0.770177
-0.499989
-2.009101
-0.045841
-0.610707
0.246216
-1.004578
-0.612992
-0.612007
-1.884500
-0.911831
0.008052
-2.567843
-0.611356
-1.482124
-0.612007
-0.585922
-0.612660
-0.610376
-0.610707
-0.611356
-0.455679
-0.611682
-0.410616
-0.290954
-0.409261
-0.611030
-0.610376
-1.313985
-0.069106
-0.406785
-0.612007
-0.236390
-0.613315
-0.611356
-0.408362
-0.610376
-0.412862
-0.163759
-0.409716
0.115439
0.700144
-0.237019
-0.612007
-0.632349
-2.105385
-1.041292
-0.610052
3.294224
-2.056462
-0.042044
0.320920
-0.610376
-1.074515
-0.237019
-0.041677
-0.353092
-0.612007
-0.611030
1.034376
-0.163024
-0.590848
-0.445709
2.236510
-0.589501
-0.611030
-0.612334
1.027994
-0.609724
0.115319
-2.418447
-0.352141
-0.609074
-0.611400
-0.611356
0.259109
-0.610376
-0.253004
-0.517698
-0.612007
-0.313424
-1.124878
-0.611030
-0.346374
-2.397692
-0.913998
0.008038
0.265422
-2.523522
-0.612007
-0.611030
-0.613315
-0.410616
-0.612660
-0.611682
-0.421179
-0.501328
-0.611682
0.361850
-0.610376
-0.236517
-0.609724
-0.611356
0.257095
0.302741
-0.609724
-0.611030
-0.611356
-0.611682
0.317849
-0.610052
-0.612007
-0.610376
0.243202
-0.217216
-0.237019
0.008023
-0.638281
-0.609074
-0.611356
-0.610052
-0.611030
-1.322374
-0.410837
-0.610707
-0.609724
-0.388776
0.232986
-0.611356
-1.491500
0.365733
-0.610707
-1.256967
-2.231557
-0.016263
-0.610707
-1.094365
-0.601513
-0.747766
-0.611356
-0.612007
-0.563012
-0.609724
-0.610376
-0.611030
-0.168429
-0.611030
0.667784
-1.369728
-0.612007
-0.609074
-0.610707
-0.045540
-0.922103
-1.641474
-0.255730
-0.610707
-0.586254
-0.917263
-0.610707
0.449272
-0.413086
-1.192507
-0.408585
-0.285472
-0.609403
-0.610376
0.255405
-0.222891
-0.347954
-0.236390
-0.236137
-0.611356
0.319616
-0.289037
-0.670759
-0.572762
-0.610707
-0.237522
-0.612334
-0.872293
-0.910968
-0.612334
0.819266
0.008234
-0.407463
-2.440227
-0.866134
-2.271926
0.961405
-0.611682
-0.612334
0.258496
-0.609403
-1.023757
-1.252745
-0.613960
0.448786
-0.604512
-0.405596
-2.068895
-0.890260
-0.344944
-0.236642
0.256390
-0.838558
-0.610707
-0.612660
0.139645
-0.612334
0.256817
-1.623370
-0.610707
0.002807
-1.713702
-0.215225
-0.612007
-0.611356
-0.430636
-0.846794
0.440310
-2.267819
-0.236390
0.007883
-0.610052
-0.236767
-0.610052
-0.611030
-0.313424
-0.610707
-0.610707
-1.417133
-0.612660
-0.612660
-1.549381
-0.041864
-0.237275
0.007741
0.584827
-3.361096
-0.909960
0.447832
-0.407463
-2.416359
-0.611356
-0.610707
-0.237152
-0.612007
-1.394019
-0.236894
-0.611682
-0.236767
-0.609403
-1.049856
0.008190
-0.045494
-0.725636
-0.611356
-0.611356
-1.394019
0.115255
-0.610376
-0.224697
-0.169063
-0.376429
-0.408362
0.259057
-0.612007
-0.045387
-0.611682
0.185439
-0.611356
-0.610376
-1.079222
-0.611356
-0.540087
-0.611682
0.111182
-1.196682
0.559644
-0.236517
-0.459813
-0.610707
-0.652200
-0.610707
-0.114921
-0.611030
-0.237398
-0.612992
-0.612334
-0.611030
0.115199
-1.394019
-0.990498
-1.397851
-0.236894
0.619595
-0.464216
-0.611682
-0.237650
-0.611682
-0.603206
0.142989
-0.168791
-0.236390
-0.611356
-0.612007
0.244039
-0.625351
-0.041104
-0.611682
-0.610376
-0.611356
-0.612007
-1.402442
-0.610707
-0.838808
-0.237398
-0.611030
0.611277
-0.890271
-0.612007
-0.610707
-0.611356
-1.960571
-0.610376
-0.611356
-0.610707
-0.611682
-0.747402
-0.610707
-2.193902
-0.612007
-0.612007
-0.611682
-0.611030
0.256249
-0.610707
-1.026582
-0.236767
-0.236894
-1.092915
-0.610707
-0.611356
-0.611030
-0.612334
-0.612660
-0.415338
-0.592545
-0.611356
-0.235127
-0.236011
-0.569110
-0.610707
-0.236517
-0.567581
-0.031685
-0.610052
-2.473831
-0.611356
-0.610376
-0.236011
-0.413314
-0.236642
-0.236894
-0.609724
-0.972497
-0.611682
-0.609403
-0.610707
-1.034702
-0.226174
0.612789
-0.611682
-0.610052
0.680352
-0.581691
0.615848
-1.023757
-0.609724
-0.613638
-0.045494
-0.611356
-0.610052
-0.200173
-1.501258
-0.611682
-0.610052
-0.610707
-0.867609
-0.609724
-0.611030
-0.610376
-0.045414
-0.418069
-2.226208
-2.113649
-0.755994
-0.612007
-0.609403
-0.252579
-0.609724
-0.045741
-0.236642
0.115008
-1.893281
-0.041702
-1.200549
0.046890
-0.235127
-0.917528
-1.912858
0.398342
-0.611356
-1.027150
0.008017
-0.611682
-1.031924
-0.236894
-0.611030
-0.611030
-0.610052
-0.636775
-0.611356
0.245867
-0.223903
-0.236767
-0.610707
-2.452167
-0.610707
-0.908446
-0.524697
-1.209260
0.729628
0.110035
-0.236894
-1.508192
-0.247561
-0.615666
-0.747180
-3.768566
0.671975
-0.610376
0.115138
-0.652562
-0.611682
-0.384054
-0.610707
-0.612660
-0.523601
-0.611356
0.345437
-0.280813
-0.610376
0.115319
-0.609724
-1.811067
-0.425628
-0.541832
-1.229824
-1.207947
-0.405211
-0.942242
-0.611682
0.008057
-0.610707
0.257095
-0.758987
-0.611356
-0.282582
-0.236642
0.257095
-0.611682
-0.821541
-0.612007
-0.236767
-0.612660
-0.519674
0.253025
-0.611356
-0.779428
-0.540671
-1.407802
-0.611356
-0.236517
-0.612007
-0.611356
-0.611030
-0.224386
-0.477985
0.157688
-0.045435
-0.611030
-0.696492
-0.611682
-1.253014
-0.643964
-0.538925
-0.611356
0.187318
-0.568197
-0.609724
-2.757128
-0.887357
-0.236390
-0.613315
-0.314119
-0.612334
-0.427972
-0.611356
-0.611030
-0.236517
-0.609403
-0.610052
0.003820
-1.816897
-0.612007
0.115138
-1.392490
-0.610707
-1.035258
-0.291927
-0.608751
-0.612660
-1.572060
-0.401611
-0.425475
0.115568
-0.648766
-0.611030
-1.920566
-0.609403
-0.611682
-0.612007
-0.610707
-0.045313
-0.045795
-0.410386
1.355448
-0.237019
-0.610707
-0.281777
-0.217446
-1.515211
-0.611682
-0.039486
0.187013
-0.612992
-1.206502
-1.176754
-0.236642
-2.186405
-0.282259
-0.612334
-0.612007
-0.613960
-0.610376
-0.068551
-0.237901
-0.612660
-0.610707
-0.611030
-0.615518
-0.277738
-0.611682
-0.611030
-0.235882
-0.612334
-0.611030
-0.610707
-0.609724
-0.610707
-2.036072
-1.897425
-0.280490
-1.712774
-0.612334
-0.448268
-1.887058
-0.551752
-0.896930
-0.612660
-0.633707
0.253025
-0.611030
-0.998280
-0.291118
-0.610707
0.064501
0.115138
-2.078015
-0.611682
-0.611356
-0.611356
-0.609724
-0.612660
-0.609403
-0.313250
-2.413960
-0.609724
-0.651481
-0.724045
-1.027150
-0.775634
-0.869433
-0.610707
-1.389426
-0.611030
-0.450579
0.244740
-0.788155
-0.587554
-0.296570
-0.609403
-1.171999
-1.093162
-0.611356
-0.612334
0.252600
-0.611682
-2.118044
-0.409935
-0.611682
-0.611682
-0.611030
-1.503608
-0.399129
-0.759364
0.257516
0.096368
-0.235386
-1.180570
-0.235253
-0.690494
-0.601243
-0.612007
-0.869470
-0.352522
-0.411958
-1.388663
-0.236517
1.474378
-0.236894
-0.609403
-0.611682
-0.612007
-1.826826
-0.922226
-0.047764
-0.612660
-0.610707
-0.612660
-0.501869
-0.277879
-0.610376
-0.045637
-0.291151
-0.600740
-0.612007
-0.974489
-0.613315
-0.608427
-0.612334
-1.397851
-0.610376
-0.235633
-0.611356
0.255830
-0.612007
-0.612007
-0.610052
-0.610707
-0.612007
-0.576220
-0.612992
0.258636
-0.236767
-0.610376
-0.462120
-0.611356
-0.611682
-0.850917
-0.611030
-0.610052
-0.611356
-0.612334
-0.610376
-0.045668
-1.724903
-0.038521
-0.609724
-0.610707
-1.906037
-0.611030
-0.610707
-1.025847
-1.649252
-1.023757
-0.409261
-0.611030
-0.611356
-0.526900
-0.590476
-0.611356
-0.236266
-0.611030
0.008241
-1.732366
-0.612007
-0.611030
-0.613315
-2.433595
-0.610052
-0.874231
-0.921737
-0.610376
-1.270055
-1.402442
-1.246786
-0.608751
-0.611682
0.286193
-0.611356
-0.611030
-0.612007
-0.612334
-0.610052
-1.063952
-0.611682
-0.390578
-0.431026
-0.654727
-0.609403
-0.502670
-0.875181
0.365733
-0.500527
-0.127524
-0.232402
-0.610707
-0.569406
-0.611356
-0.359431
0.448550
-0.610707
-0.236642
-1.388329
-0.611356
-0.612007
1.167895
-0.386080
-0.610707
-1.135465
-0.045841
-0.236390
0.246200
0.492213
-0.610707
-0.292568
-0.609403
-0.611682
-0.377941
-0.611356
-0.045540
-0.611682
-0.612660
-0.450320
-0.609724
-2.366971
-0.899480
-0.611030
-0.612992
-0.611356
-1.180570
-0.889786
-1.328345
-0.236011
-0.045414
-0.360681
-0.501059
-0.921737
-0.610707
-0.611030
-0.236642
-0.163207
-0.609724
-0.612007
0.336999
-0.612007
-0.611682
-0.611356
-0.609724
-0.045589
-0.610052
-1.221081
-0.611356
-0.612007
-0.710608
-0.611356
-0.610376
-0.996565
-0.404984
-1.243446
-0.610052
-1.478399
-0.612660
-0.610376
-0.610707
-0.610052
-0.045365
-0.611682
-0.610707
-0.872769
-0.610052
-0.612992
-0.236390
-0.610376
-0.611030
-0.608751
-0.609724
-0.610707
-0.611356
-0.613638
-0.236894
-0.611682
-0.611356
-0.610052
-0.612007
-0.611682
-0.610707
-0.611356
-0.612992
-0.612007
-0.611030
-0.609403
-0.611356
-0.610376
-0.612334
-0.609403
-0.612007
-0.611356
-0.610707
-0.611682
-0.613638
-0.611356
-0.611356
-0.611030
-0.612334
-0.612007
-0.611030
-0.611356
-0.611356
-0.609724
-0.610707
-0.610376
-0.611356
-0.612007
-0.609724
-0.612334
-0.236517
-0.612334
-0.612992
-0.612992
-0.612992
-0.610707
-0.236767
-0.611030
-0.611356
-0.609074
-0.611356
-0.236517
-0.237275
-0.236894
-0.237275
-0.612334
-0.611030
-0.610707
-0.611682
-0.611682
-0.612334
-0.236390
-0.612334
-0.611356
-0.610707
-0.236517
-0.236266
-0.610052
-0.611682
-0.611356
-0.609403
-0.611356
-0.612334
-0.236517
-0.236517
-0.609403
-0.611682
-0.610052
-0.611030
-0.610052
-0.609724
-0.610052
-0.610052
-0.236390
-0.610707
-0.611356
-0.611356
-0.236390
-0.609074
-0.612660
-0.612007
-0.611682
-0.612007
-0.612007
-0.609403
-0.611682
-0.236390
-0.612007
-0.611682
-0.611030
-0.611356
-0.611682
-0.611030
-0.945774
-0.236894
-0.236642
-0.612007
-0.610707
-0.611682
-0.236390
-0.610376
-0.611356
-0.612334
-0.611356
-0.610707
-0.611682
-0.611356
-0.611030
-0.610376
-0.612007
-0.612660
-0.611356
-0.611682
-0.612334
-0.613960
-0.610052
-0.612007
-0.236642
-0.611682
-0.610052
-0.612334
-0.610376
-0.611030
-0.611030
-0.610707
-0.610376
-0.611356
-0.609724
-0.610376
-0.611682
-0.235882
-0.236767
-0.237275
-0.610707
-0.610707
-0.611030
-0.236517
-0.237019
-0.236642
-0.612992
-0.612007
-0.236266
-0.611356
-0.611356
-0.609724
-0.612007
-0.612660
-0.236390
-0.612660
-0.611682
-0.612007
-0.610052
-0.612007
-0.610376
-0.236266
-0.613638
-0.610376
-0.611030
-0.611356
-0.609403
-0.610707
-0.611030
-0.612007
-0.611682
-0.611030
-0.610052
-0.611356
-0.611682
-0.611030
-0.612334
-0.612660
-0.610052
-0.613960
-0.236517
-0.611682
-0.612334
-0.236390
-0.611030
-0.611030
-0.612334
-0.611356
-0.610707
-0.612992
-0.610052
-0.609403
-0.611030
-0.610376
-0.236266
-0.611356
-0.612334
-0.612007
-0.612007
-0.609724
-0.610707
-0.609724
-0.611356
-0.611030
-0.611356
-0.612007
-0.611356
-0.611682
-0.610376
-0.611682
-0.610707
-0.611356
-0.610376
-0.610376
-0.611356
-0.610707
-0.610707
-0.611356
-0.610707
-0.611682
-0.612992
-0.611030
-0.611356
-0.237019
-0.610052
-0.236767
-0.609403
-0.610052
-0.610376
-0.611682
-0.237019
-0.611356
-0.609403
-0.611356
-0.236390
-0.609724
-0.612007
-0.943756
-0.611682
-0.611030
-0.610707
-0.612007
-0.612007
-0.612007
-0.610052
-0.610052
-0.612007
-0.610707
-0.609724
-0.611356
-0.612660
-0.237019
-0.236642
-0.610707
-0.611682
-0.611356
-0.610707
-0.611356
-0.236642
-0.611030
-0.610376
-0.237019
-0.611030
-0.610376
-0.237019
-0.611356
-0.610052
-0.610052
-0.612007
-0.611356
-0.611030
-0.611356
-0.612007
-0.611356
-0.611030
-0.609403
-0.236642
-0.611356
-0.611030
-0.610707
-0.612334
-0.609724
-0.236517
-0.610707
-0.612660
-0.612007
-0.236517
-0.611030
-0.612660
-0.611030
-0.611030
-0.609724
-0.611030
-0.610707
-0.236266
-0.611030
-0.610376
-0.612007
-0.612660
-0.237019
-0.236517
-0.236390
-0.609403
-0.611030
-0.610376
-0.611030
-0.611682
-0.611030
-0.236767
-0.611030
-0.610052
-0.612007
-0.612007
-0.611682
-0.612660
-0.610376
-0.610052
-0.611030
-0.610052
-0.236767
-0.612660
-0.237275
-0.611356
-0.611682
-0.612007
-0.611356
-0.611030
-0.611356
-0.610052
-0.611356
-0.611356
-0.611356
-0.609724
-0.611030
-0.611682
-0.612007
-0.611682
-0.610376
-0.237152
-0.611682
-0.611682
-0.611682
-0.611030
-0.612992
-0.610376
-0.611030
-0.611030
-0.236894
-0.611682
-0.610376
-0.609724
-0.611682
-0.611356
-0.610707
-0.610052
-0.236642
-0.237152
-0.611356
-0.611356
-0.612334
-0.611356
-0.613638
-0.610052
-0.236390
-0.611682
-0.610707
-0.610707
-0.611030
-0.610052
-0.237774
-0.611682
-0.609724
-0.610052
-0.612334
-0.237275
-0.611030
-0.237019
-0.611030
-0.236517
-0.609724
-0.608751
-0.611030
-0.611356
-0.611030
-0.611682
-0.612007
-0.237152
-0.613315
-0.610707
-0.610052
-0.611356
-0.612007
-0.611356
-0.611030
-0.612007
-0.612660
-0.611356
-0.611356
-0.610376
-0.237019
-0.611682
-0.610707
-0.612334
-0.611356
-0.609074
-0.611030
-0.610052
-0.610376
-0.611682
-0.611356
-0.611682
-0.609724
-0.236894
-0.612334
-0.611356
-0.611356
-0.609074
-0.612007
-0.236390
-0.611030
-0.610376
-0.611030
-0.611356
-0.612660
-0.610707
-0.610376
-0.610376
-0.612007
-0.610707
-0.608751
-0.609074
-0.612334
-0.611030
-0.610707
-0.611682
-0.612660
-0.611030
-0.612660
-0.609403
-0.612007
-0.610707
-0.237152
-0.236642
-0.610707
-0.611030
-0.611030
-0.611030
-0.611356
-0.610707
-0.609403
-0.612007
-0.613315
-0.611356
-0.609724
-0.608427
-0.612992
-0.236642
-0.946276
-0.611030
-0.611682
-0.611356
-0.611682
-0.611356
-0.611682
-0.611030
-0.612007
-0.610707
-0.612007
-0.611682
-0.610376
-0.611030
-0.610376
-0.612334
-0.610707
-0.610707
-0.611356
-0.612007
-0.611356
-0.610052
-0.609403
-0.611682
-0.943249
-0.610376
-0.237152
-0.609724
-0.611030
-0.611356
-0.236894
-0.612334
-0.609074
-0.611682
-0.611682
-0.612992
-0.612334
-0.610376
-0.610707
-0.236894
-0.611356
-0.611356
-0.612007
-0.237152
-0.612334
-0.612007
-0.611682
-0.610707
-0.612007
-0.237398
-0.237019
-0.609074
-0.236767
-0.612660
-0.612660
-0.610376
-0.610376
-0.612660
-0.611682
-0.610376
-0.236894
-0.236642
-0.612992
-0.236642
-0.943756
-0.612334
-0.610052
-0.609403
-0.611030
-0.610707
-0.612992
-0.237152
-0.612334
-0.612334
-0.609724
-0.611030
-0.608427
-0.236767
-0.612334
-0.611356
-0.236642
-0.609724
-0.237019
-0.610052
-0.236011
-0.612992
-0.236137
-0.236642
-0.611682
-0.611682
-0.610707
-0.610376
-0.611356
-0.609403
-0.609724
-0.611030
-0.611030
-0.611030
-0.609724
-0.610376
-0.612660
-0.610707
-0.611030
-0.611356
-0.611356
-0.236767
-0.610707
-0.612334
-0.611356
-0.609724
-0.611356
-0.612334
-0.610707
-0.236894
-0.610376
-0.236517
-0.612334
-0.611682
-0.610376
-0.610376
-0.612334
-0.236642
-0.612334
-0.611682
-0.610707
-0.611030
-0.610376
-0.611030
-0.610376
-0.611030
-0.611356
-0.611030
-0.611682
-0.611030
-0.612007
-0.611356
-0.610376
-0.609403
-0.925175
-0.610052
-0.610707
-0.236767
-0.609724
-0.611030
-0.612660
-0.236767
-0.609403
-0.236642
-0.610707
-0.612660
-0.611682
-0.611356
-0.611356
-0.236642
-0.612334
-0.236767
-0.609074
-0.610707
-0.610707
-0.610376
-0.610707
-0.610707
-0.609724
-0.237275
-0.609724
-0.613960
-0.611356
-0.612007
-0.237398
-0.236390
-0.611030
-0.611356
-0.611356
-0.611030
-0.611682
-0.610052
-0.611682
-0.611030
-0.611356
-0.236767
-0.236894
-0.236517
-0.611030
-0.611356
-0.610376
-0.611682
-0.235882
-0.611030
-0.611356
-0.609724
-0.610376
-0.611682
-0.610707
-0.236642
-0.610376
-0.236642
-0.236517
-0.611682
-0.612660
-0.612334
-0.612334
-0.612334
-0.236642
-0.611356
-0.611682
-0.611356
-0.612007
-0.611030
-0.611682
-0.611682
-0.612334
-0.610707
-0.611682
-0.612007
-0.611030
-0.611682
-0.237522
-0.611030
-0.610052
-0.236767
-0.237019
-0.609724
-0.610707
-0.612007
-0.612334
-0.611682
-0.236517
-0.610052
-0.611356
-0.236642
-0.236767
-0.610376
-0.610707
-0.611030
-0.236642
-0.611356
-0.611682
-0.611356
-0.610376
-0.611356
-0.612007
-0.612007
-0.611682
-0.611356
-0.611356
-0.611030
-0.609724
-0.237275
-0.612007
-0.611030
-0.236767
-0.611356
-0.611030
-0.610707
-0.608427
-0.610376
-0.609724
-0.611030
-0.612660
-0.612007
-0.611682
-0.609724
-0.610376
-0.609724
-0.610376
-0.236767
-0.236517
-0.611030
-0.611682
-0.611030
-0.610707
-0.610707
-0.611030
-0.612007
-0.610052
-0.236767
-0.610707
-0.610052
-0.611682
-0.610707
-0.611682
-0.612660
-0.611030
-0.612007
-0.612660
-0.236390
-0.611682
-0.611356
-0.610052
-0.611030
-0.611356
-0.612992
-0.610052
-0.610052
-0.236642
-0.610376
-0.611030
-0.236642
-0.237152
-0.237901
-0.611682
-0.611356
-0.612334
-0.610052
-0.612007
-0.612660
-0.236266
-0.612660
-0.611682
-0.610376
-0.611356
-0.612992
-0.608751
-0.609724
-0.612007
-0.237152
-0.610376
-0.612334
-0.611682
-0.610707
-0.610052
-0.236642
-0.608751
-0.611682
-0.612992
-0.610376
-0.611682
-0.612007
-0.611356
-0.612660
-0.611356
-0.611030
-0.609074
-0.611030
-0.610376
-0.609074
-0.612660
-0.610707
-0.611030
-0.609403
-0.610052
-0.611030
-0.610707
-0.610052
-0.612334
-0.610376
-0.611030
-0.611356
-0.236642
-0.610376
-0.611682
-0.609403
-0.612334
-0.610707
-0.611682
-0.612007
-0.612334
-0.612007
-0.611356
-0.611682
-0.236642
-0.610052
-0.612334
-0.612007
-0.611030
-0.611356
-0.612992
-0.610707
-0.611030
-0.612334
-0.610707
-0.611682
-0.609724
-0.237275
-0.612007
-0.610707
-0.610707
-0.612334
-0.610707
-0.610376
-0.237019
-0.610707
-0.611682
-0.611030
-0.611030
-0.612660
-0.924201
-0.235882
-0.611030
-0.611356
-0.610052
-0.611682
-0.611030
-0.612007
-0.612007
-0.611030
-0.612660
-0.609403
-0.611682
-0.611356
-0.612007
-0.611030
-0.609724
-0.612334
-0.236517
-0.611030
-0.611030
-0.611030
-0.611356
-0.611356
-0.610376
-0.610376
-0.236642
-0.611682
-0.236390
-0.611356
-0.610707
-0.610707
-0.236642
-0.612992
-0.613638
-0.611030
-0.610052
-0.610376
-0.610052
-0.610376
-0.610376
-0.611030
-0.611682
-0.613315
-0.610376
-0.609074
-0.237019
-0.612660
-0.609724
-0.236894
-0.611682
-0.612334
-0.609724
-0.609724
-0.610376
-0.612334
-0.612007
-0.611356
-0.612334
-0.610707
-0.612007
-0.611682
-0.610376
-0.610052
-0.610376
-0.611356
-0.611682
-0.611682
-0.610052
-0.611030
-0.611682
-0.612660
-0.236517
-0.610052
-0.609074
-0.610707
-0.236390
-0.609724
-0.610376
-0.611682
-0.236767
-0.609724
-0.610707
-0.612007
-0.611682
-0.610707
-0.612334
-0.610707
-0.611030
-0.610376
-0.610707
-0.611356
-0.611682
-0.612660
-0.612334
-0.610707
-0.236767
-0.611030
-0.610052
-0.611030
-0.237152
-0.611682
-0.610707
-0.610707
-0.610376
-0.609724
-0.236390
-0.611356
-0.236642
-0.611682
-0.611030
-0.236011
-0.610376
-0.610052
-0.611030
-0.611682
-0.237152
-0.609724
-0.612660
-0.612334
-0.236767
-0.612007
-0.611356
-0.612334
-0.612334
-0.612660
-0.237019
-0.612334
-0.611356
-0.236767
-0.611030
-0.612007
-0.612007
-0.611030
-0.609724
-0.611356
-0.611356
-0.613315
-0.613315
-0.612007
-0.609724
-0.610707
-0.610376
-0.610707
-0.611356
-0.611356
-0.610052
-0.611030
-0.611030
-0.612334
-0.610052
-0.610707
-0.611682
-0.611030
-0.610707
-0.610376
-0.611682
-0.612334
-0.611356
-0.610376
-0.236894
-0.610707
-0.613315
-0.612660
-0.946781
-0.236767
-0.237650
-0.612660
-0.612334
-0.611682
-0.610707
-0.611682
-0.611030
-0.609724
-0.611356
-0.611030
-0.611682
-0.236642
-0.236767
-0.611030
-0.611682
-0.236137
-0.236266
-0.237019
-0.611682
-0.610052
-0.611356
-0.610052
-0.610376
-0.611356
-0.236390
-0.611030
-0.612334
-0.612007
-0.612007
-0.612334
-0.611356
-0.611682
-0.610707
-0.610052
-0.570325
-0.611030
-0.236266
-0.611356
-0.611030
-0.611356
-0.610052
-0.610707
-0.611030
-0.611356
-0.611682
-0.612007
-0.611030
-0.612660
-0.610707
-0.611030
-0.236642
-0.612992
-0.611030
-0.611682
-0.612007
-0.611682
-0.609074
-0.610707
-0.612334
-0.611682
-0.612007
-0.611356
-0.610052
-0.610707
-0.611356
-0.610707
-0.610707
-0.611030
-0.610707
-0.609724
-0.610707
-0.612007
-0.237019
-0.612007
-0.611030
-0.611682
-0.611356
-0.610376
-0.610376
-0.237019
-0.608751
-0.611682
-0.609724
-0.611682
-0.611356
-0.612007
-0.610376
-0.612007
-0.611030
-0.611356
-0.611356
-0.613315
-0.613638
-0.611030
-0.611682
-0.612007
-0.612007
-0.612334
-0.236642
-0.612007
-0.610052
-0.611356
-0.612992
-0.611030
-0.610052
-0.612007
-0.611356
-0.613315
-0.610707
-0.611356
-0.611682
-0.612007
-0.613315
-0.612660
-0.612334
-0.609724
-0.610052
-0.610707
-0.610376
-0.610376
-0.611682
-0.610052
-0.236642
-0.610376
-0.611682
-0.611356
-0.610052
-0.611682
-0.610052
-0.611682
-0.944766
-0.611682
-0.611356
-0.612992
-0.236767
-0.609724
-0.610707
-0.236642
-0.610376
-0.612660
-0.611030
-0.611356
-0.612334
-0.611356
-0.611682
-0.610376
-0.611682
-0.610376
-0.612660
-0.236642
-0.611356
-0.236390
-0.611682
-0.610376
-0.611030
-0.610707
-0.611030
-0.610707
-0.609403
-0.611356
-0.611356
-0.611682
-0.612334
-0.611356
-0.610376
-0.609724
-0.611030
-0.610052
-0.610376
-0.236642
-0.609724
-0.611356
-0.237398
-0.611030
-0.610376
-0.611030
-0.609403
-0.612007
-0.612007
-0.236767
-0.611356
-0.612334
-0.610052
-0.610052
-0.612992
-0.610052
-0.610707
-0.236642
-0.612007
-0.610052
-0.611030
-0.612007
-0.612660
-0.610052
-0.612660
-0.610052
-0.611682
-0.236011
-0.613638
-0.613960
-0.609724
-0.613315
-0.611682
-0.610052
-0.612007
-0.612007
-0.610376
-0.612007
-0.613638
-0.612007
-0.236894
-0.610707
-0.236767
-0.610707
-0.236894
-0.236390
-0.612007
-0.612007
-0.611356
-0.610052
-0.611356
-0.611030
-0.610052
-0.610707
-0.612007
-0.610707
-0.612007
-0.610052
-0.611030
-0.237152
-0.612334
-0.610707
-0.236517
-0.237152
-0.612334
-0.611030
-0.610376
-0.236767
-0.611356
-0.236517
-0.236767
-0.611030
-0.612334
-0.610052
-0.610052
-0.610052
-0.612007
-0.237019
-0.610052
-0.613960
-0.612334
-0.612992
-0.610707
-0.612660
-0.611356
-0.612007
-0.610052
-0.611356
-0.612334
-0.611682
-0.924687
-0.611030
-0.236390
-0.609403
-0.609724
-0.236390
-0.610376
-0.610376
-0.611030
-0.611030
-0.611356
-0.612007
-0.610052
-0.612334
-0.607767
-0.611356
-0.612660
-0.612660
-0.612007
-0.612007
-0.611356
-0.611356
-0.609724
-0.612334
-0.610376
-0.611030
-0.610376
-0.237152
-0.611030
-0.236517
-0.610376
-0.236894
-0.613638
-0.612007
-0.610707
-0.611030
-0.610707
-0.611030
-0.611682
-0.611356
-0.609403
-0.611030
-0.611356
-0.612007
-0.236894
-0.611682
-0.611030
-0.610707
-0.611356
-0.236266
-0.610052
-0.611356
-0.611682
-0.610707
-0.611356
-0.610707
-0.611356
-0.611682
-0.613315
-0.613638
-0.610052
-0.611682
-0.236642
-0.237152
-0.610707
-0.611030
-0.236390
-0.610052
-0.610707
-0.609724
-0.236390
-0.610707
-0.612660
-0.610052
-0.610707
-0.611356
-0.612334
-0.610707
-0.610707
-0.610707
-0.611356
-0.611030
-0.611030
-0.610376
-0.236894
-0.608751
-0.611356
-0.236767
-0.612334
-0.611356
-0.611682
-0.611356
-0.610707
-0.610052
-0.237019
-0.236266
-0.611682
-0.237152
-0.611356
-0.611682
-0.610707
-0.612007
-0.611682
-0.610707
-0.611356
-0.611356
-0.236767
-0.236894
-0.609724
-0.612007
-0.608427
-0.609403
-0.611682
-0.611356
-0.611682
-0.611682
-0.611356
-0.610707
-0.236767
-0.611356
-0.611030
-0.611030
-0.610052
-0.611030
-0.611030
-0.612007
-0.611682
-0.610376
-0.609724
-0.612334
-0.610707
-0.611030
-0.610376
-0.612007
-0.612334
-0.613315
-0.612007
-0.237275
-0.611356
-0.610707
-0.611682
-0.611356
-0.611030
-0.611030
-0.610376
-0.611682
-0.610052
-0.237398
-0.611356
-0.610376
-0.237019
-0.236642
-0.611356
-0.236642
-0.610707
-0.612007
-0.236517
-0.611030
-0.611682
-0.609724
-0.613638
-0.610707
-0.612007
-0.611356
-0.610376
-0.236390
-0.609074
-0.611356
-0.612660
-0.236642
-0.611356
-0.236642
-0.612334
-0.610707
-0.612660
-0.612007
-0.611682
-0.610376
-0.611356
-0.612334
-0.611030
-0.610707
-0.610707
-0.611682
-0.608751
-0.611682
-0.612992
-0.610707
-0.611356
-0.611030
-0.611682
-0.237398
-0.610376
-0.610376
-0.613638
-0.611030
-0.611356
-0.237275
-0.610052
-0.610376
-0.611356
-0.612007
-0.610052
-0.611356
-0.610376
-0.610376
-0.612334
-0.609724
-0.610376
-0.611030
-0.612007
-0.610376
-0.612334
-0.610052
-0.613638
-0.237019
-0.236011
-0.611682
-0.612992
-0.611030
-0.611356
-0.610376
-0.611356
-0.609074
-0.612992
-0.611682
-0.612992
-0.610052
-0.236517
-0.612334
-0.610707
-0.611356
-0.237019
-0.612007
-0.612992
-0.944766
-0.609074
-0.611030
-0.610376
-0.612334
-0.611682
-0.610376
-0.611682
-0.609724
-0.610707
-0.611356
-0.611682
-0.610052
-0.610707
-0.610376
-0.611682
-0.609724
-0.609724
-0.610052
-0.612007
-0.610707
-0.236517
-0.611682
-0.612334
-0.236390
-0.611030
-0.236517
-0.611682
-0.611682
-0.610707
-0.610376
-0.610376
-0.610376
-0.610376
-0.611030
-0.610376
-0.236894
-0.609403
-0.612007
-0.610376
-0.614291
-0.236894
-0.612334
-0.611030
-0.609403
-0.611682
-0.610052
-0.611356
-0.611682
-0.611356
-0.611356
-0.611356
-0.611682
-0.611356
-0.612992
-0.945269
-0.612660
-0.236266
-0.236266
-0.611356
-0.610376
-0.236517
-0.236642
-0.611356
-0.611682
-0.611030
-0.611356
-0.610052
-0.611030
-0.610052
-0.610376
-0.236642
-0.237650
-0.610052
-0.236642
-0.237152
-0.611030
-0.611356
-0.611682
-0.611356
-0.609724
-0.610376
-0.609403
-0.612007
-0.612660
-0.611030
-0.611356
-0.612334
-0.611030
-0.611030
-0.610376
-0.612660
-0.236390
-0.610376
-0.610052
-0.610707
-0.237398
-0.610707
-0.610376
-0.611682
-0.610376
-0.611682
-0.612334
-0.609074
-0.611030
-0.237152
-0.236642
-0.236517
-0.237152
-0.610707
-0.610376
-0.610707
-0.611682
-0.610052
-0.610376
-0.611356
-0.611030
-0.610707
-0.611682
-0.611682
-0.611682
-0.611682
-0.611356
-0.610376
-0.611682
-0.611682
-0.609724
-0.236642
-0.612660
-0.612660
-0.609724
-0.609724
-0.611030
-0.610376
-0.611356
-0.611030
-0.611356
-0.609074
-0.610707
-0.612007
-0.236390
-0.612660
-0.611356
-0.610707
-0.610376
-0.612660
-0.610376
-0.610052
-0.236894
-0.609403
-0.609724
-0.237019
-0.610707
-0.236767
-0.610052
-0.610707
-0.611030
-0.610707
-0.611356
-0.612007
-0.611682
-0.611356
-0.611030
-0.236390
-0.610052
-0.236642
-0.610707
-0.612334
-0.610707
-0.611356
-0.611682
-0.612334
-0.611356
-0.609403
-0.610376
-0.610707
-0.609074
-0.237275
-0.611682
-0.236137
-0.236390
-0.612007
-0.612007
-0.611356
-0.608751
-0.611682
-0.611682
-0.610376
-0.610376
-0.610707
-0.609724
-0.236642
-0.611030
-0.611682
-0.611356
-0.611030
-0.611682
-0.236517
-0.611030
-0.236894
-0.611356
-0.611030
-0.611356
-0.611030
-0.611356
-0.236767
-0.610376
-0.611682
-0.610052
-0.610376
-0.610707
-0.612007
-0.610376
-0.612334
-0.610052
-0.609724
-0.609724
-0.612334
-0.610707
-0.610376
-0.236767
-0.612007
-0.611356
-0.610052
-0.611030
-0.611682
-0.610707
-0.611356
-0.612334
-0.611356
-0.611356
-0.612334
-0.610707
-0.236266
-0.236517
-0.613638
-0.611682
-0.236517
-0.236266
-0.610707
-0.612334
-0.611030
-0.611682
-0.610052
-0.611356
-0.611356
-0.611030
-0.611030
-0.612007
-0.236390
-0.610707
-0.611030
-0.610707
-0.611682
-0.609724
-0.236642
-0.237152
-0.611356
-0.612007
-0.610707
-0.610707
-0.611356
-0.612007
-0.236767
-0.610707
-0.611030
-0.611682
-0.610052
-0.612334
-0.612007
-0.612992
-0.611682
-0.611356
-0.612007
-0.609724
-0.611682
-0.236517
-0.611682
-0.613638
-0.610052
-0.612334
-0.236767
-0.611682
-0.237275
-0.610707
-0.610707
-0.610052
-0.611682
-0.236642
-0.609724
-0.612334
-0.610707
-0.611356
-0.610707
-0.235763
-0.610376
-0.612007
-0.610707
-0.612334
-0.612660
-0.612334
-0.612660
-0.612007
-0.609724
-0.610707
-0.610707
-0.236894
-0.612334
-0.610376
-0.237019
-0.612334
-0.610052
-0.609724
-0.611682
-0.609724
-0.236137
-0.611356
-0.611356
-0.611682
-0.611356
-0.610052
-0.611682
-0.610376
-0.611030
-0.610376
-0.612007
-0.612334
-0.610376
-0.611356
-0.612007
-0.236137
-0.612660
-0.609074
-0.612660
-0.610052
-0.612007
-0.611030
-0.611030
-0.236266
-0.611682
-0.610707
-0.611682
-0.610052
-0.612007
-0.612660
-0.611356
-0.611030
-0.611356
-0.610707
-0.610052
-0.611356
-0.236894
-0.610052
-0.611356
-0.611682
-0.610052
-0.609074
-0.610707
-0.610707
-0.612334
-0.610376
-0.612334
-0.612334
-0.236266
-0.611030
-0.236767
-0.610707
-0.610376
-0.611356
-0.611030
-0.609724
-0.611682
-0.610376
-0.610707
-0.612992
-0.611030
-0.610707
-0.611030
-0.611356
-0.610707
-0.610707
-0.611356
-0.610707
-0.610707
-0.610376
-0.610052
-0.611030
-0.611682
-0.610707
-0.612007
-0.236894
-0.610052
-0.610052
-0.356134
-0.609403
-0.610052
-0.237275
-0.235882
-0.237275
-0.612660
-0.611682
-0.610707
-0.611030
-0.611030
-0.611356
-0.611356
-0.610707
-0.610707
-0.611356
-0.610376
-0.610376
-0.611356
-0.613638
-0.613315
-0.237019
-0.610376
-0.610376
-0.611682
-0.236894
-0.236266
-0.612660
-0.237019
-0.612660
-0.236642
-0.609074
-0.611356
-0.611030
-0.612007
-0.610376
-0.609724
-0.610707
-0.945269
-0.611682
-0.610376
-0.611356
-0.237398
-0.611356
-0.236767
-0.612334
-0.610707
-0.611030
-0.610707
-0.610376
-0.612334
-0.613315
-0.610707
-0.612992
-0.236767
-0.610707
-0.611682
-0.612334
-0.610376
-0.611030
-0.236390
-0.611682
-0.612007
-0.610376
-0.237152
-0.611682
-0.610707
-0.611356
-0.611356
-0.610052
-0.610052
-0.611356
-0.236390
-0.612660
-0.611682
-0.611682
-0.611030
-0.612007
-0.612992
-0.610707
-0.612007
-0.610376
-0.610376
-0.610707
-0.609074
-0.610707
-0.611356
-0.611356
-0.612007
-0.609074
-0.610376
-0.237275
-0.611682
-0.610376
-0.612007
-0.611030
-0.235510
-0.236390
-0.609403
-0.236767
-0.609724
-0.610052
-0.611682
-0.612992
-0.612007
-0.610707
-0.236642
-0.923209
-0.610707
-0.611030
-0.611682
-0.611356
-0.610707
-0.611356
-0.611030
-0.611030
-0.611356
-0.612992
-0.609724
-0.611356
-0.236390
-0.611682
-0.236767
-0.609724
-0.609403
-0.611030
-0.610707
-0.610052
-0.236642
-0.611030
-0.612007
-0.611030
-0.610052
-0.612007
-0.236137
-0.610707
-0.608751
-0.610707
-0.611356
-0.611030
-0.612660
-0.611356
-0.610707
-0.610707
-0.612660
-0.611356
-0.610376
-0.236767
-0.612334
-0.609074
-0.609074
-0.612334
-0.612334
-0.611356
-0.610376
-0.612660
-0.610707
-0.610707
-0.610052
-0.609724
-0.612007
-0.611356
-0.612334
-0.236642
-0.612334
-0.611356
-0.610707
-0.611682
-0.609724
-0.611030
-0.612334
-0.611682
-0.611030
-0.610052
-0.612334
-0.236517
-0.611030
-0.610376
-0.236137
-0.236767
-0.609074
-0.236767
-0.611030
-0.611682
-0.611030
-0.609403
-0.611030
-0.610052
-0.611030
-0.611030
-0.612660
-0.611682
-0.611030
-0.612334
-0.610376
-0.611356
-0.610707
-0.611030
-0.612334
-0.611030
-0.612007
-0.611356
-0.610376
-0.610052
-0.236390
-0.610376
-0.612992
-0.612334
-0.609074
-0.236767
-0.610376
-0.611030
-0.236642
-0.612334
-0.611682
-0.610376
-0.612660
-0.236894
-0.611682
-0.613315
-0.611356
-0.609403
-0.236642
-0.609403
-0.612334
-0.611682
-0.610707
-0.609403
-0.611682
-0.610052
-0.611682
-0.236517
-0.610376
-0.610376
-0.611030
-0.611030
-0.612992
-0.612334
-0.236642
-0.236894
-0.612334
-0.237398
-0.611682
-0.610376
-0.612007
-0.609724
-0.611682
-0.612992
-0.611356
-0.610707
-0.611030
-0.610376
-0.611356
-0.611356
-0.612660
-0.611356
-0.610052
-0.612007
-0.610707
-0.610376
-0.610052
-0.611030
-0.610052
-0.611682
-0.612007
-0.611030
-0.610707
-0.610707
-0.611030
-0.612007
-0.609403
-0.612007
-0.612992
-0.609724
-0.612334
-0.610707
-0.611682
-0.611356
-0.612334
-0.236767
-0.611356
-0.237152
-0.611356
-0.612660
-0.611356
-0.611030
-0.236767
-0.236642
-0.611682
-0.611030
-0.610376
-0.612334
-0.236390
-0.610376
-0.611682
-0.610707
-0.611030
-0.609724
-0.610376
-0.609403
-0.610707
-0.610376
-0.611356
-0.609074
-0.609724
-0.610376
-0.610707
-0.611682
-0.236642
-0.236390
-0.610052
-0.612992
-0.611356
-0.237019
-0.610707
-0.609074
-0.611030
-0.612007
-0.611030
-0.611356
-0.236642
-0.610052
-0.612334
-0.610376
-0.609724
-0.610052
-0.611682
-0.612007
-0.611356
-0.237152
-0.611030
-0.610376
-0.611682
-0.612334
-0.611030
-0.608751
-0.236390
-0.611030
-0.610376
-0.611356
-0.610052
-0.611030
-0.612334
-0.945269
-0.610707
-0.610376
-0.236137
-0.610052
-0.612660
-0.610707
-0.236767
-0.610376
-0.610052
-0.611030
-0.236266
-0.611356
-0.611030
-0.611030
-0.610707
-0.611030
-0.610707
-0.611030
-0.610052
-0.611682
-0.610376
-0.612007
-0.612660
-0.611356
-0.610707
-0.611030
-0.610707
-0.237019
-0.611356
-0.612660
-0.611356
-0.612660
-0.612007
-0.611356
-0.610376
-0.609403
-0.609403
-0.611356
-0.612007
-0.611030
-0.611356
-0.610052
-0.610376
-0.612007
-0.611682
-0.611356
-0.612007
-0.611356
-0.612007
-0.610707
-0.236390
-0.571847
-0.611682
-0.236390
-0.611682
-0.612334
-0.236767
-0.609074
-0.610376
-0.612007
-0.237275
-0.235882
-0.611356
-0.612007
-0.612660
-0.610052
-0.611030
-0.610707
-0.611030
-0.610707
-0.613315
-0.610376
-0.610707
-0.612007
-0.610052
-0.610707
-0.612992
-0.236390
-0.609403
-0.610052
-0.612007
-0.609724
-0.609724
-0.610052
-0.610707
-0.612007
-0.611356
-0.236642
-0.236517
-0.609724
-0.612007
-0.611356
-0.612334
-0.611682
-0.611682
-0.611682
-0.612007
-0.611030
-0.612660
-0.609724
-0.611682
-0.610707
-0.610707
-0.611356
-0.611682
-0.237522
-0.610707
-0.612007
-0.609403
-0.610707
-0.611356
-0.236642
-0.236517
-0.609074
-0.610707
-0.609403
-0.611030
-0.610707
-0.612007
-0.236642
-0.611356
-0.609403
-0.612334
-0.611682
-0.236390
-0.610052
-0.610376
-0.610052
-0.610376
-0.611356
-0.612992
-0.236767
-0.612007
-0.236137
-0.611356
-0.612007
-0.611682
-0.610052
-0.609074
-0.611356
-0.611030
-0.612334
-0.611030
-0.612007
-0.611356
-0.612007
-0.612007
-0.237275
-0.612007
-0.611682
-0.610052
-0.610707
-0.611356
-0.612992
-0.611356
-0.612334
-0.236517
-0.611356
-0.612334
-0.611030
-0.610707
-0.611030
-0.610052
-0.610052
-0.610052
-0.610376
-0.612007
-0.236390
-0.611682
-0.612007
-0.612007
-0.610052
-0.612007
-0.610376
-0.610707
-0.610052
-0.611030
-0.610707
-0.609403
-0.609724
-0.611030
-0.611356
-0.611356
-0.611030
-0.611030
-0.611030
-0.612660
-0.610707
-0.610052
-0.612007
-0.610052
-0.611356
-0.610052
-0.612992
-0.610707
-0.236266
-0.611682
-0.612007
-0.610376
-0.612007
-0.610376
-0.611030
-0.610376
-0.611682
-0.612007
-0.611030
-0.609724
-0.612334
-0.610376
-0.612334
-0.236767
-0.612007
-0.236642
-0.612007
-0.612007
-0.237152
-0.611356
-0.237398
-0.609724
-0.236642
-0.610052
-0.611030
-0.610052
-0.612334
-0.612007
-0.612334
-0.611030
-0.237019
-0.610052
-0.610707
-0.611030
-0.236517
-0.611030
-0.611030
-0.612007
-0.610707
-0.611682
-0.612007
-0.944766
-0.612660
-0.610707
-0.610376
-0.610376
-0.236767
-0.237774
-0.612992
-0.611682
-0.609724
-0.611682
-0.609403
-0.610376
-0.610376
-0.612334
-0.610376
-0.612007
-0.609403
-0.613315
-0.610376
-0.610052
-0.236894
-0.611030
-0.612007
-0.610376
-0.612007
-0.612007
-0.610707
-0.611356
-0.612334
-0.611030
-0.609724
-0.610376
-0.611030
-0.612334
-0.611030
-0.236011
-0.236390
-0.611682
-0.610376
-0.609074
-0.610376
-0.236517
-0.611356
-0.236642
-0.611356
-0.611356
-0.236642
-0.611030
-0.611356
-0.610707
-0.612660
-0.236266
-0.610052
-0.236894
-0.612007
-0.612334
-0.611356
-0.237019
-0.612007
-0.611030
-0.236767
-0.236517
-0.236390
-0.611682
-0.611682
-0.944766
-0.611356
-0.611356
-0.236517
-0.611356
-0.237019
-0.611030
-0.237019
-0.609403
-0.613315
-0.610707
-0.609403
-0.609074
-0.610707
-0.611682
-0.608427
-0.236517
-0.610707
-0.611356
-0.610707
-0.611682
-0.610376
-0.612334
-0.610707
-0.610707
-0.611356
-0.610376
-0.610707
-0.610052
-0.611682
-0.237019
-0.611682
-0.611356
-0.612660
-0.609724
-0.610376
-0.612007
-0.611356
-0.610376
-0.611356
-0.613315
-0.610707
-0.611356
-0.610707
-0.611030
-0.611682
-0.611030
-0.609074
-0.610376
-0.236767
-0.610376
-0.611356
-0.236642
-0.611030
-0.236517
-0.611030
-0.609724
-0.236642
-0.946276
-0.611356
-0.611682
-0.611030
-0.611356
-0.612992
-0.612660
-0.611682
-0.610052
-0.612334
-0.235882
-0.611682
-0.610052
-0.610376
-0.612007
-0.610376
-0.610707
-0.612334
-0.611356
-0.612992
-0.609403
-0.611356
-0.610707
-0.610052
-0.610376
-0.611030
-0.613315
-0.611356
-0.612334
-0.608751
-0.236894
-0.610052
-0.611682
-0.611356
-0.611030
-0.610376
-0.612007
-0.237019
-0.236642
-0.610707
-0.610052
-0.610052
-0.607767
-0.236390
-0.237275
-0.611682
-0.612660
-0.610707
-0.236642
-0.609724
-0.612992
-0.612007
-0.611356
-0.610376
-0.609403
-0.612334
-0.236894
-0.611682
-0.236642
-0.612334
-0.612007
-0.236137
-0.610707
-0.611030
-0.611356
-0.610376
-0.609724
-0.612334
-0.611356
-0.945269
-0.612007
-0.611030
-0.611030
-0.610052
-0.610052
-0.610052
-0.612660
-0.611356
-0.611030
-0.609403
-0.571236
-0.613638
-0.236390
-0.610376
-0.609403
-0.612007
-0.611356
-0.611682
-0.612334
-0.610707
-0.609074
-0.610376
-0.610707
-0.611356
-0.610052
-0.613315
-0.609074
-0.611030
-0.237398
-0.611030
-0.609724
-0.609403
-0.610707
-0.611356
-0.609724
-0.611030
-0.611356
-0.610707
-0.611356
-0.610376
-0.610376
-0.237019
-0.609074
-0.610052
-0.612007
-0.610707
-0.610707
-0.610376
-0.610707
-0.609724
-0.611356
-0.612007
-0.611030
-0.610052
-0.611682
-0.611030
-0.236642
-0.612992
-0.609724
-0.611030
-0.612334
-0.610707
-0.609724
-0.611356
-0.611356
-0.611030
-0.236642
-0.610052
-0.610376
-0.609403
-0.612007
-0.611356
-0.612334
-0.611030
-0.236517
-0.611356
-0.236266
-0.610052
-0.609724
-0.236266
-0.237019
-0.610376
-0.612007
-0.611682
-0.611030
-0.612334
-0.611356
-0.609403
-0.611356
-0.237019
-0.611682
-0.610052
-0.611030
-0.610376
-0.237152
-0.610376
-0.612007
-0.610376
-0.610707
-0.611356
-0.236642
-0.611356
-0.236767
-0.236767
-0.610707
-0.611030
-0.610376
-0.609074
-0.610707
-0.609403
-0.607444
-0.610707
-0.611030
-0.611356
-0.610707
-0.610376
-0.610376
-0.608094
-0.611030
-0.610707
-0.611030
-0.611356
-0.610376
-0.611356
-0.610707
-0.611682
-0.236767
-0.612334
-0.611682
-0.611682
-0.611682
-0.610376
-0.236517
-0.612007
-0.237152
-0.610376
-0.612007
-0.236390
-0.236894
-0.612007
-0.609403
-0.610707
-0.612334
-0.611356
-0.611356
-0.610376
-0.236517
-0.611356
-0.611356
-0.610707
-0.611030
-0.612992
-0.610052
-0.610376
-0.236642
-0.611356
-0.610376
-0.611030
-0.611356
-0.610707
-0.613315
-0.610376
-0.614291
-0.612007
-0.608751
-0.570934
-0.610376
-0.611030
-0.610376
-0.612334
-0.609724
-0.611682
-0.611030
-0.611030
-0.612007
-0.611356
-0.611030
-0.613315
-0.612007
-0.612660
-0.571847
-0.237152
-0.236517
-0.611356
-0.611356
-0.611030
-0.612334
-0.611030
-0.610376
-0.611356
-0.610707
-0.610707
-0.612660
-0.608751
-0.611030
-0.611356
-0.610707
-0.611356
-0.612007
-0.236390
-0.236266
-0.612007
-0.236894
-0.611030
-0.612007
-0.611356
-0.612007
-0.611682
-0.611030
-0.611030
-0.610376
-0.611356
-0.611030
-0.610707
-0.612007
-0.608751
-0.609724
-0.612334
-0.611030
-0.609724
-0.611356
-0.612660
-0.237152
-0.236642
-0.612334
-0.610376
-0.613638
-0.611682
-0.610376
-0.611356
-0.610052
-0.612007
-0.612007
-0.610707
-0.611682
-0.610707
-0.236517
-0.612007
-0.610707
-0.611356
-0.612007
-0.237275
-0.612007
-0.236642
-0.945774
-0.611030
-0.611030
-0.611030
-0.611356
-0.610707
-0.611030
-0.611682
-0.610707
-0.611030
-0.610707
-0.610707
-0.236894
-0.612007
-0.611356
-0.612007
-0.611356
-0.610376
-0.611682
-0.610376
-0.611356
-0.611682
-0.610376
-0.611356
-0.610052
-0.610707
-0.610052
-0.611356
-0.609724
-0.609403
-0.609724
-0.609724
-0.612007
-0.946781
-0.611030
-0.612334
-0.611356
-0.611030
-0.611030
-0.610052
-0.236390
-0.611682
-0.611682
-0.611030
-0.611356
-0.610707
-0.612334
-0.611682
-0.609724
-0.612007
-0.609403
-0.236642
-0.611682
-0.610052
-0.609724
-0.611356
-0.612992
-0.610052
-0.610052
-0.611030
-0.610707
-0.612334
-0.611030
-0.237019
-0.612334
-0.611356
-0.611356
-0.236642
-0.612660
-0.611682
-0.236642
-0.236894
-0.611682
-0.610052
-0.611356
-0.610376
-0.611682
-0.611030
-0.612334
-0.610707
-0.610376
-0.611030
-0.612660
-0.611682
-0.610052
-0.610707
-0.610052
-0.236767
-0.610707
-0.609724
-0.610707
-0.609724
-0.237019
-0.236642
-0.611030
-0.612007
-0.236011
-0.610376
-0.611682
-0.611356
-0.611682
-0.610707
-0.610707
-0.611356
-0.610052
-0.611356
-0.612660
-0.612334
-0.236642
-0.610376
-0.612334
-0.609724
-0.610052
-0.611356
-0.237275
-0.236767
-0.236517
-0.236642
-0.611682
-0.611356
-0.611030
-0.609724
-0.612992
-0.610707
-0.611356
-0.612334
-0.611356
-0.611356
-0.611356
-0.611356
-0.609724
-0.611030
-0.610707
-0.609724
-0.611030
-0.612007
-0.611682
-0.611356
-0.612007
-0.608751
-0.610376
-0.612007
-0.610707
-0.611030
-0.612334
-0.237152
-0.611356
-0.609403
-0.610707
-0.236642
-0.611682
-0.611682
-0.237019
-0.612007
-0.612660
-0.610376
-0.236767
-0.609724
-0.611030
-0.611030
-0.611356
-0.609724
-0.610052
-0.612007
-0.236894
-0.613315
-0.610707
-0.612007
-0.610376
-0.611030
-0.612007
-0.610052
-0.236390
-0.610376
-0.610052
-0.610052
-0.611682
-0.610052
-0.612007
-0.236390
-0.610376
-0.611030
-0.610052
-0.612334
-0.611356
-0.236894
-0.612007
-0.612007
-0.611356
-0.236266
-0.611682
-0.611030
-0.609403
-0.611356
-0.611356
-0.612007
-0.611030
-0.612334
-0.610376
-0.611682
-0.612007
-0.236894
-0.612660
-0.611682
-0.611682
-0.610376
-0.612334
-0.610707
-0.609724
-0.611356
-0.611356
-0.610376
-0.610707
-0.611682
-0.612992
-0.236642
-0.611682
-0.612334
-0.610376
-0.611682
-0.612007
-0.609724
-0.609724
-0.237275
-0.611356
-0.610376
-0.611356
-0.610707
-0.612007
-0.611030
-0.609724
-0.610376
-0.611356
-0.610376
-0.610376
-0.611356
-0.610052
-0.610707
-0.611030
-0.610376
-0.611030
-0.611356
-0.610052
-0.612007
-0.610707
-0.611682
-0.237019
-0.611682
-0.236767
-0.610052
-0.610376
-0.610376
-0.237152
-0.611030
-0.611356
-0.237019
-0.612334
-0.610052
-0.611356
-0.609724
-0.609403
-0.610052
-0.609403
-0.610707
-0.610707
-0.611682
-0.236517
-0.611356
-0.236894
-0.611356
-0.612007
-0.236390
-0.611030
-0.612007
-0.611682
-0.612334
-0.612334
-0.610052
-0.609724
-0.612334
-0.611030
-0.611356
-0.610376
-0.612334
-0.610707
-0.609074
-0.236642
-0.611356
-0.610707
-0.610376
-0.612334
-0.236266
-0.610376
-0.610707
-0.609724
-0.236517
-0.611682
-0.610707
-0.237398
-0.610052
-0.612660
-0.610376
-0.612007
-0.612007
-0.236894
-0.610376
-0.610707
-0.236767
-0.611682
-0.611030
-0.611030
-0.611682
-0.610707
-0.610052
-0.610376
-0.237152
-0.611356
-0.611030
-0.236642
-0.612334
-0.610376
-0.610707
-0.611682
-0.612334
-0.610707
-0.610052
-0.612992
-0.610707
-0.611356
-0.610707
-0.609724
-0.611356
-0.236390
-0.611682
-0.612007
-0.611682
-0.611682
-0.611356
-0.612992
-0.611030
-0.611030
-0.236767
-0.610707
-0.611356
-0.611030
-0.612007
-0.236517
-0.610707
-0.236390
-0.943249
-0.610707
-0.236767
-0.236137
-0.611682
-0.612334
-0.611682
-0.611030
-0.610376
-0.612007
-0.610052
-0.609724
-0.610707
-0.236137
-0.236894
-0.612334
-0.610052
-0.610376
-0.613315
-0.612007
-0.610707
-0.610376
-0.612334
-0.611030
-0.612334
-0.612334
-0.611356
-0.610052
-0.237019
-0.611356
-0.611030
-0.611682
-0.612007
-0.237019
-0.612007
-0.609724
-0.611030
-0.610376
-0.610707
-0.612992
-0.236390
-0.610376
-0.611030
-0.609403
-0.610376
-0.237019
-0.612992
-0.611356
-0.609403
-0.612660
-0.611030
-0.610052
-0.612007
-0.611682
-0.611030
-0.236642
-0.610707
-0.611030
-0.609724
-0.612007
-0.611356
-0.610052
-0.612007
-0.611682
-0.236390
-0.611356
-0.611682
-0.612007
-0.610707
-0.611356
-0.237019
-0.611682
-0.612007
-0.611356
-0.611356
-0.611030
-0.611030
-0.236767
-0.611030
-0.611030
-0.609724
-0.611682
-0.236894
-0.610376
-0.612992
-0.612334
-0.611030
-0.237275
-0.611356
-0.611356
-0.610707
-0.236767
-0.610376
-0.610707
-0.610707
-0.612007
-0.612334
-0.609403
-0.611356
-0.610707
-0.236011
-0.612007
-0.612660
-0.237019
-0.610707
-0.610707
-0.611682
-0.610052
-0.610707
-0.611356
-0.612007
-0.612334
-0.236517
-0.610376
-0.611030
-0.611682
-0.612334
-0.608427
-0.610376
-0.611356
-0.611030
-0.610707
-0.610707
-0.236894
-0.610052
-0.611682
-0.611682
-0.236266
-0.611356
-0.611356
-0.612007
-0.611356
-0.610376
-0.612992
-0.611356
-0.236266
-0.610052
-0.610707
-0.611356
-0.923209
-0.610707
-0.609403
-0.610707
-0.612660
-0.612660
-0.612007
-0.611682
-0.612992
-0.611356
-0.609403
-0.611682
-0.611356
-0.611030
-0.611030
-0.610376
-0.610376
-0.612334
-0.612007
-0.611682
-0.610052
-0.612992
-0.236011
-0.610376
-0.612334
-0.610376
-0.610707
-0.611030
-0.236767
-0.612007
-0.610376
-0.237019
-0.612660
-0.611030
-0.611356
-0.611682
-0.610376
-0.610707
-0.236767
-0.611356
-0.612992
-0.612334
-0.612007
-0.236894
-0.610376
-0.610376
-0.610052
-0.611356
-0.610376
-0.611682
-0.611030
-0.237019
-0.611682
-0.610052
-0.609724
-0.611682
-0.610707
-0.946781
-0.611682
-0.610707
-0.612007
-0.609403
-0.611356
-0.609724
-0.612334
-0.611682
-0.611030
-0.611682
-0.612992
-0.611356
-0.610376
-0.611030
-0.236894
-0.611030
-0.611682
-0.610052
-0.611356
-0.611356
-0.609724
-0.237152
-0.610376
-0.610707
-0.236642
-0.609724
-0.612660
-0.610707
-0.612007
-0.612334
-0.611682
-0.611030
-0.612660
-0.237152
-0.611682
-0.610376
-0.611356
-0.611356
-0.610707
-0.610707
-0.613315
-0.611682
-0.612007
-0.610376
-0.608094
-0.610707
-0.611356
-0.610376
-0.612992
-0.236894
-0.611356
-0.611356
-0.612660
-0.611682
-0.612660
-0.612992
-0.236642
-0.611356
-0.612007
-0.611682
-0.237152
-0.609074
-0.612334
-0.611356
-0.611682
-0.610376
-0.608751
-0.610707
-0.236767
-0.612992
-0.612334
-0.611030
-0.610707
-0.611030
-0.610376
-0.611030
-0.611356
-0.237275
-0.610376
-0.236390
-0.611356
-0.236894
-0.609403
-0.613638
-0.612007
-0.613315
-0.237019
-0.611030
-0.610376
-0.236767
-0.611030
-0.236767
-0.611682
-0.611030
-0.611030
-0.611030
-0.612334
-0.611356
-0.612334
-0.609724
-0.610707
-0.611682
-0.611030
-0.610052
-0.611356
-0.611356
-0.611030
-0.610052
-0.610052
-0.610376
-0.612334
-0.612334
-0.236767
-0.612992
-0.611030
-0.610707
-0.610707
-0.611030
-0.612007
-0.237152
-0.611030
-0.610707
-0.236266
-0.236894
-0.611030
-0.610707
-0.611030
-0.612007
-0.611682
-0.611356
-0.610376
-0.611356
-0.236517
-0.237019
-0.236894
-0.610707
-0.610052
-0.611030
-0.610376
-0.612007
-0.610052
-0.610052
-0.612334
-0.610052
-0.612007
-0.611356
-0.609724
-0.612334
-0.612007
-0.609724
-0.610376
-0.236517
-0.611030
-0.611356
-0.236137
-0.610376
-0.612007
-0.610052
-0.610707
-0.611682
-0.610707
-0.611030
-0.611682
-0.612334
-0.610052
-0.612334
-0.610707
-0.610707
-0.611682
-0.610707
-0.611030
-0.236517
-0.611682
-0.611030
-0.610707
-0.610052
-0.610707
-0.610707
-0.612007
-0.610052
-0.609724
-0.610052
-0.612992
-0.609403
-0.571236
-0.611356
-0.611030
-0.611682
-0.610052
-0.612334
-0.236767
-0.236390
-0.609403
-0.236767
-0.236266
-0.610376
-0.611356
-0.611030
-0.610376
-0.610052
-0.610707
-0.610376
-0.611030
-0.609724
-0.611030
-0.611682
-0.612992
-0.611356
-0.611682
-0.610052
-0.612334
-0.236011
-0.609074
-0.609403
-0.612007
-0.236767
-0.608427
-0.610376
-0.610376
-0.611356
-0.611030
-0.610052
-0.236390
-0.611030
-0.610376
-0.610707
-0.610707
-0.609403
-0.611030
-0.612007
-0.611030
-0.611030
-0.610707
-0.609403
-0.236642
-0.610707
-0.609403
-0.610376
-0.612007
-0.235882
-0.612334
-0.236767
-0.610376
-0.237019
-0.610376
-0.611682
-0.612007
-0.611030
-0.612334
-0.613638
-0.611356
-0.613638
-0.609724
-0.610052
-0.610052
-0.610376
-0.610707
-0.610052
-0.611030
-0.612334
-0.611030
-0.237398
-0.612334
-0.610052
-0.611356
-0.611030
-0.570630
-0.611682
-0.611356
-0.236390
-0.610707
-0.612007
-0.236390
-0.611356
-0.611030
-0.236894
-0.610707
-0.613315
-0.612660
-0.235882
-0.610707
-0.236266
-0.613315
-0.236517
-0.236642
-0.611356
-0.611356
-0.236642
-0.610707
-0.236894
-0.610707
-0.611682
-0.611356
-0.612660
-0.610376
-0.609724
-0.610707
-0.237019
-0.611356
-0.612007
-0.610376
-0.612007
-0.611356
-0.613638
-0.237019
-0.610052
-0.611682
-0.611682
-0.236390
-0.609724
-0.611030
-0.610052
-0.611356
-0.236390
-0.236011
-0.610052
-0.610052
-0.237019
-0.236894
-0.612007
-0.612007
-0.611356
-0.611030
-0.609074
-0.611030
-0.612660
-0.611356
-0.610707
-0.610707
-0.236266
-0.612660
-0.611030
-0.610707
-0.612660
-0.612007
-0.611682
-0.610707
-0.611356
-0.236642
-0.610376
-0.236137
-0.236894
-0.612660
-0.610376
-0.612992
-0.236767
-0.609403
-0.610707
-0.610376
-0.610376
-0.612007
-0.610707
-0.236767
-0.611356
-0.611682
-0.236642
-0.611356
-0.609724
-0.610707
-0.612007
-0.611356
-0.236137
-0.612007
-0.612334
-0.610376
-0.611030
-0.612660
-0.236894
-0.236767
-0.610052
-0.609403
-0.610707
-0.611030
-0.236767
-0.611030
-0.611356
-0.612992
-0.609403
-0.611030
-0.611030
-0.610052
-0.611030
-0.612334
-0.610707
-0.236642
-0.610707
-0.613315
-0.610707
-0.610707
-0.610052
-0.613315
-0.610376
-0.236266
-0.610376
-0.236642
-0.611030
-0.611356
-0.236894
-0.611030
-0.612334
-0.612007
-0.610376
-0.611682
-0.612992
-0.610707
-0.612992
-0.611030
-0.612007
-0.612007
-0.610707
-0.611682
-0.611682
-0.611356
-0.612660
-0.608094
-0.611682
-0.612660
-0.608751
-0.612660
-0.611030
-0.237152
-0.236266
-0.610052
-0.610707
-0.612660
-0.610376
-0.610376
-0.236767
-0.609074
-0.609074
-0.611682
-0.609403
-0.610707
-0.610052
-0.610376
-0.612334
-0.610052
-0.236767
-0.611682
-0.237152
-0.609403
-0.610707
-0.611682
-0.611356
-0.237019
-0.610376
-0.609724
-0.612992
-0.612007
-0.610376
-0.611356
-0.236642
-0.611682
-0.236767
-0.609724
-0.608751
-0.609724
-0.237019
-0.236390
-0.612007
-0.609724
-0.610376
-0.236767
-0.612007
-0.611682
-0.611356
-0.610707
-0.610707
-0.609724
-0.610376
-0.236642
-0.612334
-0.611682
-0.611356
-0.237019
-0.610707
-0.237152
-0.236767
-0.610707
-0.612992
-0.609403
-0.611356
-0.611356
-0.610052
-0.611682
-0.611030
-0.611356
-0.610376
-0.237019
-0.612007
-0.611030
-0.609724
-0.612660
-0.611356
-0.610376
-0.610707
-0.236011
-0.611356
-0.612334
-0.611682
-0.611356
-0.611356
-0.610376
-0.611030
-0.611030
-0.609074
-0.611356
-0.611356
-0.610052
-0.237398
-0.611682
-0.610707
-0.611356
-0.612334
-0.609074
-0.611030
-0.611030
-0.612334
-0.611356
-0.612660
-0.611682
-0.236390
-0.611356
-0.610376
-0.236137
-0.236011
-0.612007
-0.612660
-0.611682
-0.610052
-0.236390
-0.611356
-0.610052
-0.611682
-0.612660
-0.610707
-0.610707
-0.610707
-0.609403
-0.611356
-0.608751
-0.611356
-0.611030
-0.612007
-0.611356
-0.236767
-0.611682
-0.611030
-0.612334
-0.610707
-0.570630
-0.611030
-0.610376
-0.611356
-0.611356
-0.237019
-0.236266
-0.236894
-0.611356
-0.611682
-0.612007
-0.612660
-0.610707
-0.236642
-0.609724
-0.612334
-0.610376
-0.611356
-0.610052
-0.609403
-0.609403
-0.612007
-0.236642
-0.235882
-0.611356
-0.611356
-0.610052
-0.611356
-0.612007
-0.611682
-0.611030
-0.609724
-0.612992
-0.611682
-0.609403
-0.609724
-0.611682
-0.610707
-0.610707
-0.612660
-0.612007
-0.611356
-0.612660
-0.612007
-0.236390
-0.612007
-0.610376
-0.611682
-0.611030
-0.609403
-0.610376
-0.610376
-0.236894
-0.609403
-0.611356
-0.611682
-0.610707
-0.236266
-0.612007
-0.611356
-0.236767
-0.610707
-0.236767
-0.609724
-0.610707
-0.610376
-0.236894
-0.611356
-0.236390
-0.611356
-0.236266
-0.236517
-0.611682
-0.236894
-0.612007
-0.612334
-0.611682
-0.612660
-0.611356
-0.611030
-0.921244
-0.611356
-0.611030
-0.612660
-0.610707
-0.609724
-0.236517
-0.237019
-0.237019
-0.236642
-0.611356
-0.611356
-0.609074
-0.610707
-0.612334
-0.610376
-0.612992
-0.236642
-0.609724
-0.611682
-0.610376
-0.611356
-0.610707
-0.612334
-0.612007
-0.609074
-0.611682
-0.611682
-0.611682
-0.609403
-0.236390
-0.237275
-0.609074
-0.237398
-0.611030
-0.610052
-0.612334
-0.237019
-0.612007
-0.612660
-0.609724
-0.611682
-0.610707
-0.612334
-0.611030
-0.611682
-0.609724
-0.612007
-0.236767
-0.611356
-0.610052
-0.610376
-0.610376
-0.611030
-0.611682
-0.611356
-0.611356
-0.611356
-0.611682
-0.609074
-0.610052
-0.610052
-0.237019
-0.611356
-0.611356
-0.611030
-0.236767
-0.610707
-0.612660
-0.610052
-0.237398
-0.611356
-0.610707
-0.610376
-0.611356
-0.610052
-0.611682
-0.610052
-0.611356
-0.611682
-0.611682
-0.611030
-0.236767
-0.609724
-0.611356
-0.235633
-0.611356
-0.611030
-0.611682
-0.236517
-0.611682
-0.610376
-0.611682
-0.612007
-0.612992
-0.611356
-0.610052
-0.236767
-0.609724
-0.611356
-0.611682
-0.609074
-0.611030
-0.610376
-0.612992
-0.611682
-0.611030
-0.611030
-0.611030
-0.611682
-0.610052
-0.611356
-0.610052
-0.612334
-0.609724
-0.611030
-0.612660
-0.610707
-0.611682
-0.236894
-0.611356
-0.610376
-0.610707
-0.236767
-0.611030
-0.612007
-0.611682
-0.610376
-0.612007
-0.611030
-0.612007
-0.612660
-0.611682
-0.612007
-0.612007
-0.612334
-0.612334
-0.236390
-0.611356
-0.611356
-0.610707
-0.612334
-0.609724
-0.610376
-0.610707
-0.611356
-0.611030
-0.611356
-0.611682
-0.610376
-0.612660
-0.609724
-0.610052
-0.611356
-0.612334
-0.613315
-0.611682
-0.611356
-0.611682
-0.611356
-0.236894
-0.612007
-0.611356
-0.611682
-0.611030
-0.609403
-0.610376
-0.610052
-0.612334
-0.610707
-0.611682
-0.610052
-0.610707
-0.237398
-0.236642
-0.236642
-0.611030
-0.236517
-0.610376
-0.237275
-0.612334
-0.610052
-0.609403
-0.610707
-0.612334
-0.611030
-0.610376
-0.236517
-0.611030
-0.611356
-0.611682
-0.611030
-0.610707
-0.610376
-0.610707
-0.612334
-0.237152
-0.611030
-0.237019
-0.607767
-0.612660
-0.611356
-0.612992
-0.611356
-0.609724
-0.612007
-0.611682
-0.610052
-0.609724
-0.611030
-0.236642
-0.611030
-0.611682
-0.610376
-0.611682
-0.610052
-0.610707
-0.612007
-0.610376
-0.610376
-0.612334
-0.611030
-0.610376
-0.610376
-0.611356
-0.612007
-0.610707
-0.611030
-0.611030
-0.611356
-0.610707
-0.610707
-0.610052
-0.612334
-0.612992
-0.610707
-0.612007
-0.612007
-0.237398
-0.236894
-0.612007
-0.236517
-0.609724
-0.236266
-0.237398
-0.609724
-0.609724
-0.611030
-0.611682
-0.611356
-0.611030
-0.611030
-0.609403
-0.610376
-0.611682
-0.611682
-0.236894
-0.612660
-0.611030
-0.611682
-0.612660
-0.610707
-0.610707
-0.236767
-0.612334
-0.609724
-0.610707
-0.611356
-0.611030
-0.610052
-0.612007
-0.237152
-0.610376
-0.236767
-0.611682
-0.610707
-0.610376
-0.609724
-0.611356
-0.236642
-0.612660
-0.236266
-0.612660
-0.610052
-0.610707
-0.236767
-0.610052
-0.237398
-0.610707
-0.610052
-0.609403
-0.612334
-0.610376
-0.612007
-0.611682
-0.236517
-0.611356
-0.611356
-0.611356
-0.236390
-0.611682
-0.611682
-0.236894
-0.236894
-0.612007
-0.611356
-0.612007
-0.612007
-0.609724
-0.611682
-0.611030
-0.611030
-0.611356
-0.610707
-0.611682
-0.610376
-0.611682
-0.611030
-0.236767
-0.610376
-0.610376
-0.611682
-0.611030
-0.236517
-0.610707
-0.610707
-0.612007
-0.943249
-0.611682
-0.610376
-0.611356
-0.236266
-0.610707
-0.611030
-0.237650
-0.610052
-0.612660
-0.610707
-0.236767
-0.612007
-0.610052
-0.611030
-0.237275
-0.611030
-0.237152
-0.610376
-0.611030
-0.611356
-0.236642
-0.611030
-0.613638
-0.612334
-0.611030
-0.611030
-0.612007
-0.610707
-0.610707
-0.614291
-0.236767
-0.236517
-0.612334
-0.611356
-0.612660
-0.612660
-0.609724
-0.236390
-0.236390
-0.610707
-0.609403
-0.612007
-0.611356
-0.611356
-0.612007
-0.611030
-0.610052
-0.612007
-0.612660
-0.611356
-0.611030
-0.237019
-0.236894
-0.611356
-0.236390
-0.610707
-0.611682
-0.609403
-0.613315
-0.236642
-0.612007
-0.610707
-0.610707
-0.236390
-0.611030
-0.611030
-0.236266
-0.609724
-0.610376
-0.236390
-0.610376
-0.611682
-0.945269
-0.611682
-0.942242
-0.610052
-0.610707
-0.610707
-0.611682
-0.611682
-0.610707
-0.610707
-0.612007
-0.610376
-0.612334
-0.610052
-0.612334
-0.611030
-0.611356
-0.611356
-0.612007
-0.610376
-0.612660
-0.611030
-0.612007
-0.612007
-0.612007
-0.236517
-0.612334
-0.612007
-0.610707
-0.612007
-0.612007
-0.611356
-0.610052
-0.611030
-0.612007
-0.611682
-0.609724
-0.612007
-0.609403
-0.611682
-0.609403
-0.611030
-0.611356
-0.611030
-0.610707
-0.610707
-0.612007
-0.613315
-0.612992
-0.611356
-0.612660
-0.611356
-0.611030
-0.610052
-0.611030
-0.236517
-0.611356
-0.611682
-0.611682
-0.610707
-0.611030
-0.610376
-0.611030
-0.609403
-0.611356
-0.611682
-0.610707
-0.611030
-0.609074
-0.612992
-0.236767
-0.236894
-0.612334
-0.609724
-0.612660
-0.612007
-0.610052
-0.612992
-0.610376
-0.611030
-0.237019
-0.610707
-0.609403
-0.611356
-0.610707
-0.609724
-0.610707
-0.611030
-0.611030
-0.610376
-0.611682
-0.609403
-0.611682
-0.611682
-0.237019
-0.610376
-0.610707
-0.613315
-0.610376
-0.611356
-0.609074
-0.610707
-0.612334
-0.611356
-0.610376
-0.611682
-0.611682
-0.611682
-0.611682
-0.611682
-0.236767
-0.611682
-0.612007
-0.236517
-0.611356
-0.611682
-0.611356
-0.612007
-0.611356
-0.610376
-0.611030
-0.611356
-0.612334
-0.236767
-0.236642
-0.611356
-0.609403
-0.610052
-0.610052
-0.610052
-0.236767
-0.237275
-0.609403
-0.237152
-0.612660
-0.609724
-0.237152
-0.612660
-0.611030
-0.611356
-0.611030
-0.236894
-0.610052
-0.237275
-0.610707
-0.612007
-0.612992
-0.610707
-0.610707
-0.611682
-0.610707
-0.237152
-0.610707
-0.236266
-0.610376
-0.237275
-0.608751
-0.612334
-0.610707
-0.612992
-0.612007
-0.611356
-0.611356
-0.611356
-0.610376
-0.611682
-0.610052
-0.611356
-0.611682
-0.236266
-0.610376
-0.610052
-0.236517
-0.612334
-0.610707
-0.609403
-0.610707
-0.609074
-0.610707
-0.611682
-0.612660
-0.236011
-0.236517
-0.611030
-0.237275
-0.611030
-0.608751
-0.611356
-0.611682
-0.237398
-0.610707
-0.236390
-0.611356
-0.610376
-0.610376
-0.610376
-0.611030
-0.611682
-0.610707
-0.611030
-0.611356
-0.611356
-0.613960
-0.236137
-0.610052
-0.611356
-0.611030
-0.609403
-0.611030
-0.610376
-0.612007
-0.608751
-0.611030
-0.236390
-0.611030
-0.922226
-0.610707
-0.611030
-0.237019
-0.611356
-0.612660
-0.610376
-0.610376
-0.612660
-0.236517
-0.611030
-0.236894
-0.612334
-0.612007
-0.611030
-0.237019
-0.611682
-0.609074
-0.612334
-0.610707
-0.610376
-0.611030
-0.237398
-0.610707
-0.611356
-0.612660
-0.611682
-0.237275
-0.236767
-0.611356
-0.237019
-0.236390
-0.611682
-0.236894
-0.611356
-0.611356
-0.236517
-0.610707
-0.611030
-0.611682
-0.611030
-0.612007
-0.237152
-0.610052
-0.611030
-0.611030
-0.610707
-0.612334
-0.612007
-0.611682
-0.609724
-0.611682
-0.611356
-0.236642
-0.236767
-0.612992
-0.610376
-0.610376
-0.236517
-0.611356
-0.610707
-0.236894
-0.611030
-0.610707
-0.611030
-0.612007
-0.610707
-0.237019
-0.236894
-0.609724
-0.610052
-0.610707
-0.612334
-0.610707
-0.612007
-0.237019
-0.611682
-0.610376
-0.610376
-0.236894
-0.611682
-0.611030
-0.236390
-0.611356
-0.612334
-0.612007
-0.611030
-0.612334
-0.236642
-0.611356
-0.610376
-0.611356
-0.612334
-0.610707
-0.609403
-0.609724
-0.611682
-0.612007
-0.612007
-0.611356
-0.609724
-0.612334
-0.612007
-0.612992
-0.613315
-0.613960
-0.237398
-0.236390
-0.612007
-0.610707
-0.611682
-0.612660
-0.611030
-0.610707
-0.236642
-0.611356
-0.611030
-0.612992
-0.612007
-0.611030
-0.611030
-0.611682
-0.612992
-0.609724
-0.612334
-0.611682
-0.610707
-0.944766
-0.611356
-0.612992
-0.611030
-0.610052
-0.236517
-0.237275
-0.611356
-0.611682
-0.612334
-0.236517
-0.610376
-0.609724
-0.609074
-0.236517
-0.610707
-0.612007
-0.611682
-0.236767
-0.236266
-0.612334
-0.612660
-0.611356
-0.237650
-0.611030
-0.611030
-0.611356
-0.612007
-0.610376
-0.611356
-0.611356
-0.611030
-0.612334
-0.610707
-0.610707
-0.922716
-0.611030
-0.611030
-0.611682
-0.611030
-0.612660
-0.236266
-0.236894
-0.612334
-0.611030
-0.612007
-0.611030
-0.236894
-0.612007
-0.610376
-0.611682
-0.611030
-0.610052
-0.236266
-0.611682
-0.612007
-0.609403
-0.610707
-0.611682
-0.609724
-0.236390
-0.236767
-0.610707
-0.611682
-0.612007
-0.236517
-0.236642
-0.610707
-0.570325
-0.611030
-0.610052
-0.236266
-0.610707
-0.609403
-0.611030
-0.609403
-0.610052
-0.611682
-0.611030
-0.609403
-0.610707
-0.612007
-0.237019
-0.237019
-0.236517
-0.611356
-0.609724
-0.611030
-0.612660
-0.612334
-0.612007
-0.612334
-0.236642
-0.610707
-0.610707
-0.609724
-0.609724
-0.612007
-0.235882
-0.611682
-0.612334
-1.295196
-0.236767
-0.613315
-0.611356
-0.611682
-0.237152
-0.236642
-0.236642
-0.611356
-0.236390
-0.610707
-0.611030
-0.611682
-0.610052
-0.609724
-0.610707
-0.611030
-0.609724
-0.610707
-0.237152
-0.610376
-0.610376
-0.236642
-0.610707
-0.236266
-0.611356
-0.610376
-0.236767
-0.612007
-0.611682
-0.611030
-0.611356
-0.612007
-0.610376
-0.610376
-0.610376
-0.612334
-0.610707
-0.611030
-0.610707
-0.611682
-0.236894
-0.610376
-0.612007
-0.611030
-0.611030
-0.612007
-0.611356
-0.611682
-0.610707
-0.614612
-0.613638
-0.610376
-0.611356
-0.609074
-0.611030
-0.609724
-0.611356
-0.612660
-0.611030
-0.612007
-0.612334
-0.610052
-0.612007
-0.236517
-0.612334
-0.236517
-0.236642
-0.611682
-0.610707
-0.611682
-0.610707
-0.611030
-0.611356
-0.612007
-0.611682
-0.610707
-0.611030
-0.612007
-0.611030
-0.610052
-0.612007
-0.610707
-0.612334
-0.610052
-0.612992
-0.610707
-0.610052
-0.611356
-0.236642
-0.611356
-0.609724
-0.611030
-0.236894
-0.611356
-0.237275
-0.612992
-0.611356
-0.611030
-0.611356
-0.612334
-0.610376
-0.609724
-0.611030
-0.611030
-0.612992
-0.612334
-0.610707
-0.608094
-0.611682
-0.611682
-0.611030
-0.612334
-0.611682
-0.236517
-0.610376
-0.612334
-0.237275
-0.610376
-0.236642
-0.612334
-0.610707
-0.610376
-0.612992
-0.611356
-0.610052
-0.236642
-0.611030
-0.610376
-0.611030
-0.612007
-0.609724
-0.611682
-0.612007
-0.611682
-0.612992
-0.236517
-0.611356
-0.611682
-0.611356
-0.611030
-0.609724
-0.612334
-0.609724
-0.610376
-0.570630
-0.612334
-0.613315
-0.610052
-0.610707
-0.237152
-0.236517
-0.611030
-0.611030
-0.236894
-0.612334
-0.609074
-0.612992
-0.611030
-0.612334
-0.611682
-0.611356
-0.236894
-0.610707
-0.611356
-0.236767
-0.612334
-0.236767
-0.611030
-0.610052
-0.612334
-0.236894
-0.610052
-0.236642
-0.611682
-0.611356
-0.611356
-0.611682
-0.612334
-0.611030
-0.611030
-0.611030
-0.610707
-0.610052
-0.611030
-0.609724
-0.611030
-0.610052
-0.612007
-0.236517
-0.611030
-0.237152
-0.236767
-0.611030
-0.236767
-0.236642
-0.610376
-0.237152
-0.236390
-0.612660
-0.611356
-0.611030
-0.611682
-0.236767
-0.611356
-0.612007
-0.236517
-0.611030
-0.611682
-0.613315
-0.609724
-0.610376
-0.611030
-0.612334
-0.611356
-0.608751
-0.610707
-0.610707
-0.236137
-0.611030
-0.610376
-0.612007
-0.610376
-0.611030
-0.612660
-0.237019
-0.611682
-0.609724
-0.611682
-0.610052
-0.611030
-0.612334
-0.236266
-0.612660
-0.611682
-0.236137
-0.611356
-0.611356
-0.611030
-0.609724
-0.611030
-0.611030
-0.610707
-0.236266
-0.236517
-0.610707
-0.612007
-0.612007
-0.610052
-0.611356
-0.611030
-0.612334
-0.609403
-0.611030
-0.611682
-0.611682
-0.236266
-0.611682
-0.610052
-0.611356
-0.612992
-0.610376
-0.612007
-0.612007
-0.611356
-0.611356
-0.611030
-0.611682
-0.610052
-0.611356
-0.611030
-0.611682
-0.611356
-0.612007
-0.610707
-0.610707
-0.609724
-0.236517
-0.611356
-0.610376
-0.611030
-0.610707
-0.610376
-0.236642
-0.611030
-0.610707
-0.610707
-0.611030
-0.610052
-0.611356
-0.612007
-0.611682
-0.611030
-0.609403
-0.611356
-0.612660
-0.610376
-0.611356
-0.610707
-0.611030
-0.612007
-0.610707
-0.610052
-0.611030
-0.611030
-0.610707
-0.611356
-0.610052
-0.610707
-0.237152
-0.611030
-0.611682
-0.611682
-0.610376
-0.612992
-0.612007
-0.610376
-0.611356
-0.611356
-0.613315
-0.611682
-0.236517
-0.610707
-0.611682
-0.612334
-0.612007
-0.612007
-0.612334
-0.611356
-0.609724
-0.612992
-0.236390
-0.610707
-0.236894
-0.612007
-0.611356
-0.236011
-0.609724
-0.611030
-0.612660
-0.611030
-0.236266
-0.613638
-0.611682
-0.611030
-0.610707
-0.237275
-0.612007
-0.610707
-0.236642
-0.610376
-0.612007
-0.611356
-0.611682
-0.613315
-0.611682
-0.237019
-0.612660
-0.611030
-0.236767
-0.612007
-0.236894
-0.610376
-0.610707
-0.611356
-0.612660
-0.611682
-0.237019
-0.611356
-0.611030
-0.236894
-0.612660
-0.236642
-0.611030
-0.609724
-0.611030
-0.609724
-0.611682
-0.611356
-0.610052
-0.610052
-0.611030
-0.611356
-0.612007
-0.610052
-0.611356
-0.610707
-0.609724
-0.610376
-0.611356
-0.570934
-0.236517
-0.610707
-0.610376
-0.236517
-0.611030
-0.611682
-0.237275
-0.611356
-0.237275
-0.610376
-0.611356
-0.236517
-0.611030
-0.612334
-0.612334
-0.611030
-0.611356
-0.236137
-0.236390
-0.611356
-0.236266
-0.608751
-0.610376
-0.612007
-0.609724
-0.611356
-0.610707
-0.611682
-0.610052
-0.236767
-0.612007
-0.611682
-0.610707
-0.236767
-0.613315
-0.611682
-0.612334
-0.611030
-0.236517
-0.610707
-0.612334
-0.610376
-0.236767
-0.610052
-0.610052
-0.237019
-0.611682
-0.610376
-0.237019
-0.611682
-0.236137
-0.612660
-0.610376
-0.611030
-0.612007
-0.612007
-0.611356
-0.610376
-0.612334
-0.611030
-0.612334
-0.236266
-0.610376
-0.609403
-0.612334
-0.611030
-0.611356
-0.611356
-0.610052
-0.611682
-0.612007
-0.611682
-0.611682
-0.237152
-0.610052
-0.612007
-0.609403
-0.611682
-0.610707
-0.609724
-0.611682
-0.613315
-0.612660
-0.611030
-0.611682
-0.611682
-0.236266
-0.611356
-0.611356
-0.610707
-0.236894
-0.611682
-0.612660
-0.611356
-0.609724
-0.610052
-0.611356
-0.610376
-0.236266
-0.611356
-0.612007
-0.611356
-0.611356
-0.610376
-0.612007
-0.612992
-0.611356
-0.609724
-0.612007
-0.609724
-0.612660
-0.611682
-0.612992
-0.610052
-0.610707
-0.611356
-0.610376
-0.612007
-0.237398
-0.610707
-0.611030
-0.610707
-0.612007
-0.610052
-0.612007
-0.611030
-0.612007
-0.611356
-0.610707
-0.236266
-0.611356
-0.612992
-0.610707
-0.610376
-0.611356
-0.609403
-0.612334
-0.236517
-0.611030
-0.611356
-0.612007
-0.236517
-0.608751
-0.612007
-0.611356
-0.610376
-0.611356
-0.611030
-0.610052
-0.609724
-0.611356
-0.611356
-0.609724
-0.236390
-0.611356
-0.612007
-0.237019
-0.611682
-0.612334
-0.611356
-0.612007
-0.610707
-0.610376
-0.611356
-0.611682
-0.612007
-0.609724
-0.610376
-0.610707
-0.611356
-0.611030
-0.609724
-0.610707
-0.611356
-0.611356
-0.611682
-0.610707
-0.612334
-0.610052
-0.611682
-0.613315
-0.611682
-0.236767
-0.610376
-0.612660
-0.613315
-0.611030
-0.611682
-0.236642
-0.236894
-0.610707
-0.609403
-0.611030
-0.611682
-0.611682
-0.611682
-0.610376
-0.611682
-0.611030
-0.612007
-0.611030
-0.612007
-0.236642
-0.611030
-0.236642
-0.612007
-0.611356
-0.236390
-0.610052
-0.611356
-0.611356
-0.611682
-0.612007
-0.612660
-0.611030
-0.611682
-0.611682
-0.236894
-0.611030
-0.611682
-0.236894
-0.611682
-0.610376
-0.236894
-0.612334
-0.612334
-0.237019
-0.609724
-0.612660
-0.612334
-0.611682
-0.610376
-0.236767
-0.611356
-0.236894
-0.612007
-0.612334
-0.610707
-0.611682
-0.609724
-0.610052
-0.610707
-0.609724
-0.610376
-0.610376
-0.236517
-0.611682
-0.611682
-0.237275
-0.611030
-0.610707
-0.610707
-0.236642
-0.612007
-0.613638
-0.610052
-0.236767
-0.237019
-0.613315
-0.610052
-0.612992
-0.612334
-0.236894
-0.610376
-0.237152
-0.611682
-0.236894
-0.611030
-0.611682
-0.610376
-0.612992
-0.237152
-0.611030
-0.611682
-0.612334
-0.610707
-0.612007
-0.612660
-0.612007
-0.610052
-0.611030
-0.611682
-0.610707
-0.611030
-0.237152
-0.610376
-0.609724
-0.611030
-0.612007
-0.610707
-0.609074
-0.610376
-0.610052
-0.611030
-0.609403
-0.610052
-0.611356
-0.611356
-0.611030
-0.611356
-0.610376
-0.611356
-0.610707
-0.612334
-0.613315
-0.610052
-0.609724
-0.610052
-0.236642
-0.611682
-0.610707
-0.611682
-0.613638
-0.611682
-0.611682
-0.612007
-0.611030
-0.612334
-0.236894
-0.608751
-0.610052
-0.610707
-0.611682
-0.236642
-0.611682
-0.611682
-0.609724
-0.612660
-0.611682
-0.611030
-0.611356
-0.610707
-0.611030
-0.611030
-0.610376
-0.237522
-0.610707
-0.611356
-0.611682
-0.612660
-0.610052
-0.612660
-0.611030
-0.611030
-0.612334
-0.610376
-0.611682
-0.611030
-0.611682
-0.612334
-0.610707
-0.611356
-0.610376
-0.612007
-0.237019
-0.611356
-0.611682
-0.611030
-0.609074
-0.237019
-0.948302
-0.612660
-0.610376
-0.611356
-0.609403
-0.611356
-0.610376
-0.610376
-0.610376
-0.610376
-0.612992
-0.236266
-0.611030
-0.611030
-0.236894
-0.610376
-0.611682
-0.610052
-0.610376
-0.237152
-0.236390
-0.612334
-0.611682
-0.611030
-0.236767
-0.237275
-0.610707
-0.611030
-0.610707
-0.571541
-0.611030
-0.611030
-0.610376
-0.611682
-0.610052
-0.236894
-0.611682
-0.611030
-0.611030
-0.611030
-0.610707
-0.612334
-0.236894
-0.611682
-0.612007
-0.610376
-0.610052
-0.236767
-0.610707
-0.610376
-0.611030
-0.611030
-0.612334
-0.611030
-0.611030
-0.611356
-0.236266
-0.610707
-0.612007
-0.612007
-0.612334
-0.609724
-0.611030
-0.610707
-0.609403
-0.236642
-0.610707
-0.612007
-0.612007
-0.611356
-0.612334
-0.610376
-0.609724
-0.610707
-0.943249
-0.612334
-0.611682
-0.608427
-0.609403
-0.610707
-0.236767
-0.610376
-0.611356
-0.611682
-0.611030
-0.610707
-0.610052
-0.236894
-0.610707
-0.611030
-0.610052
-0.612007
-0.237019
-0.610052
-0.612007
-0.612007
-0.611682
-0.609403
-0.612007
-0.610707
-0.610376
-0.236137
-0.609403
-0.610052
-0.610052
-0.611682
-0.611030
-0.610707
-0.609724
-0.611682
-0.610376
-0.611682
-0.609403
-0.610052
-0.612660
-0.610376
-0.612334
-0.611682
-0.611030
-0.611030
-0.610052
-0.612007
-0.236011
-0.610707
-0.610707
-0.611682
-0.610376
-0.236011
-0.610707
-0.610052
-0.610376
-0.611030
-0.607444
-0.611356
-0.610707
-0.610052
-0.609403
-0.611682
-0.923209
-0.611356
-0.236517
-0.610707
-0.613638
-0.611030
-0.610707
-0.236390
-0.236894
-0.612007
-0.611682
-0.612660
-0.236642
-0.609724
-0.609724
-0.610707
-0.611356
-0.612007
-0.610052
-0.611682
-0.609724
-0.612007
-0.611356
-0.612007
-0.610707
-0.612334
-0.611356
-0.236390
-0.612992
-0.236137
-0.612334
-0.236767
-0.611682
-0.610707
-0.609403
-0.612992
-0.611030
-0.611682
-0.611030
-0.611030
-0.610707
-0.611356
-0.611356
-0.611356
-0.611030
-0.610707
-0.611682
-0.610707
-0.237019
-0.612007
-0.612992
-0.610052
-0.611356
-0.236517
-0.612007
-0.612007
-0.923209
-0.612334
-0.610707
-0.612007
-0.611356
-0.610707
-0.611030
-0.610376
-0.610376
-0.611030
-0.611356
-0.610707
-0.612992
-0.610376
-0.237275
-0.612334
-0.610052
-0.611030
-0.612334
-0.610376
-0.610707
-0.611030
-0.611356
-0.612007
-0.609724
-0.236894
-0.612334
-0.611682
-0.236266
-0.611356
-0.611030
-0.610707
-0.236642
-0.610376
-0.610707
-0.611682
-0.612660
-0.609403
-0.611356
-0.613638
-0.611030
-0.610707
-0.610707
-0.611682
-0.236767
-0.236011
-0.611356
-0.612007
-0.611682
-0.610376
-0.610707
-0.611356
-0.236894
-0.612007
-0.612660
-0.612334
-0.610052
-0.611682
-0.236266
-0.612007
-0.612660
-0.608094
-0.611356
-0.612334
-0.612660
-0.610052
-0.609724
-0.235882
-0.610707
-0.611356
-0.610376
-0.611682
-0.609403
-0.609724
-0.610376
-0.611682
-0.612007
-0.610052
-0.610707
-0.611356
-0.610707
-0.611682
-0.611356
-0.237152
-0.610707
-0.610052
-0.611356
-0.611356
-0.612334
-0.610707
-0.610052
-0.609403
-0.610707
-0.611030
-0.611030
-0.612007
-0.611682
-0.612334
-0.609724
-0.611356
-0.236767
-0.923209
-0.610707
-0.611030
-0.236642
-0.609074
-0.611356
-0.612660
-0.611356
-0.612007
-0.611682
-0.610707
-0.612334
-0.571847
-0.571236
-0.236767
-0.611030
-0.611356
-0.609724
-0.611356
-0.612660
-0.609403
-0.609403
-0.611356
-0.236642
-0.611356
-0.612334
-0.237019
-0.611682
-0.610052
-0.609403
-0.611682
-0.237019
-0.945774
-0.612660
-0.610707
-0.610707
-0.612007
-0.610052
-0.612007
-0.611030
-0.611030
-0.609403
-0.612007
-0.610707
-0.612007
-0.611030
-0.609724
-0.611030
-0.611356
-0.611682
-0.610707
-0.611356
-0.612660
-0.611682
-0.611030
-0.610707
-0.612334
-0.611682
-0.611030
-0.611356
-0.612334
-0.610707
-0.611682
-0.611682
-0.236767
-0.611682
-0.610707
-0.611030
-0.609724
-0.610376
-0.612007
-0.236517
-0.609403
-0.237398
-0.610052
-0.610052
-0.611030
-0.611682
-0.611682
-0.611030
-0.612007
-0.612334
-0.610376
-0.611682
-0.610707
-0.924201
-0.236517
-0.610707
-0.236767
-0.612334
-0.236390
-0.611356
-0.611030
-0.612007
-0.611356
-0.610052
-0.236011
-0.610707
-0.610707
-0.610707
-0.609403
-0.610376
-0.612007
-0.609403
-0.610052
-0.611030
-0.611356
-0.612660
-0.612007
-0.236767
-0.611030
-0.612007
-0.611682
-0.611356
-0.610707
-0.611356
-0.609724
-0.611356
-0.611356
-0.611030
-0.611682
-0.236767
-0.237152
-0.610707
-0.611030
-0.236767
-0.612660
-0.612334
-0.610052
-0.609724
-0.611030
-0.237522
-0.237522
-0.610376
-0.610707
-0.610376
-0.610707
-0.611682
-0.611356
-0.610052
-0.610707
-0.611030
-0.612007
-0.610376
-0.611682
-0.611030
-0.611030
-0.610376
-0.611356
-0.236266
-0.237019
-0.612992
-0.610376
-0.610376
-0.609403
-0.611356
-0.611356
-0.944259
-0.236894
-0.611356
-0.610707
-0.611356
-0.237152
-0.611030
-0.610376
-0.610052
-0.612007
-0.611356
-0.611356
-0.612334
-0.612334
-0.611682
-0.611356
-0.236642
-0.610376
-0.611356
-0.611356
-0.611682
-0.612334
-0.611682
-0.611682
-0.236767
-0.236642
-0.610376
-0.237275
-0.611356
-0.236011
-0.237019
-0.236266
-0.610052
-0.611356
-0.611682
-0.612660
-0.237019
-0.611030
-0.610052
-0.610707
-0.609074
-0.611682
-0.571236
-0.236266
-0.611030
-0.611030
-0.611030
-0.611356
-0.611030
-0.611030
-0.611356
-0.612007
-0.609724
-0.610707
-0.612007
-0.610707
-0.237152
-0.610052
-0.611682
-0.609724
-0.611030
-0.572150
-0.611682
-0.611356
-0.610707
-0.611682
-0.612007
-0.612007
-0.613638
-0.610707
-0.237398
-0.611682
-0.611030
-0.611030
-0.611682
-0.570630
-0.609403
-0.611682
-0.611030
-0.611682
-0.612334
-0.611682
-0.612334
-0.611356
-0.612334
-0.610052
-0.236390
-0.611356
-0.610376
-0.610707
-0.611682
-0.610376
-0.611682
-0.236390
-0.610376
-0.612007
-0.611356
-0.612007
-0.611356
-0.610376
-0.610707
-0.612334
-0.610376
-0.610707
-0.610052
-0.612334
-0.612992
-0.610376
-0.609724
-0.610376
-0.612660
-0.612334
-0.612007
-0.611356
-0.610376
-0.611682
-0.612660
-0.610376
-0.610376
-0.612334
-0.612007
-0.610376
-0.611030
-0.609724
-0.236137
-0.612334
-0.610376
-0.610052
-0.611030
-0.611682
-0.611030
-0.609403
-0.610052
-0.236894
-0.610052
-0.611356
-0.612007
-0.610707
-0.610707
-0.610376
-0.611682
-0.236767
-0.610052
-0.612007
-0.236642
-0.236894
-0.612007
-0.611030
-0.610707
-0.611030
-0.611682
-0.610707
-0.610707
-0.612992
-0.612334
-0.611030
-0.609724
-0.612334
-0.610376
-0.611030
-0.610707
-0.612334
-0.612007
-0.611030
-0.611356
-0.611356
-0.612334
-0.236517
-0.610707
-0.611682
-0.611356
-0.612007
-0.236642
-0.611682
-0.611356
-0.609724
-0.612334
-0.612007
-0.609074
-0.611030
-0.609074
-0.610052
-0.610052
-0.611030
-0.611030
-0.609074
-0.610707
-0.236767
-0.611356
-0.611356
-0.612007
-0.609074
-0.610376
-0.611030
-0.611682
-0.611030
-0.236517
-0.608751
-0.612992
-0.611030
-0.610052
-0.609724
-0.610052
-0.612992
-0.236894
-0.610707
-0.610376
-0.236642
-0.611356
-0.611030
-0.611356
-0.611356
-0.613315
-0.611030
-0.610376
-0.609724
-0.236642
-0.611682
-0.611356
-0.611356
-0.236517
-0.610052
-0.612007
-0.237019
-0.611030
-0.612334
-0.612007
-0.611030
-0.612334
-0.610707
-0.611030
-0.946781
-0.611682
-0.610707
-0.612992
-0.236517
-0.611682
-0.612992
-0.610707
-0.609724
-0.612007
-0.611030
-0.612007
-0.610707
-0.612334
-0.610052
-0.612660
-0.611356
-0.611356
-0.237398
-0.612007
-0.611356
-0.236137
-0.236767
-0.610707
-0.611356
-0.611682
-0.611030
-0.610052
-0.612334
-0.609074
-0.611682
-0.610052
-0.609403
-0.612334
-0.610707
-0.610052
-0.611030
-0.611030
-0.612334
-0.611030
-0.612007
-0.611356
-0.612007
-0.612007
-0.610052
-0.612007
-0.610052
-0.237152
-0.236894
-0.609724
-0.237152
-0.611356
-0.611030
-0.611682
-0.608751
-0.612334
-0.612992
-0.612007
-0.610707
-0.611682
-0.236390
-0.610376
-0.611356
-0.612660
-0.610707
-0.612334
-0.610052
-0.612007
-0.612007
-0.611356
-0.611030
-0.611030
-0.611356
-0.612334
-0.237152
-0.610376
-0.610707
-0.611356
-0.613315
-0.612992
-0.610376
-0.612334
-0.611030
-0.610707
-0.612007
-0.609724
-0.610376
-0.610376
-0.237398
-0.611356
-0.610376
-0.611682
-0.612334
-0.612660
-0.611356
-0.612334
-0.610707
-0.609403
-0.610376
-0.612660
-0.612334
-0.611356
-0.612007
-0.613315
-0.611030
-0.236266
-0.611356
-0.610052
-0.236390
-0.610376
-0.610707
-0.237019
-0.610707
-0.610376
-0.236642
-0.612334
-0.236517
-0.610707
-0.611356
-0.236767
-0.609074
-0.611682
-0.611356
-0.611030
-0.611030
-0.610707
-0.612992
-0.610707
-0.612334
-0.611682
-0.610376
-0.237019
-0.609724
-0.612660
-0.610052
-0.611030
-0.612992
-0.611030
-0.612992
-0.611030
-0.611030
-0.611356
-0.610376
-0.611682
-0.611030
-0.611356
-0.609724
-0.610707
-1.294498
-0.237019
-0.609403
-0.612334
-0.236137
-0.236894
-0.612007
-0.611030
-0.611682
-0.611682
-0.611356
-0.611030
-0.611356
-0.612334
-0.610052
-0.610052
-0.612007
-0.236517
-0.236390
-0.611682
-0.611030
-0.611682
-0.612007
-0.611356
-0.611356
-0.610707
-0.611682
-0.611356
-0.236767
-0.611356
-0.236517
-0.236517
-0.612334
-0.236390
-0.611356
-0.612992
-0.611682
-0.610707
-0.237019
-0.610707
-0.612007
-0.610052
-0.236266
-0.610707
-0.611356
-0.611356
-0.612007
-0.610052
-0.612007
-0.610707
-0.611682
-0.610707
-0.237019
-0.236894
-0.609724
-0.236390
-0.236137
-0.611356
-0.236390
-0.236517
-0.611356
-0.237019
-0.612007
-0.237152
-0.611682
-0.610707
-0.610052
-0.610052
-0.612992
-0.610707
-0.610376
-0.611030
-0.610052
-0.611682
-0.611682
-0.611030
-0.611356
-0.611030
-0.611682
-0.236266
-0.237019
-0.611356
-0.609724
-0.611682
-0.945774
-0.612007
-0.236011
-0.236137
-0.611030
-0.611356
-0.236517
-0.612334
-0.236517
-0.610376
-0.609724
-0.612334
-0.612334
-0.944766
-0.610707
-0.612334
-0.610376
-0.610376
-0.612992
-0.610052
-0.610376
-0.611682
-0.611682
-0.610376
-0.611356
-0.610376
-0.610707
-0.611356
-0.612334
-0.613315
-0.610052
-0.612007
-0.612334
-0.610376
-0.236517
-0.611682
-0.236266
-0.610707
-0.237019
-0.610376
-0.236767
-0.611356
-0.612007
-0.611356
-0.611030
-0.612334
-0.236390
-0.610707
-0.611682
-0.611030
-0.611030
-0.612007
-0.610376
-0.946276
-0.611030
-0.612660
-0.612007
-0.610052
-0.612660
-0.611356
-0.611682
-0.611030
-0.610052
-0.612007
-0.944766
-0.610052
-0.236517
-0.611030
-0.237019
-0.611030
-0.611356
-0.612992
-0.236767
-0.236894
-0.611030
-0.611030
-0.237019
-0.237019
-0.237152
-0.237019
-0.612334
-0.610707
-0.236266
-0.611682
-0.611682
-0.608751
-0.611356
-0.611356
-0.610376
-0.610376
-0.612334
-0.236642
-0.610052
-0.235882
-0.608427
-0.611682
-0.608751
-0.236517
-0.611356
-0.237019
-0.610052
-0.609724
-0.612007
-0.611030
-0.236894
-0.237019
-0.609074
-0.610376
-0.610376
-0.611356
-0.610707
-0.610052
-0.236894
-0.611030
-0.609724
-0.236642
-0.236517
-0.611356
-0.609724
-0.609403
-0.611030
-0.236517
-0.611682
-0.611356
-0.612334
-0.611030
-0.236642
-0.609724
-0.610376
-0.236642
-0.609724
-0.611682
-0.236642
-0.236517
-0.611030
-0.612334
-0.612007
-0.607767
-0.611356
-0.611030
-0.611356
-0.611030
-0.610376
-0.610707
-0.611682
-0.611682
-0.609074
-0.611356
-0.610707
-0.236767
-0.612007
-0.612334
-0.609724
-0.610376
-0.611682
-0.611682
-0.610052
-0.612007
-0.612334
-0.611030
-0.611682
-0.610376
-0.611030
-0.236266
-0.610376
-0.611356
-0.611356
-0.612334
-0.236894
-0.610376
-0.612007
-0.610052
-0.612334
-0.610376
-0.612007
-0.611030
-0.610376
-0.610052
-0.612992
-0.610376
-0.610052
-0.611682
-0.610707
-0.611682
-0.609403
-0.610376
-0.612007
-0.610376
-0.611682
-0.610707
-0.610376
-0.610707
-0.611682
-0.611356
-0.611682
-0.612007
-0.612334
-0.609724
-0.611356
-0.611030
-0.612007
-0.611030
-0.236266
-0.612334
-0.611682
-0.611356
-0.610376
-0.611030
-0.610052
-0.611356
-0.612334
-0.611356
-0.613315
-0.611682
-0.611030
-0.236642
-0.236266
-0.611356
-0.236390
-0.236011
-0.610376
-0.612334
-0.612007
-0.609724
-0.611356
-0.610376
-0.608427
-0.610707
-0.610707
-0.611030
-0.612007
-0.612660
-0.611030
-0.611356
-0.612007
-0.611356
-0.237019
-0.237152
-0.611356
-0.611682
-0.235882
-0.610707
-0.610376
-0.236642
-0.611030
-0.611356
-0.611682
-0.236390
-0.236894
-0.611682
-0.236767
-0.611030
-0.611356
-0.611030
-0.610376
-0.236767
-0.612660
-0.610707
-0.612992
-0.612007
-0.610707
-0.611030
-0.610376
-0.611030
-0.611356
-0.611030
-0.610376
-0.609724
-0.611030
-0.610707
-0.610707
-0.611030
-0.609724
-0.612334
-0.611356
-0.609724
-0.612334
-0.609724
-0.610052
-0.610707
-0.236266
-0.609403
-0.612007
-0.611356
-0.611356
-0.611030
-0.611030
-0.612007
-0.612334
-0.609403
-0.611682
-0.611030
-0.612334
-0.610707
-0.611682
-0.611356
-0.612334
-0.611030
-0.611682
-0.612992
-0.237275
-0.236767
-0.237398
-0.611682
-0.612007
-0.612992
-0.612660
-0.610707
-0.611030
-0.609724
-0.611356
-0.236767
-0.611356
-0.237275
-0.611030
-0.612334
-0.612660
-0.610707
-0.612992
-0.610707
-0.611682
-0.610052
-0.610376
-0.609724
-0.611682
-0.610376
-0.612334
-0.612992
-0.612660
-0.610707
-0.611682
-0.610376
-0.611682
-0.610052
-0.611682
-0.236266
-0.612660
-0.611030
-0.612007
-0.608094
-0.611682
-0.612007
-0.609724
-0.610707
-0.610052
-0.612334
-0.610052
-0.610376
-0.611356
-0.610707
-0.610707
-0.611682
-0.611356
-0.611356
-0.610707
-0.611030
-0.612660
-0.612660
-0.610707
-0.612334
-0.236517
-0.612007
-0.609724
-0.610707
-0.610707
-0.612334
-0.612992
-0.612007
-0.612992
-0.611356
-0.611030
-0.610052
-0.612334
-0.611682
-0.236517
-0.610052
-0.611356
-0.610376
-0.236266
-0.610376
-0.611030
-0.609403
-0.609074
-0.609074
-0.609724
-0.611030
-0.611356
-0.610707
-0.609724
-0.236390
-0.610707
-0.611356
-0.609403
-0.610707
-0.611682
-0.610052
-0.611030
-0.610376
-0.611682
-0.611682
-0.236894
-0.612334
-0.236642
-0.236642
-0.611356
-0.610376
-0.611030
-0.611682
-0.610707
-0.612660
-0.610707
-0.610052
-0.237019
-0.610707
-0.611682
-0.612334
-0.236894
-0.610376
-0.236767
-0.611682
-0.610707
-0.612660
-0.612334
-0.611682
-0.612334
-0.236767
-0.609403
-0.609724
-0.610052
-0.614291
-0.612660
-0.610052
-0.611356
-0.609724
-0.611682
-0.611682
-0.612007
-0.236390
-0.236266
-0.611682
-0.610052
-0.611682
-0.236137
-0.609724
-0.612660
-0.608094
-0.612007
-0.236390
-0.611356
-0.612334
-0.612007
-0.611356
-0.611356
-0.610052
-0.236390
-0.611356
-0.611356
-0.611356
-0.611356
-0.611356
-0.610052
-0.611682
-0.609403
-0.612334
-0.612660
-0.610052
-0.610376
-0.610707
-0.612007
-0.610052
-0.611356
-0.612334
-0.610707
-0.610707
-0.610707
-0.611356
-0.611356
-0.610052
-0.611682
-0.236517
-0.611682
-0.612992
-0.612334
-0.236266
-0.611682
-0.612992
-0.612334
-0.611356
-0.611030
-0.236894
-0.612992
-0.611682
-0.612007
-0.612334
-0.611356
-0.610376
-0.612334
-0.610707
-0.611682
-0.610707
-0.613315
-0.611682
-0.611030
-0.609724
-0.236390
-0.236767
-0.612660
-0.612007
-0.611682
-0.609724
-0.610376
-0.612007
-0.609074
-0.611030
-0.611682
-0.610707
-0.921244
-0.611356
-0.611356
-0.611356
-0.609724
-0.611356
-0.609403
-0.610707
-0.611356
-0.612007
-0.608751
-0.609724
-0.236390
-0.611356
-0.610376
-0.237275
-0.236642
-0.611030
-0.610376
-0.611356
-0.609724
-0.611356
-0.236642
-0.610707
-0.611682
-0.920260
-0.944259
-0.611356
-0.611682
-0.611030
-0.611682
-0.610376
-0.609403
-0.237152
-0.610707
-0.610376
-0.612007
-0.612007
-0.237019
-0.610052
-0.612334
-0.611682
-0.612007
-0.611356
-0.610707
-0.611030
-0.609724
-0.610376
-0.609403
-0.946276
-0.611682
-0.612660
-0.610707
-0.612660
-0.611030
-0.611030
-0.611356
-0.612660
-0.612334
-0.611356
-0.236390
-0.610707
-0.612007
-0.611682
-0.610707
-0.237774
-0.612007
-0.236894
-0.610052
-0.613960
-0.611356
-0.237275
-0.608751
-0.611356
-0.611356
-0.612334
-0.611356
-0.612007
-0.610376
-0.610707
-0.611030
-0.611356
-0.611682
-0.236894
-0.611030
-0.611682
-0.610707
-0.919769
-0.236517
-0.610707
-0.612007
-0.236517
-0.612334
-0.610376
-0.612007
-0.610707
-0.611682
-0.611682
-0.610376
-0.612007
-0.610707
-0.611356
-0.943249
-0.611682
-0.236517
-0.611356
-0.611356
-0.610052
-0.610052
-0.609074
-0.610707
-0.611030
-0.944259
-0.236517
-0.610376
-0.612334
-0.610707
-0.237019
-0.610707
-0.237019
-0.609724
-0.610707
-0.610376
-0.236894
-0.610376
-0.612007
-0.613638
-0.610052
-0.612334
-0.612992
-0.611682
-0.610376
-0.610707
-0.612007
-0.611030
-0.611030
-0.610707
-0.612007
-0.611356
-0.611682
-0.612334
-0.612007
-0.610376
-0.611682
-0.609724
-0.612334
-0.610707
-0.611030
-0.236894
-0.610707
-0.610707
-0.611030
-0.611356
-0.610052
-0.611030
-0.609403
-0.236266
-0.612992
-0.946276
-0.611682
-0.612007
-0.609403
-0.612334
-0.609074
-0.611682
-0.610707
-0.612660
-0.611030
-0.610052
-0.611030
-0.611682
-0.610707
-0.612660
-0.609074
-0.611682
-0.611356
-0.610052
-0.236767
-0.612007
-0.612660
-0.237019
-0.609724
-0.612992
-0.236767
-0.609724
-0.612660
-0.609724
-0.612007
-0.236642
-0.611682
-0.611356
-0.611682
-0.610376
-0.610707
-0.610052
-0.613315
-0.611682
-0.612007
-0.610052
-0.612007
-0.612007
-0.611356
-0.236517
-0.611356
-0.611356
-0.611356
-0.610707
-0.236894
-0.610707
-0.608751
-0.612007
-0.611682
-0.611356
-0.613315
-0.612334
-0.612007
-0.612334
-0.611682
-0.611356
-0.610707
-0.611356
-0.237152
-0.611356
-0.610376
-0.611030
-0.611030
-0.611356
-0.610707
-0.612334
-0.610052
-0.610376
-0.613960
-0.610052
-0.611356
-0.612334
-0.610376
-0.610707
-0.610052
-0.236767
-0.609074
-0.612660
-0.237152
-0.611030
-0.611356
-0.611682
-0.612007
-0.612334
-0.611356
-0.236767
-0.609403
-0.611030
-0.610052
-0.608751
-0.237019
-0.610376
-0.237019
-0.236517
-0.612992
-0.610707
-0.611356
-0.236767
-0.612007
-0.610707
-0.610707
-0.612334
-0.609724
-0.612334
-0.609403
-0.944766
-0.610707
-0.611030
-0.612007
-0.611030
-0.611356
-0.609724
-0.610052
-0.236137
-0.236137
-0.611030
-0.610052
-0.611030
-0.609403
-0.611356
-0.611030
-0.237019
-0.612334
-0.610376
-0.236517
